feature_1,feature_2,feature_3,feature_4,feature_5,feature_6,feature_7,feature_8,feature_9,feature_10,feature_11,feature_12,feature_13,feature_14,feature_15,feature_16,feature_17,feature_18,feature_19,feature_20,feature_21,feature_22,feature_23,feature_24,feature_25,feature_26,feature_27,feature_28,feature_29,feature_30,feature_31,feature_32,feature_33,feature_34,feature_35,feature_36,feature_37,feature_38,feature_39,feature_40,feature_41,feature_42,feature_43,feature_44,feature_45,feature_46,feature_47,feature_48,feature_49,feature_50,target
0.44460727051727233,0.6275834863227618,0.19798341917396792,-1.388285710194143,-0.9561595345377443,-0.5418151263558275,0.36801753585376334,1.2215470472335608,-0.0012940787194676284,-0.15335068523309553,1.4991898208428827,1.5499988211147095,-1.0184335248338707,1.9636060501568795,-0.2523927776667139,-0.46600586437392305,0.6150499293295294,1.4272174536351776,-0.8251456735347462,0.749736203861443,1.1875185932322971,-1.2622836268594775,-1.128003694136603,1.6462158218839371,0.40815283467598135,0.3539446038806948,-0.5729727168237809,-0.4229315592780415,0.7617168041001887,-0.5273303140891744,-0.3993809482294682,0.3339138973140512,-1.5860425503930422,-0.8822770315536701,0.8796782359362704,-1.3877628994000621,-1.7509853569710796,-0.3990537901750708,0.48003563581298747,-0.039718201802334874,1.5098350258274922,-0.28720287973313835,1.5513920874279434,1.2157087416924297,-1.8856721765910813,0.1821184413626004,1.1051086397231682,-0.9099210544469117,1.096825188515065,0.895677927792616,-1.3452567135827385
0.6876535989231047,-0.24380692853919395,0.7593350300214192,-0.9940811803139522,0.34404470363294054,-0.8958759983438264,0.03944045862885792,-1.8740148596952473,-0.7069345344350509,-0.7972073978021638,-0.1324183619949575,2.1044441635499576,0.8177222430878179,1.5954076379918352,0.8574443264820998,0.4279157908414137,1.457997233116067,0.13147976070396689,0.5058894835465927,0.7157096026218972,-1.2954958243197188,-0.9686934010723768,-0.40219244835190093,0.5411182935074252,0.1325520597625917,-0.943397898619151,-1.062437034007144,-0.20184171021780392,0.8552712801662422,-0.27010903672139625,-0.1770551831943571,0.8002708899250514,-0.3094096885724832,0.309110483593639,-0.5555318422759941,-1.5078220834806568,1.4001701966386817,0.04902835933343863,-1.4480310481492737,0.7198939617597472,-0.7157707721168558,0.16397374725189223,-1.1919189169264943,0.29020798835137795,-1.1182257990950621,1.7476136193451763,1.0312386291501552,-1.6702559149091996,-0.438295586798818,-1.0893203141028083,0.3152477435966601
1.9889069909842407,0.9499848476388306,1.5949219745762404,1.762256954352629,-0.04927897390948327,-0.7276790219408336,-0.6568033718292949,-1.4094964950700364,0.6041843608796446,1.3009326394990155,-0.3682644657123341,0.711494458656744,-1.6110299674640516,-1.0588455322670134,0.2671402664734976,-0.2943002696687838,1.1685640076152095,-0.8209745732482336,-0.0012067990698151343,-0.4333955239008722,0.47635571322554243,1.254952191106298,1.7934508126104731,-0.12613904309244034,0.4381500204558957,1.029262229472886,-0.13329908079570685,-0.9563952030909441,1.421815829364755,-1.9087119586791212,-0.5642574580454246,-0.006596106892442499,-1.8384177463099258,0.5980163739499685,-1.20815377374122,-1.0049449904066976,1.272223016246345,-0.509804598270073,-1.106954533599468,0.18923943083287664,1.54415843361104,0.3941620548380662,-0.7405973512932691,-0.17234064620665396,-1.320691618431727,-1.6782141940125261,0.8724568040631872,0.15364025193335762,-0.3295584595851836,0.6996741932993372,0.7493842448341657
0.6783266571683463,1.1773597049570035,-0.6225158921336573,0.7149259951145139,-0.9713668040553141,0.44592477456529067,0.8366725166865641,1.5944686634252894,-1.445944615572335,0.9708741378639941,-1.2106237753903102,1.6152090325871833,-0.587422121652768,-0.9687188747858914,1.1270405491156044,0.7112045545530938,-0.34060015205826655,-0.6853071831986581,0.21192002631589324,-1.0814843198307846,-0.8666444984597339,1.1964598303742038,1.2846400461348928,1.2556739596472872,0.7157926548751214,-1.4764559580681498,-1.3475781624193026,-0.23467166776306453,-1.6614025916876418,0.890461180596989,-0.16423134247710353,0.6824694036962987,-0.5016806530844192,-1.5059221384179853,-0.08443667370338143,-0.8615813869153139,0.21872282665042198,0.13645215763249902,-0.7261358158767803,1.6050044159476224,1.520140700694145,1.4957844284736095,1.4421335013921228,-0.7845665425668307,0.5991457868546723,-0.9275238579758895,0.8035130635866119,-1.261116757264241,-1.0311036488405012,-0.18635330419760623,-0.8514664553008173
0.7726666312485195,0.3115022918178061,-1.0403626874817742,-0.8927262899642184,-1.9153592040444383,-0.18860713969203374,1.3036879625931252,-1.0234518886108335,0.5816128088815229,-2.4273564409507165,0.17245563952138288,-0.3354404893541861,0.31171117858634867,-1.5053531544646304,-0.24853501177440684,-1.9096065501851998,-0.686184700227984,-0.6727899701059261,0.31430793863569984,0.3491433134249722,0.6168500000029888,1.2129192110166518,-0.9253645146113477,-1.4430209486042131,-1.1269836843705934,-1.3355553543323062,-1.6133149293738873,0.7813478776401037,-1.4479400118432821,-0.6317200795051113,1.9951595248736282,0.058925600312215665,-0.3862131974530445,0.5435085512671085,-1.0206760605445455,1.4410205015816155,0.45325549568428336,-1.0593219328964658,0.3058502496233477,0.7790233360930704,0.5859004720760037,1.9342215483144911,0.6640293421216827,1.5719016984584588,-1.2283387336647165,1.0753200295915777,1.1338000146788598,1.5034100957449352,-1.1333816312294498,1.5279185735883336,-1.1697169277793078
-0.6120323704126555,0.24612305747735674,-0.29471925920361414,-0.23529309663591697,-0.965424169367582,-0.7533652480237436,0.3182463915327919,-1.6925631478329504,0.21993428751661287,-0.002114614398908546,0.721698614336398,0.8619283515263723,-0.05962755396063854,0.4385381598443985,-0.4795568356018295,-0.8620086525258043,-0.6386212690334486,-0.33036614734047953,-0.05399597402670765,-0.4216898767928383,0.8116835130407307,-0.03319838187688881,-0.09429656207589968,-1.4048939287165607,0.10401746745567525,0.09969151071678373,1.655289028867114,0.31066607151133424,-0.46696097190825503,-0.20516042605425266,-1.6371641269167494,0.5272125149740395,-0.9102302201580312,0.9511934421225744,-0.42357470065676106,-1.5421706752045026,0.42853632183672336,-0.049004278202230904,0.8091185462849594,0.5330303040138024,1.0739384425957883,0.20781307238581934,-0.780865444077165,-0.6913445294622002,-0.8670401164148294,1.1327843592346856,1.1210080320454896,-0.7229105517107619,0.3930242833371857,0.6313702992969301,-0.18052910241009637
-1.5329453408966032,-1.273528289875175,-1.9176034693438118,-0.19721999232820614,1.0869604288005006,-0.5555514583794506,1.5196635664898834,-1.0027261201194702,0.6709548015216562,1.300876379172926,-0.7627170239522667,-1.3108465528051183,-0.4256970268222172,1.7032702708623708,-0.6937684091499627,0.8343811891374381,0.06807304568775668,0.6922578114906541,-1.5566837594004355,-0.7688146128136275,1.2167189886445682,-0.6466843538429038,1.0407314926302538,-1.6236721128443663,0.02514189218160745,0.06654758458446304,-0.4045830260294977,1.0348992856056636,0.73916716169298,1.3441868868579352,0.4582180331333895,0.02994560594054954,-0.15330588495726022,0.8517506216264323,0.49435225623578766,-0.9334670963643992,1.563185084725127,1.4216826620708136,-1.0382181588658963,0.9317039997082246,1.0477077246355666,0.992413071742773,1.1936402415085725,0.48143938043052503,-1.3991732084131332,-0.7576253874231671,1.0692506491267253,-0.6794097431071335,-0.09198658319319841,0.9649069662711304,0.0495312597089167
0.03703926103686073,-0.4825018313498035,0.35930589536792257,-0.0783279875668596,0.12458620223507688,-0.8540629093705394,0.6418275126637555,1.0857200439928687,0.09932246964627417,-0.8773660095885019,-1.0016336002128685,-0.22765916571040312,0.4617464195747753,-0.20427197561019805,-0.5485450597602866,0.9570991820272335,-0.17570039407533694,-1.30206030778327,-0.5830468816973664,-0.16959790530230318,-1.159008543954827,0.6541304926876189,-1.0309045280643891,1.6230152734742826,-1.5740062698515982,0.1621667057631756,0.5751466686842566,0.968124235016677,0.34693846099633135,1.3211114074420802,1.692836490450172,-1.3473508254962976,-0.8179799060935766,-0.904996987705571,-0.008462197492215606,0.0916837520645762,1.8851136283295973,-0.9997114833872769,1.9367457805888795,-0.2998087164007253,1.6352020636932654,-0.4588246288367113,-1.7479508207917824,0.6881151646934858,0.3504077735399091,-0.27737372878169675,-1.4078285996307627,-1.11287096254441,0.06244211411686104,1.4183451782941758,0.9232593268143653
1.7045787808442854,1.1511710779632722,-0.029318823226625157,1.1915128833996116,0.03594024948851368,-0.6497502888637855,-1.5342082388167388,-0.08679435145451857,-0.39791585990008055,0.3736069738324305,-1.075191180826419,-1.1821518266793847,0.9854356750133172,-0.4845238164880318,-0.7774653363571807,-1.458834964526923,0.9060721829145241,-1.109479796361577,0.6026661266301736,0.310280299687457,0.6174656307158306,1.1619307868470006,1.4442655766743173,-0.2947669936142519,-1.2645594318672817,0.7710863574008877,0.85681909846673,0.6183479947923074,0.9723127075549107,-1.7113832662019923,2.2393955692505383,-1.2803336608382587,1.42597886567904,-0.33784911154372177,-0.58997044051547,1.0869318209028545,-1.6762020378648144,1.86794820260871,-1.0116231243738534,-0.8811932431451444,-0.3652277273053533,1.6168337848446845,-0.9894779552346542,-0.929738891855108,-1.9181522230251038,0.3426515554579558,-2.073895253334422,1.359870530919441,-0.2864723962839574,0.6056331959771702,0.6531666829449202
0.5727339143766305,0.09330653130221633,0.6081323523698791,1.3143553760169717,0.0517046891992264,0.3843215454107442,0.08950012814838192,0.9892658276844523,1.2346607638459797,-1.5532510367659076,0.5855520570081664,-0.19063897823951945,0.10177854551104301,-0.8501912899395514,-0.11339168427425414,-0.3498074122491692,-1.7791142451645037,-1.566648413411565,1.0671577535904855,1.1265120707619907,0.4023289846835651,1.26978762697054,1.2634601264008873,-1.9789108847785777,0.1186483346287176,0.04470478781310125,-0.4495478867215755,0.8919867642836817,0.32669597772955244,1.3567410174628463,0.48435751946810346,-0.4432890154420276,0.7760889869365977,-1.4750907701162246,-1.6408392458039471,-0.2756615722116042,-1.1741797715869677,-0.9871537516348807,-0.8801613855749204,0.35797386960354644,-1.5547943101611523,0.8556339612147277,-1.2261395834129094,-0.009972722384126498,-0.38025734856943216,0.8431554771276293,0.5246860809873056,-0.9999986570881668,-0.694754626492883,0.5093741740397261,0.6700760729394195
2.3152825566441084,0.9394942784448499,1.9638444692975545,-1.3995605337711443,-1.976408662650411,0.5386061395260741,-0.6758985251222247,0.5466549142739144,0.6079937671234764,0.663014528773098,0.4219211377768335,-1.6514260872079993,-1.5668263239004265,-1.2677955106702592,0.8017866436815011,1.6220168772597565,-0.7786836354555438,-1.7538779845269599,-0.4148325558771674,0.2947912970282484,0.4072749564235558,-0.03699923149746007,-0.14554039948390593,0.5231898096141767,1.0607312080050348,-0.8873236768023486,-0.33545059860282594,-0.9182087385778546,-0.0009827262233841338,1.1866994748641586,-1.119673752695265,1.5497120011883716,-0.8572100190010079,-0.4947596577813995,1.6055400007200529,-2.3547942389650687,-0.511632983816745,-1.299938257555711,-0.16748454173803753,0.867305545259395,-0.3762143182898271,-1.4944435113379397,1.5155810544186326,0.7790758268467279,0.47984510413197135,1.1893946947393084,1.1579529013737104,0.6289796756704646,-1.2978971656601126,-1.1608631071033835,0.25108022946526415
2.0340250481239472,1.206623759680404,1.1272947651356355,1.683173024795336,0.43490653329272116,-1.4519335259416242,-0.37048677945089464,1.080342040849846,-0.6022397775825181,-0.14388755820686155,-1.4100304437214257,1.7374906946142483,0.7204042997832258,0.4264722943975443,-0.7315360119759403,-1.555294237819558,-0.08817607474380473,0.5067846819730722,-1.6805304666626117,-1.2788240751970308,1.0487106828648667,0.3838390093080246,0.5571166232627309,1.3019249630524277,1.3944645318320374,-1.2263605456539086,-1.1206425557782573,0.49489316010530326,-0.675011585859962,-0.4503170614963472,-1.2212213376280239,-1.675455565248784,-1.6330237386394557,0.8460474774927151,1.3430799719669435,-1.306272539865116,0.5541522402834045,1.6481107681452927,0.3718448106666126,0.673379586377741,0.07843116773024729,-1.0930568011413244,1.6380937563658542,-0.7561859289727464,-1.2317903471083014,1.4217107999869176,-1.9927482601887863,0.3727771930387142,-1.2884531220388709,-1.5077232581355329,1.202344605471888
1.5380730432076772,-0.28549690900658087,1.4012498149302353,-0.34183747024321137,-1.2219730105369204,-1.7359612344321702,-0.9728538112030708,1.3196870013587048,0.8087567801623892,0.3336198311332577,-1.5840154048686983,1.6865295366088433,1.7480366352304022,-0.7121756045014382,1.0186801037842002,1.4483910410402765,0.17482901594141165,-1.3923010013925199,-1.5019858493575888,-0.6121378448172382,2.0383567881373876,-0.187903274689814,0.1025988801373093,0.9898657123228204,-0.8956715583550021,1.669217368216355,-1.8633065405313607,-0.19816330582455852,-1.7844208186741115,1.3226652290915664,1.3505454283857534,1.7545522693962312,0.12582516621945145,0.26417360536109447,-0.5400457801871132,-1.368114199773813,0.23454819307512664,1.280347774160226,1.0816489603105375,0.5597889186032895,-1.320205733899137,-0.21585287404177628,-0.16675116121675648,-1.0327053893835447,0.2708283171708068,-0.4933404393240614,-0.18837888739839134,-0.3087536657683214,0.24018867287948797,0.38868017935306476,-1.2198897649075533
1.3181526457682382,1.8976960752737018,0.14498468465062062,-1.1160679952698833,-1.5590378659384918,-1.662085656580674,1.1394763701237713,0.9152004925348036,-0.23161192835362998,-1.827044389040685,-0.4981075534248833,1.0822813252219903,-1.5489269081230115,0.2792373855412281,-1.374203787436203,1.547183607948485,-1.3751670824333033,1.7121983258393236,1.591892552412457,1.516487008852233,0.037214389739179024,-0.3357841540558915,-1.9709617249620224,1.1299240573256921,-1.001560877186111,1.5818653950870698,0.5926983990554997,0.4961109769889467,1.5806244379440961,-1.8984205641717735,-0.7023263295531811,0.8713272792176441,-1.3400904165321827,-0.9648653924744508,-0.025393235851717863,1.415108619804258,0.10613154385334467,-1.4187701453999506,-0.6278133386312995,-1.0848489409077655,0.17982069953460622,0.36031075097259546,1.1357319130561987,-1.0075377188608312,-1.0721900845599006,-0.6395687006311122,1.6537393216008553,0.9323390167766303,0.21064866691257036,-1.882980590321315,1.0998853346473585
-0.2782177958831449,0.24258633672144397,-0.3644600306670984,1.183484383607172,-1.7961723325549768,-0.8445373844514859,-1.880203795438122,-0.9017469079263207,1.1412204911955877,-0.37289572199744586,-1.0789299345207675,-0.042849005276133514,0.07256272495691984,1.8868776615683505,1.60031971845616,-1.263745656213732,-0.1843034049079207,1.066316495072753,-1.5316262957354472,0.5111796277639056,0.14294581577365095,-0.23277164219642102,-2.068476941755669,-1.465692676468295,-1.7433792899405791,0.7683486439912643,0.9674113795170102,0.29097506347129587,1.1858257949963995,-1.9593521480719702,-0.1537634764572198,0.5678858863629531,1.776162782505819,-1.2468080602790832,-0.33951037255969724,-0.9861713619134613,1.0636961306713173,0.927175631815179,0.9714935260162008,0.4481824315792936,1.5676812022008273,1.5375291271166627,-1.2442945453079786,-1.1825473308370889,0.025356398568869565,1.7033827003147555,1.2008618943667633,-1.1449147831210869,1.01752430512652,0.03988627651516019,0.488151909191181
-0.9732801342194679,-1.1411751776648158,0.7983460603208218,0.22506668619536888,1.035936402970603,1.0137369028860657,-0.7720452914267825,-1.533375726759254,0.6398458761730788,1.6929015540268133,-0.3013657299075757,-1.5558549986872656,-1.300465958779371,0.836121318328347,1.4107165913029114,-1.7729953936558975,0.5218974067264327,0.5018248410520443,-0.8386445934060105,1.209821669362497,-0.935867868825968,-0.32559960267081234,1.2007029540455463,-1.9429353751622085,-0.598818280880112,0.9228523994785215,1.1264697487907431,1.3854526839595473,-0.7527361721980476,0.886587881491512,0.6879162872474506,0.4148710640509058,-0.49010085438882156,-1.144909579979128,1.2142616850038568,0.27915932664987697,-1.7617507572089137,0.789608949754307,1.8283987340570995,-1.854256613471158,-0.5021055472396297,-1.3902084940465205,1.6194777707639638,1.6007572461487893,0.695718084674022,0.45679584166206866,0.8697116260732436,0.868580898955589,0.8016019384791342,-0.7934059448164631,0.4952834638805582
-1.378382703127189,-1.5874823639161049,-0.520359125550446,0.26450335917827655,-0.2506697340097406,-1.2253798085474457,-1.6240799802855435,-1.2399315059893197,1.0712179955775063,0.5185544847937286,-0.8703119962672006,-0.3252985389738854,-0.6642971499837533,1.8814381932647453,-0.43030895658868107,0.2181311113723209,-0.3114087057345583,1.316854608749336,-0.4789649636492062,-1.132123549006458,-0.2750261406852446,0.6267728795919937,0.5177821451397291,1.421720824190905,-1.6210325448698109,-0.000992201209529947,1.6521053778932764,1.5115310010699285,1.398304372216116,0.6238218251721068,-0.16138086368879073,-1.6647683256443326,-1.3574047229442678,0.6621036616862832,0.8281116551858,1.0550834936223348,-0.15844175026194987,-1.2874226709260916,0.7915347980705607,0.38880894781042397,-0.19539967422140014,-1.6688434275238075,-0.49908346783338986,-0.0443059895440614,1.1634589613891406,0.18273541212183408,0.7212167295081098,0.5086149833238716,0.8510109836626387,-0.8121151404599292,-0.21716960966802498
-1.4983958683141094,0.1394197767587395,-0.828110109143423,1.6799073202990389,1.3970812533527979,-1.6383235602766677,-0.8372614080606583,1.4385069927919931,1.0337996001442324,-0.10326069811833755,-0.745301418713069,-0.5687481877515419,1.703737241329815,0.8065003251576264,1.259509049715839,0.5375510133483637,0.5674784572185846,-1.656503830331065,1.600237613275551,-1.7276008615934586,-0.5393403257618844,-0.26476746820103303,0.684458164939024,-0.41625747953679787,0.9609605915025301,1.4701311955203316,-0.8880873540158015,-0.2864376657101767,-2.1687819037612486,1.3282706340728758,0.1876038392993572,1.5459986930778453,0.5038405089314337,-0.36201079351317084,0.562666314809039,-1.2333549770660703,1.781730528923132,1.7613994365497694,-0.9519642553531711,1.1165583740433154,-0.2403134447098424,0.33119986459525264,0.09987638739328936,0.8976241227061779,0.5992603596441273,-0.7013350725873346,-1.1306910378804393,-1.085302303156142,-1.5643683679389533,-0.9620122895306066,0.7334687183545758
1.0799527983791328,0.8576247653222381,0.3632132692015157,0.03754178815801404,-1.3921536447744047,-0.6868714776713929,-0.9490286105894468,1.561257784723835,-0.5572864109614791,-0.9015487819369153,0.18800192695422197,0.6675340260990431,0.21650549212418618,-0.7597240216587512,-0.6553304815415953,-0.21083889722813381,-0.9488030470111407,-0.09960663992897889,-1.0035010539957414,0.08143818286333077,1.2027975312522865,1.039142780486871,-1.6417101483015024,-1.0665154470102294,-1.6112133626883416,-0.5938052830923016,0.6327002638323427,1.7676385451117065,-0.8430739891245467,0.5916071641493027,1.29378983092366,-1.3602763370857824,-0.33780863608165257,-0.15242052777624726,0.7737400196781836,0.10372878619473636,0.30646570741629586,1.2485565455238552,-0.44189771091564256,1.8123001106653907,0.1891409089260026,0.1601623842684083,-1.0538068712391788,1.218089679330781,-0.6151127303947544,-0.1831866950085941,0.25959538702908624,1.3674963290528777,0.3086496636948946,-1.3628726805850666,-1.6526587234307621
1.9106018116564583,0.5435225269058784,1.5547539941901496,0.14042179882871164,-0.663759805009574,-0.24310004718723532,0.29037154628623946,1.1944336431655207,-0.792609133726941,0.3464566538851279,-1.5041012025016514,0.24874032461637252,-1.5132329873610972,-1.3230722573319706,0.1175967858464578,-0.613106278519976,0.13479543955949708,-0.7476897182373222,-0.5732583870335146,-0.94734458878212,-0.19933023310378162,0.13218595038658548,-1.5261739101397545,-0.7004320318132418,1.9729417929918487,-0.20828933359550825,-1.1086583759433468,0.6354434386538192,0.9977274960137659,0.686245098637274,1.2070896265893531,-1.4322131281504675,-0.07504449897899584,0.44712944533638993,-0.9215779476114979,-0.8840523809457959,-0.14669830066804923,-0.20746979222699646,-1.0702128033133533,-0.4567936485995344,0.913215715333134,1.9424244373664346,0.8930831494905727,-1.7988472167736993,0.46809287434893865,0.17849764593067038,-0.9922242913238231,0.9943203908117765,-0.5876638676421111,1.8137610151074839,-0.18259352763186734
-0.7560663546383924,-0.9722853814428173,1.400364762268619,1.1489232599935417,0.8739023726288395,0.13252298072034027,1.4754562110423617,-0.47713623014606366,2.096297546032642,1.47327342882265,0.5303239688166297,-0.28285817817862424,0.9780370360433707,-1.6295593409432436,-1.5088218736614445,-0.5313124192762816,1.1846461027597524,1.2138995673685913,1.0058435001530468,-0.7856563057007921,0.07972740323626082,1.1697231987999779,0.4239975674745401,-0.38068862417645843,0.0829649867848063,-0.3894581381961878,0.3606810268673811,-1.0804444106701072,-0.8402618694041497,0.7605250855351406,-0.5536320641364217,-1.2182178692582883,-0.37017784864979814,-1.0002858818669433,-1.1794456436691898,1.6227767839722707,1.8902892066101622,-0.7643518606540111,0.3708365480968995,1.4218046475700188,1.5118821496346726,0.4032263497538442,-0.31419728773794847,-0.0865725912625874,0.5679133809205144,0.21234152230949066,2.116594757090925,-1.609589347193932,-0.039133513068881576,1.8303675689304573,1.1469797726077344
-1.6487840233663813,-1.2007158661709934,-0.8848278711726154,-1.8762221064800955,-0.7390072850799255,0.6033314758672503,1.5388689214756741,-0.9012697449304442,-1.260274570200057,1.3028293660742816,1.2640230687420984,1.286940860029954,-0.5664497415765697,-2.098355267499592,0.5858856793808941,1.7852540287771923,-1.1723231520719912,1.3106411171924757,1.224168736195672,-0.37974939674545527,0.9091140631971428,0.896049836783332,0.8956672467933902,-1.0276668909010511,1.0354966966438377,-0.7927922338827958,1.3967463682500276,-1.2941190784559513,-1.7467925566515385,0.13824460484943574,1.3576151839140527,-0.7219328047256829,1.8760155886744276,0.1481601311821466,1.8313739191273526,1.0928019679665624,-1.1551136743297645,1.7075980189326976,0.05910627525753284,-1.5417256386887643,-0.5293089102618556,0.9252086391567074,1.325793700670182,-0.1130724984364504,-1.0155494566590337,-1.4270775992206124,0.5269036299331361,-1.7303253316581526,1.5635448398379115,-0.04401207275410053,-0.14126051358272812
1.4736335122749686,0.6005524929242771,1.5716088218640674,0.8085601484151408,0.5462380847655501,1.1309209199225767,-0.44880414177734895,-1.1231846095900255,-0.7692382598798124,-0.45764519461687014,0.7433129006866476,-0.7015928844746591,0.3157852630723149,-0.3513288941006584,0.4134548777696926,-0.08207850985035602,0.2741449791416122,-1.0126795539831743,0.2267550709421113,-1.5109039661593804,0.9569560877189985,-0.9465897457963701,1.2457689356425403,-0.8386651121371845,-0.9734177543825473,-0.609006903910862,-0.00028427883456538794,-1.1107599512342794,1.1902532616376285,-1.3167826002055485,0.6166291602800726,1.3398593923649287,-1.4180420697847829,0.21116006321639194,1.2028809638138904,-0.4917272253494015,0.9246968467816856,-1.4022506146746843,-0.42459174549806045,0.3160988490276722,0.7150831311186369,-1.16466783607164,-0.541609292085058,0.1369105994628509,0.0706559800418391,0.4037816211886038,-0.02932013618040208,-1.3812508491533135,1.4417134915617,1.490769242523228,-0.7366561267543668
-1.846174112147395,-1.3448034800826714,-1.094929111254314,-0.7709987939026355,-0.5358677252853563,0.19630220455591219,-0.5019846071678984,1.3741844234954352,0.3771117310945994,-0.7873522653920998,1.543337652064061,-0.3744534509219005,0.40892866162977404,0.04731316827621379,1.4081025001375038,0.2819637044940374,1.6632161657603273,0.03151344421285829,0.5547187273141758,0.3072033018342907,0.8368435281265192,-0.04095071529683336,0.1250747709045814,-1.2987244422202158,0.9369074871748366,-0.30354975753227287,0.05712700533432242,1.214911607238418,-1.871612849051108,1.8209259201149848,-1.5317566963213847,0.15457644863041053,-0.7655770154309154,1.546418811699533,1.0904084339128899,1.8030646104693668,0.9253504824922906,-0.05261117366536823,-1.0858458033080685,-0.5650093731958539,-1.4624188026030656,1.3399556234397674,2.278744374599328,1.471607840885564,0.7924757901471295,2.050556344150793,-1.678648004161331,1.346132086305494,-2.097422239999203,1.3246107623107544,-0.32033881034991674
0.1726141004858382,0.30053983581182175,0.37690405240038016,0.40207547335576155,-1.528847832303362,1.4482050502692811,1.7663078815283908,1.3110830247549101,-1.1543478027982372,1.4567081625598688,-0.04705734997559112,1.2248301976866958,0.7180191132700532,-0.4193946065442696,-0.5651574967170541,-1.9838847107940243,1.517829905642594,-0.1546890840674071,-0.8087382094399895,1.0085542059782833,1.2429002139455998,-0.4531456151753507,0.6645692830963876,-1.024256835618688,0.3280467610552858,-1.3634574675731606,1.530379988398671,-0.16744439696003077,1.2627886449934793,0.07180101909572517,-0.6038378078046306,1.0597675266030473,1.378419859648927,1.5147210087724905,-0.0850156443573038,0.9864161627186149,1.2849823053896203,1.5527517581450903,-0.7124302268491948,0.8544136796555959,0.4850669337942338,1.0160320061901036,-1.3818351757462588,0.048977462018556246,-1.5025553864973127,-0.08254679778578444,0.2993314094285332,-1.4354845563043785,-0.016044395818381407,-1.2092210677281678,0.03807932752405717
1.47039608925689,0.8951475048162549,0.5139914749985698,0.5846247615016515,-0.3356438951544104,-0.3298026742540925,-1.2808350699859974,0.2612355303244407,-1.92083243821078,1.2401335544055403,-0.1649629372859517,-0.19038424859699588,-1.0587999875185448,1.7339761151032465,0.1569335680737243,1.6229085265285779,1.2020540540275828,-1.650832387008197,1.2338595247628366,-1.0062371050072685,-1.5509506644900044,-0.46821482151805643,-1.6243387233658728,1.6238152997871838,1.1273085011467314,-1.7702749832521854,0.8416137529681809,-0.049561395817373954,0.5747135249431845,1.7254456151576467,0.3319836770162948,-1.2960632656630546,1.268860811456694,1.1669403066246866,1.753160045812769,-1.6667709784994191,-0.29340666723129794,-1.4029337617542292,0.16328867627036647,0.5507388970458491,-0.15548314754176779,-0.7496700699719826,1.5137637318020878,1.5750816834348222,1.3115030586175451,-0.6092786196109885,-0.12593388024227475,0.43538140012230797,1.2481341784014295,0.09288953865608693,-0.7350483239296945
-0.17413054921737947,0.5216089174528096,-0.9816424103544482,-0.8107881967227197,0.411901372654048,-0.013170751297619965,-0.4858538059861075,-0.4722032425670083,-0.33601276545270364,-0.7409740285847255,-1.5649974399394608,0.4569554964235154,1.2666221607281711,1.4319639135287494,-1.077075462546171,0.5425000604282917,-0.6425118332271577,-0.7082898307513772,-1.8794601078467115,0.82710946556473,0.5094285168845973,0.769904734894083,0.5563263389035833,-0.4762350868238748,0.6476321857354466,-1.6130581294639352,-0.29964178681200393,1.2440236274360577,-0.16494936935590282,-0.7809725737151145,0.14863551578572548,1.4545960609348452,0.033149055438396274,1.5388304332932026,-0.5483297185552534,0.9866511489603715,-1.2041625671720912,-0.28721546211225435,-0.23341528279423526,0.31605397153212256,1.2671507423485198,-1.3705767489945693,-1.64235568383151,0.8656026012616437,-0.3389039235898019,-0.2118525332078674,-0.015579158556587924,-0.5947126949726457,0.6797512140670404,-1.4105910030107223,-0.8919139014030972
0.002450530415318921,0.3485063277875253,-0.007194023356372597,0.01576266035099129,-0.3180101076738946,1.7504564940402085,1.8683351154767562,0.04475467353667859,1.3431187229880646,-0.47873667883040527,0.07807823401327652,-0.7713044816830502,-1.2363336208624482,1.1349114073687887,-1.4981111410785086,0.5549758447998939,1.5123360740006566,0.2066043118675529,1.4716231050231992,-1.548666450749495,0.5394081397148016,-1.6140235498306992,1.4665925253159526,-1.2492249609568475,1.532455671099238,-0.7279811165141565,1.4593231717320547,-1.675731139942595,-1.3207932906237096,1.7171699515648002,0.09011978576898969,0.015611482335950277,-1.5203555556087291,0.8006482191778616,-0.8553423083282955,-1.5884922201562852,-0.8148296443741609,1.7708354536796946,-1.059620024096609,0.11845999020051651,0.017731478119986016,1.437593884749991,-0.9720436603360416,-0.9512472409100776,-1.8553777654143178,1.7867118111783138,-0.8759277064056273,-0.5124589215930091,-0.5834339402171187,-1.7081310946118473,-0.24159365090310062
-2.1912240654616877,-1.066206842469444,-1.2731417566936725,0.7897902368714316,0.04667139024516853,0.9711318452151224,0.2860663345898764,-0.061353134678098,0.49025778069260484,-0.6747045487020633,0.5557198575911311,1.7496699698960232,-1.4378492846091844,0.20334112947460092,0.8546782436564133,-0.24609055077844125,0.9191823341796308,-1.3497163326364985,-0.4040176139854199,-0.5176390720243756,-0.4347230036547363,1.2631482376284717,1.369605095226707,0.9615325511109603,-1.5364467296104012,1.179362250767241,1.036489430791626,0.22929309356788835,0.7157480382075592,1.2110347167564794,0.8527048833576362,-0.5691238275989647,1.1895417313601881,0.739882936258596,-0.7664437700345628,-1.3691252337870032,0.8196939317855535,-0.2840222492811004,1.7872097986956335,1.447189819457975,-0.6126952193068189,0.5161207335337981,-0.8114791251414807,0.8330735100152453,0.8410883103174955,0.9945111005400736,0.4436346980669344,-1.3591376701316202,-0.46223925510524816,0.9292970559310415,0.8783741464000714
0.11983039482492064,1.3509562417931165,0.07955805265214749,-1.9540723358003598,-1.1406036244947757,-0.6844742736696683,0.9277707319081354,0.13362758986284778,0.8877914084943344,1.0524904683343,-0.13766420763432213,-1.514089062371848,0.48981889654949484,1.5995699268738044,1.1887760142098676,-0.2168474896978814,0.8406256559840503,0.531167001841895,1.3524183457186096,1.5594644360912433,-0.9389482321551683,-0.8442969709901486,-0.9667277913368227,-0.09226502979225326,0.12692913575420373,-0.5799999356671146,0.5542006473123593,1.0626652924297875,-1.5331025887693868,0.5289216686517457,1.017253454891669,-1.3333034210718568,-1.0466241419003812,0.17249055800577523,-0.7404477426215239,0.2741885613249674,1.6986919639589357,-0.04553145390380321,0.7118278353894731,-1.2542401778370904,0.30808757602200065,0.6514308486752267,0.6393129802918582,1.5016198981597528,-1.1121390338435813,-1.5567724882614926,-0.06057244362014763,-1.2549027006852644,-1.7447818789720262,-0.8827791948377874,-1.1306982293375616
-1.3838181823926843,-1.3965110537620058,0.404656504366427,0.9024884166602372,0.6467776712214466,-1.8398905886839216,-1.3893259198597563,0.7599622035382011,-0.49954243364520523,1.1788316938306433,-1.0460088123432834,-0.5561499740278983,1.1106276868961598,0.8437626921667114,-0.25084467874846234,0.707153237074059,-2.0866320644640157,0.7179477528476632,1.428643011148853,0.34543862722982316,1.8708685725462817,1.6905129913558024,-1.211728122649002,1.5678224595757648,-1.3413165013359836,1.592090940732072,-0.24028073984824272,0.8894453257220365,0.6010010718796804,-0.19690537282105203,1.1043120072938903,-1.5600791480257548,1.408415065988444,-0.4427459460159813,-0.6978684101399629,-0.06376278658367257,-0.09316338840984831,1.516163724987795,-1.1393065035380228,-1.3400027174333844,0.0034866955154976287,0.7931067141875263,0.9820186007833414,-0.03321714318666233,0.43354663180880654,-1.641414770509039,-0.5834637399987451,1.2634952396416594,-0.3914415452683478,-0.9188205729705758,0.3898235018932551
-0.5250394734792809,0.07717397457788328,-0.30305684524609994,1.0726086845698735,-0.012911383442499647,-0.29822768908960706,-0.7308579794279523,0.4513891755808944,-0.7285998333900406,-1.5103591040319015,1.5246989961729014,1.0122981230799395,0.22190503926182,-0.6722542348656233,-0.5999598049919641,0.9938086935064429,1.344893948993676,-0.45861396809806637,-0.7314801236600965,1.350395341178468,-0.12602759340201142,0.43857245666612343,-0.4299697485410541,-1.27921676332381,-1.1807333362782937,-1.0841616958825218,-2.020951614104969,-1.0205113125797804,0.6189984643004325,-1.4596020867528272,0.7460777191284422,1.5521143589728041,0.3696478466662611,-1.0042915772273744,0.5797983179500421,-0.6139895277246377,-0.09591068623089424,0.900792261221266,-1.3805316420063556,-0.2353286590181975,0.9546482671643832,1.7197544701641694,-0.17605863507119718,-0.5661432421041909,0.23887956411662148,-1.2657123478188985,1.5420225387809623,0.23855564081248304,1.4240042573477583,-2.510710282785425,0.7440716796759493
0.40761248000597405,1.2376003733989176,-1.3466160540758683,0.9787223264692411,1.4245533960721175,-0.6066436349236288,1.3499661804099483,1.2731897711326445,0.1341767671063182,1.771992426255107,0.10198158068614499,0.4022720826278725,-0.8890881883386278,1.5365536934782833,-1.668923404616542,-0.9469660197040507,-1.4900383208292627,-0.07175228482210094,0.5561787091302421,1.0550644881962106,-0.10273384406960501,-1.289972195312279,0.6847675979320882,0.33813988290002617,-0.6213768633472494,0.37124072238688866,-0.9175630079060144,1.1288865733510582,2.172332893029142,-0.02895886336028368,-0.0014753394168831313,-0.6206447864381515,-0.6333406410665183,0.47362368038117303,0.8348207467187779,0.9988381071156863,1.0119279837729764,-0.6911454522290004,0.9698472397986628,0.2837862779905348,0.29071325513488194,1.274455100824851,-1.1492339987185523,-0.44827938943107815,-0.4689272945100222,-1.1808291453101192,-0.6594637954171151,-0.9904755054547627,-1.2676212057796166,0.27008970291576523,-0.502577272767293
-0.7233077402485688,0.21694232458310833,-1.2061088828083677,-1.6959971952978803,1.6301482968354641,1.206715298517363,-0.6373954381889864,0.43415506404092796,-1.4362478879361111,-0.6738462293501788,1.652644630948885,0.8111670338968924,0.38232774160044786,0.5790456575003975,2.0127655585688826,2.1275228666858554,0.8060416832253775,0.2076306141897557,-0.822646346705452,0.4680641905845575,0.9372175307379337,-1.1742513028346713,1.2457000244849192,1.2230527699624338,1.681858827755148,-0.49079198670277324,-0.22263575468833485,1.363145992663363,-1.5059867891872272,0.14649802979440807,-0.6062429230938552,0.8518304809524215,0.9416852844839432,-0.2485532294973291,1.004330072759078,-1.0288509167023454,-0.5948031039715562,-1.0470028223141903,0.9202115700831552,-0.9004495158436695,-0.5986839599595287,1.8958391233577174,0.15411327533182903,1.6209990240131167,0.1808684181502696,-0.9364961881138432,1.3188290303028498,-1.0596131356897418,1.0659112268713342,-1.219911966829105,-0.45529574407144013
-1.7694776863264472,-1.7686828546626012,-0.8937517091101365,1.8729107250703736,-0.7413056160368776,0.06898748758698468,0.4303046552388151,-1.7088780377207704,1.244911406765255,1.1307354390496154,-0.3437606928919255,-0.2874238277256058,-0.0028044778991778985,0.8460777137316762,-1.2423059914971222,-0.36955968440852016,0.8464438924739333,-0.3970486803838345,-1.5821315992646046,1.4003497930202962,0.10783347817933543,0.14146590387460858,-0.9478810559239699,0.3365907822690215,1.0558151927857056,1.8009219468107989,-0.45334901601485467,0.5118501437838288,0.7487299345065299,1.1793413227083132,1.074747722779891,-0.051609365252150666,0.4877493591240289,1.2731537398337562,-1.2860941272651565,1.6877662162941665,1.1864020560880395,0.7702506690911309,1.0631554432159054,-0.7960855920348466,-0.8225441536605267,1.2042055627168085,0.15615371415393617,1.4284863283341223,1.457450064053086,-1.3602125961264089,1.7022219848928708,-1.5383639582637727,0.5350043914720376,-0.3396715258814505,-0.01785024729869139
-0.08263731068858284,-0.41938269622817514,0.7940624928598947,0.7827945863433863,1.1537006072167435,-1.685011557648,0.35787920898626013,-1.173180872840694,1.0214351748141903,1.7947949717182112,1.5553777782002023,-1.470513632785412,0.35125301550131655,0.12459020736351564,1.5639902514816875,1.2257918465897109,-0.5091536424041146,-0.9557039368014522,-1.6741544228783185,-1.2175477116347468,0.09333213246608646,0.35647576643738155,-0.7354214183376544,0.3350449462953792,-0.8697155692179699,-1.9654426736081025,-1.6658275440600419,1.6339450852745625,0.7185282617830242,-0.9464806416168543,-1.749462984060607,0.030982817003580056,-1.4735270387173045,-0.456334013405635,0.5540128199354685,1.5283270330497856,-0.19272750064345556,-0.7076383447095251,1.2811294827793227,1.0776875982030452,1.2530007303738593,-0.45199349515578907,0.8918699824570153,-0.5727723466606128,-1.6597398205111817,0.2956092713093467,1.4370184477545545,-1.0348792151555577,0.5000815811499476,-0.18890379683216868,1.302467253212588
1.1314533192240408,0.3603566941680424,0.28681120315365993,-1.325514842462359,-0.16343021462438223,-1.0760460379554404,0.03002412651415154,0.662509473995857,-0.05851258894875566,-0.3162313943079108,1.402855231176224,1.3212911672926368,-1.2941753706911874,1.570482077488125,-0.4417898451447274,-0.5057779565544206,0.6247163150516108,1.3029455323654344,-0.9418877388995222,0.8486960180406227,1.537501745903545,-0.9857999780767299,-0.8669049974189209,1.2879306092705751,0.3276797680429107,0.728671292544893,-0.39281416043333695,-0.9306269570612529,1.2721000955597193,-0.21640238570915077,-0.5911774722505381,-0.19377372479027052,-1.7572442655528522,-0.5149737789813342,-0.27930069045391936,-1.1543210185483066,-0.9585199433941026,0.18336051474026527,0.21912701181687555,-0.17379457594291864,1.849036515910389,-0.06042093202321662,1.6306696179872258,1.259098533612979,-1.2944162530785783,0.07226870141831152,1.4784706311609224,-0.7307656257825307,1.30515324741663,1.5548709430393828,-2.0939560528081205
0.9463629532679884,0.9000407629337246,0.40396528269331006,-1.2407207030794025,0.5456563271968227,-0.5581959918706869,-0.05387557948990371,-2.199717171746939,-0.3628093078021601,-1.0262623604730448,0.04223160119056932,1.058728182833568,0.6180264105763875,0.9520364358940976,1.9947787474074286,-0.26929385056405114,0.6539405135807351,0.639718026895472,0.44253221578767504,0.33424636384858514,-1.236280493082268,-0.701941395574219,-0.6444517613379082,0.8516045915541014,0.33742742380536833,-1.0582839588976185,-0.7037461478389251,0.1550100875063428,0.43295457007406196,0.23866497982453588,-0.9637025816622027,1.587273138603453,0.5969078040936778,0.6567407204099809,-0.37101273416848973,-1.9687289827119823,0.2625247379594665,0.19825071422825838,-1.8014431999591007,0.5063637921710359,-0.8835692608068407,0.2914352621978444,-1.4880317403451844,0.30216532622323544,-1.1559206919306677,1.887583125601733,0.9639914442392065,-1.8392257711917568,-1.3206610301198993,-1.1676013565019268,-2.0478603614109088
1.4409996527240778,1.4374147234758667,0.9825571321724501,1.331041232061521,-0.21833822903206032,-1.5462630500297518,0.13198963694344662,-1.4114707348528264,1.1971017593825877,1.0387961614072088,-1.2592324886133972,0.8420601896657417,-2.722261808266529,-1.0128592108279475,0.39137827997939734,-0.5255185392120079,1.6844145241368464,-0.871407161802609,-0.04467116221080347,-0.3928891026681849,0.4938070953613708,1.1939788393417448,1.8847622120466645,-0.15910220217346763,0.13043801071991346,0.7353105362061446,0.21477684948733966,-1.1683150994277234,1.9140100128161468,-1.3416184065808552,-0.0999838860949144,0.40203967208336583,-1.0473318608609588,0.5610376694884986,-1.5766942640767834,-1.9448221976707436,1.4755443563398198,-0.4264082046253663,-1.2068630235397695,-0.29604526395045355,1.4273354825277949,0.6101709403852584,0.01164313121932986,0.43202781464837675,-1.1569496954012761,-1.6674822603151285,0.5705030786104425,-0.37944570835998825,-0.9067539281828576,0.3968272620157538,0.9743777278919235
0.3682929234282306,1.1155870046201235,-0.39980195148463854,0.9463919020915399,-0.967345410428442,0.3062577394015036,0.06428633362224256,1.290558074941777,-1.3528802199353929,1.5289581273162296,-0.6208681304005816,1.4215695018013212,-0.32321765678932485,-0.22618576628383733,1.495743721688387,0.9407101380740631,-0.5618183234863204,-0.6988114489413425,0.7380424284742506,-1.1031404043770106,-0.657442439383172,1.25452372604722,1.0836201092419013,1.135952412141626,0.5980178527361656,-1.3101383062860352,-1.1710135916253055,-0.2813032556954293,-1.8295607765668942,0.4011775391161319,0.07232592112472366,0.5650498198408926,-0.18538129242535567,-1.490615402314419,0.03782142241380838,-0.44699296405330924,-0.271572607843692,0.4883763681585581,-0.4990291138672963,1.3957305226368224,0.6299744332660168,1.843298864071674,0.9687193676515684,-0.8500441871738126,0.2981862960645334,-0.5056011102242901,0.6642750506344568,-1.2752881731640857,-1.0851040354434118,-0.14152657452391673,-0.5936775722768013
0.35572765530948314,0.6583758612005002,-1.0162882419363342,-0.5133774190118696,-1.0505058124151727,-0.022167632324162245,1.3972368699447588,-0.9564804252589584,0.5789695301532727,-1.2187254811391823,-0.21235392654342472,-0.9162587243882776,1.042335380576587,-1.2697121447778454,0.035154540907364695,-1.985449963416683,-0.335755729377975,-0.4872673855293474,0.5426938793254548,-0.03834413354837102,0.9310072719230469,1.715958267301295,-1.5372917741465588,-1.4258460372743873,-0.9227869566413601,-1.6714139704807909,-1.025710137108541,1.212923694925447,-1.5927222492178232,-0.8448145195572598,2.0666297715546884,0.5579970421877098,-0.030062064636242808,0.5141580464972658,-1.5570670713982966,1.408228480867938,0.19919277259687446,-0.9140762242905223,0.15648885967777387,0.6894570811840277,0.7948231042728172,2.27213993165195,0.2122274560418102,1.9934043092929905,-1.2651033351470353,0.7499756373245327,1.1406828930448123,1.019834614723544,-1.4054616476687602,1.8193374263346918,-1.1097188060089647
-0.15671824787009478,-0.1309253506671749,0.34506871682085993,-0.46606599211210326,-0.6833405261667773,-1.0056740876702417,-0.05148410732482567,-2.0726274660280493,0.4685906462087324,0.39317733921048237,0.389068781281363,0.7188083085497268,-0.5162079535136618,0.42869030802207236,0.4038130855996214,-0.4482929885975815,-0.05139229840142173,-0.28100940847323547,0.16654318907387267,-1.2942950242639102,-0.10171639568230217,-0.9091417015068759,0.36614414663926226,-1.333426590883239,0.2762975926895642,0.7899389318422576,1.2100634386955964,0.18156911619118732,-0.2642071207143174,-0.9941294512676009,-1.1780405513493248,0.2784664756106592,-0.7001507837282366,1.2069164063998188,-0.6649239399873894,-1.8903656351300253,0.5148974156095387,-0.023371974004899,0.7391905522314408,0.6185737861239468,1.8458822097954286,0.2746795406013703,-0.8238596844654097,-1.0474411770971432,-0.5463902560603547,1.4871704466386366,0.7381205110299967,-1.3814944591511833,0.3594500256752395,0.11070110531700578,0.36208110343330213
-1.723748408106913,-0.7453383749999365,-1.0253584673271736,0.33023137342764475,0.44518208215211996,-0.9191946336232051,1.0017788858868388,-1.6486877880826887,1.2328896309688768,0.6519704588169495,-0.37646302280047705,-1.544537267389422,-0.3974747792226516,1.4113893992735362,-1.2957397659013268,1.3964519232465953,0.33675815554876765,-0.3262687040892134,-2.033973684839765,-1.9305262556274583,0.8553863769091042,0.1285287116719654,1.4517582763798074,-1.042416959827701,0.2934570774114885,-0.24986589506113419,-0.7455633814940983,1.0573730809571313,0.19351665510056457,1.5021202307909343,0.19398920104999157,-0.38518784631730696,-0.2803985453841924,1.2577458170683393,0.197001751886061,-1.334617630294178,1.1266722634569135,1.1386893005587557,-1.3370736020364833,0.6318819355948873,0.670435955579683,1.109891867477716,1.9010947984355384,0.7444961250924254,-1.1144862554768158,-0.8026641233111775,1.3564615376735365,-0.5150024461202456,-0.014848871213408117,0.19469731351515063,0.9877625025905912
-0.064326436374118,-0.5953750218248598,-0.06269164299195072,0.1941961006739371,-0.06725375104741277,-0.35074847324629344,1.095090516148131,1.066546430677801,0.08731980972215944,-1.3871448348862367,-0.7411398055057312,-0.4392977400717061,0.27027151204661337,-0.6431377237093483,-1.5093174279955852,0.8403084451241706,-0.22834646978375095,-1.8853313560309921,-0.10579180668896335,0.27102914449521504,-1.0578318134988194,0.5403399795690207,-1.6155977480278545,1.487480063167997,-1.7440745019360886,-0.4045407967382807,0.9893196855077132,0.8376807113966444,0.6094277316806522,1.8959462320143183,1.6371236169922339,-1.5948381235682352,-0.824070389459276,-1.0395291158524427,0.5697238961851525,-0.01102558241407576,0.9621817827255414,-0.6798772669474946,1.273305539310449,-0.44243019359195046,1.8716784184563398,-0.7437539669036937,-1.6879346540785451,1.1950823328962277,0.36221989204832883,0.25340935031621914,-0.8593175997948115,-0.21540499545205533,-0.4796328189052641,0.6593707830041056,1.062079167838361
1.40704400323486,1.8860298440952579,0.2011544419096073,0.7585455885886406,0.586598690422905,-0.06394565849109468,-1.2499633521554046,-0.5457188862197744,0.115863392209976,0.3455055871128552,-1.7530337244768184,-1.8509822416045905,1.5416252607203174,-0.2959325952014053,-0.4019377735061248,-0.9302129459245129,0.8150337071417142,-1.4186062838340545,1.1420747492414323,0.2611558891939904,0.6371055789766394,1.2841234365526089,1.3343318731559688,-0.15736622568576444,-1.0546732401382175,1.04561123139277,1.6277386487916718,0.6241448293262608,1.3123676603527727,-1.9177939236120336,1.7331353415726838,-1.2723146001520393,1.2747158090014667,-0.08554077151355727,-0.1574323445117201,1.1224194104046978,-1.1955135026634671,1.5720084333469613,-0.8682459557562578,-0.778798899192046,-1.077636395362298,1.881595400558275,-0.8416511030014417,-1.0454106929222986,-1.7031177047397548,0.44473601650092615,-1.8815095588505295,0.7040238569338574,-0.4955329893115437,0.49746134333113823,1.9279530491235388
0.6167404177281227,0.029101891859059717,0.12280465679820046,1.5092352982849915,-0.193722925280355,0.5949828878493058,0.151408774558001,1.2533788403744972,1.5913521261345855,-1.866232720856594,0.825653263481632,-0.0408992113877316,0.6534442875888808,-1.4373668896284302,0.12081423216099932,-0.30293896782391394,-1.5427678962838316,-1.6247759275038638,1.0679774831992106,1.4735650893589256,-0.35369925418533854,1.5269778523818553,0.8086039875807269,-1.844487942968665,0.6139383172835924,0.26335515417193495,-0.03242309874044991,0.289144950081018,-0.015620942745119241,1.019615966719803,0.5195639367688459,-0.7989383376388809,0.17820306787310097,-1.5076353298930498,-1.6874134852916547,-0.5261914944286818,-1.1380343130159374,-0.5441057222958725,-1.0678788713373872,1.1908091241612961,-1.0983734405933112,0.7960153380158751,-0.5946871473265247,0.24851082588600715,0.13906055617963134,1.0577183183251426,1.4719529587296614,-0.8496099906245458,-0.590280861430053,0.700900052883616,0.8119420639497328
1.6490266673772196,0.7556736448169994,1.9330555084527044,-2.298228679408152,-1.1721576482796663,0.9048862667057791,-0.5890515097411153,0.31318766928138314,0.34419737029275227,-0.030170054621085463,-0.3899176273780102,-1.2230945770494346,-1.6030109203427543,-1.2805027523566137,0.7164448800037297,1.6511411666206368,-0.6160896457853078,-1.7116146962226002,-0.11649656855675405,0.10068005452648983,0.32499648509772905,-0.8306003717390168,-0.0075990237988531675,1.0134235862721839,1.1521401703673477,-0.7079376077267816,0.08713236848286332,-1.2741091224796541,0.058545763799064496,0.5105457353570186,-1.1434885202964131,1.2657846793589227,-1.2956736365594834,0.08503918306797092,1.038972836988578,-0.5347820409414858,-0.060725051771833266,-1.8216050153442127,0.08893637692413414,0.5129933076049068,0.38139900706038504,-1.247363593508719,1.6583316735044222,1.1550407687979338,0.8315031103164622,0.4281872169923441,0.9157301665968093,0.23164161950202844,-0.9316751475874526,-1.3415041321282573,-0.8352262631308703
1.7458690828702295,1.689177578334229,1.1643646891337118,1.3758793285604745,0.6917757881152362,-1.1650495754201526,-0.5377470190080966,0.9964513194052177,-0.6836316803095416,-0.04743312934723626,-1.4450480660264315,1.5062283729263397,0.9889262263630505,0.13112257232239977,-1.0679827771524353,-0.9427598240244239,-0.5657926647525605,-0.4319879757607967,-1.7353206998472566,-1.0720608657741446,1.311965417832088,0.5933669674773139,0.46241154030186404,0.9524572330950567,1.0784822833815886,-0.6366750009016712,-0.23213572024680518,-0.4554007462259443,-0.16394676340697462,-0.35422763678158803,-0.8933308157589147,-1.2294223961884765,-1.6365303448535742,1.0669496159428267,1.6448481372407027,-1.4097538155655143,0.0022634325187491644,1.6569247809147385,0.5060587015719652,1.2140191154662958,0.09083763395984361,-1.057801338373381,1.7859698984419363,-0.2905580161390869,-1.2812061337734006,1.9304411700369413,-1.0021900895105542,0.2736796258957892,-1.4868373186631998,-1.4939494620196958,1.556988955052596
1.741261112943124,0.6423212942478065,1.7916798993789007,0.3289635056623647,-1.9438940676836798,-1.0863524918412732,-0.6304286685054141,1.2878844738172013,0.9429651816009195,0.6153001607772899,-2.068538652760666,1.8720114367329272,1.1549277008401702,-0.4787488185296224,1.1955933805826793,1.7014843836275877,0.3094998595560887,-1.5359412036325313,-1.461568251628135,-0.9229441005320854,1.9081094909004186,0.341930400170724,0.00447217885163774,1.000084728468735,-0.5582984583181322,1.3040093612025412,-1.3094075289194773,-0.09994176640146316,-1.6568794726514235,1.017902491314655,1.4908364993268777,1.7981212559653799,0.2529714970593867,0.7880326234308657,-0.5547778977802351,-1.4310374152003043,0.6528195775640153,1.2713085650694396,1.6211197686034988,0.7616178874271936,-0.94081736736175,0.4525289104567606,0.407103948673881,-1.0214993324762172,0.33882588026997157,-0.8515518940030866,0.4543579993721506,-0.46408149919533104,0.4725691554194337,0.7151005279401943,-0.2195162342926377
1.818855367794769,2.484364202803018,0.3645959942608875,-1.19816752394751,-0.9092555355933456,-0.9727661705181424,1.2947228313603574,0.4846091971920891,-0.2415836366222511,-1.632047191848768,-0.9288664174906457,1.13686724912236,-1.590528895963317,0.400093613918018,-1.1957545008334043,1.3111860251378666,-0.9287150256256947,1.1416196116538113,1.2179998020860436,1.3096402260523075,0.26992249328051354,-0.34001910562984305,-1.0961284031262055,0.6122109097395041,-1.1861587033880974,0.4488215689648585,0.239281297050716,0.23362223376452268,1.5358260435543345,-1.6909152767180442,-0.8203116430350416,1.093550144474309,-1.4998323982454476,-0.31685347735654495,-0.3210544344247999,1.097765141207827,-0.3500060800288268,-1.6749811336566003,-0.22744719213179532,-0.9046863551624229,-0.02902455562361017,-0.05940657051839873,0.9126415977470927,-1.1161305014557814,-1.193142099322286,-0.7130460500819432,1.4189726021475935,1.209270147862135,-0.014092781049438771,-1.6606059748201563,-0.22924670213555634
-0.31013916537555186,-0.01578185393042625,0.2081402404226544,0.8311092753902466,-1.4294022803185369,-0.759427602821179,-1.6885402007236794,-0.6171574300178979,0.41467530277001086,-0.9651496834543162,-1.4246607334728982,0.18063845531434833,0.9471668265381185,1.690378823935868,1.686946404747912,-1.4246943406487063,-0.20246423050979662,0.8541029355721252,-1.603054907248265,0.799721642881206,-0.21129054211547205,-0.18601363795393025,-1.051569192877535,-1.5859196655547438,-1.5225639303667309,0.8866648936810226,0.6268681964944344,0.05557509161225993,1.5529271288978859,-1.3592239827605856,0.27658706286306917,0.2251976886511069,2.018331087330563,-1.2426051835316612,-0.4776494260569537,-0.610081182854317,0.926122945693736,0.8180277720762122,-0.16049763987251042,0.9221689260060723,2.024459708388304,1.859784511198211,-1.4344442474306631,-1.140651668810457,0.11131544968771381,1.72830631951611,1.1323291938499793,-1.4689499888167095,1.0474438215871689,-0.016777078153557556,0.819884225196881
-1.060284591200314,-0.8661057544704549,0.805198632524364,0.2318065571769047,0.5836192531384974,1.3441626592242457,-0.8558729752626237,-1.5303510842747974,0.7266213173485453,1.116233737223515,-0.5904337345495125,-1.2771246085279089,-1.6107657933871846,0.9690324266409143,1.4395995675463213,-0.7558172443188992,0.43842190134278064,0.6445927178660095,-1.2242573846346705,0.932960170110777,-1.5007247892500746,-0.2771140014186795,1.5704382186875705,-1.4418157614593874,-0.1153691480955959,1.1515687414848086,1.546793599024293,1.9080085349111162,-0.7013906280177256,0.9614764890284125,0.48613925288094534,-0.653663698407696,-0.4505555187602405,-0.09272802335818753,0.6635720447844706,0.03319175100652777,-1.8345817287024513,0.30833174794493695,1.2983177553232408,-1.9464229144533933,-0.4324519835522198,-1.4108195974502586,0.9300679007050641,0.6045099442453542,1.1625760394332274,0.04315460356974449,0.8819715040391116,0.6623861978033514,1.7208522212699011,-0.5358352302984863,0.8505684769719738
-1.3894610090417483,-1.6805674514076347,-0.564143937952168,1.0467166251571425,-0.3744684921893359,-0.6282266835557871,-1.8932579592165761,-2.080103396680327,1.1262522292953774,0.7877739944009717,-1.22399693334591,-0.9163366845750806,-1.0817480254330611,1.7928235308615532,-0.9958105986351319,-0.4369074725865814,0.04665756244931077,0.2911683445175254,-0.7264522283320879,-1.138418883547416,0.1618536161123316,0.5675221284664513,1.0959128454955602,1.0746282039652657,-2.0181039614692007,-0.5470106248310025,1.2093612778861798,1.324428372090224,1.3182619987269908,0.2744073973786283,0.7279271795486719,-1.482630370645087,-1.09488767646363,0.828367983069534,1.6099038420864593,0.43378751742612753,-0.1958099897527428,-1.5734240778058646,0.11453790239939049,0.36783997965748316,-0.27160995397344034,-1.588116350754856,-0.316725065262487,0.11994195699466167,1.8335667429827192,0.2776962271169756,0.7797705456872699,0.24365512781068382,1.8586403865915906,-0.5316018426977652,0.003913174589268487
-0.23416838572000065,-0.09984947753614964,-0.587709252587659,1.5634785629944965,1.3611614498452618,-1.1004672525751187,-1.1362896792821586,1.122300497129173,1.2398288702249203,0.2620418481200372,-0.9299692642527957,-0.8556695693147134,1.111388710034857,1.1231529703525223,1.506618034095164,0.47526009054595136,0.5070162041924112,-1.384001751096509,1.8448688635305275,-1.2326549471320616,-0.17679556415812317,0.43155619644539883,0.8098720771480176,-0.40818874119943954,1.4084459917854182,1.6972472108906023,-0.6744380218598095,-0.07214498998370979,-1.7491520465710721,0.6143859358244272,0.6416481571330195,0.8434327292405096,1.0855528399761465,0.06697238567722558,0.6725383486215868,-1.083605048269417,1.8911317456635273,1.7299520594113007,-1.270250873374823,0.2600081134218102,-0.7386941876985467,0.22303758211895208,-0.016164524596600005,0.7590752437068116,0.0006988059495841026,-0.4946249100200576,-1.2616517021760412,-1.5969301603553046,-1.6569433598780603,-0.5543570516384208,1.144675987641772
1.352123826090645,1.2758951013242217,0.9257592859115764,-0.19518505474658737,-1.5576815050150712,0.3282324916404986,-0.8519950455209455,1.626859640047508,-0.6793157630478075,-1.597547680430426,0.44661842865595985,0.3931101178955689,0.10823108124666643,-0.5356252416904232,-0.3538490749858224,0.04833155165678577,-0.554567607534014,-0.8201814427749462,-1.022830036577683,-0.22009421564728962,0.09967271599382899,0.660363336476731,-1.1117396260905932,-1.0624311976034557,-1.171623556585606,-1.7447659086698635,0.9244474655352839,1.8377855545916066,-1.2008979745447284,1.6980117313410619,1.7521483560289475,-1.1375312970627285,-1.4147464181230938,0.5622382080748287,0.41872099623824427,0.7564560270316387,0.9935485117522325,1.0334515811852538,-0.26358823062959097,1.4479124591708996,0.4377716392234766,0.971361397895,-0.8645670985650649,1.2857434901914098,-1.1221424826418627,-0.1559887214756692,0.07039240894988608,1.0047849712101846,-0.28025720068371746,-0.5279631634588026,-0.2888215183654349
1.3189961251831974,1.1862381485670064,1.2733306976581509,0.7636201528576367,-0.7417933234620321,-0.7655069338470606,0.846691607198319,1.4158641874144333,-0.8867371939187235,0.5264452264829083,-1.4988574992811399,0.7663765898296953,-0.9047464250294343,-1.3563541077409742,-0.06890943647580852,-0.9492216585532658,0.127829850227847,-0.5531294193799647,-0.8320087222062871,-0.828333904922535,-0.3829110644961311,-0.10579580628248555,-1.6450436823371064,-0.8464825001477131,0.7644114994109212,-0.0786399659336972,-1.5040195108630152,0.7575398186137043,1.1898861714015503,0.6530867296686514,0.853196221922327,-1.2850150876946904,-0.8877550822446851,0.7836521717669702,-0.6966490851340744,-1.442118728121058,0.3530187810843852,1.0931305826419673,-1.6219581221444133,-0.127270706132014,1.2447988106021788,1.3741252544722413,1.4788868978826257,-1.5261768703604797,0.8408322775550483,0.025512612931227002,-0.8217258951333865,1.2003104091376595,-0.5899394633292965,1.6441019388634386,-0.36953681029548
0.16568114309514734,-0.987698274954254,1.789918806848484,0.991815681754677,1.1003883436911641,0.3658248171710887,0.8731683548612476,-0.47937463200601577,1.8900022504418623,0.8804955534956612,-0.024746485074588542,-0.3083268925404229,0.9079363589479834,-1.1868754969153812,-1.0382433593663087,-1.3512639764431331,2.1162202134386714,1.1875607861571302,0.7415719323104953,-0.7480219560594846,-0.554262062582804,0.9587847345244873,0.6419487076932245,-0.6946566826978123,-0.2109170595746149,-0.16243065827256598,0.16453048826721123,-1.3856103811753973,-0.42816097995014474,0.6796832412567894,-0.7933970640426583,-0.8482122100669061,-0.0506844829612379,-0.8153164984702093,-0.5641895490146711,1.221244017285028,2.6150659651897716,-0.15735419486675933,0.32432140745590576,1.9356146422670277,1.0806399913870535,0.1939745516265077,-0.06926698896212954,0.5214031358016056,0.07920224002073484,-0.011555959114943892,1.6046984785251184,-0.9721865283012364,-0.5680178236957257,1.333107723863707,1.4904100792798811
-1.884818649522657,-1.0584463069254606,-1.7885921149122226,-1.4642438699711555,-1.1095852934768995,1.0868921591322505,1.8803457598581645,-0.5687815852413565,-0.7346673629625871,0.8749978597152216,1.3993034221697727,0.814380584057537,0.20267126694604082,-1.5166114835265334,0.880900113905758,1.6917098427108235,-0.5623605141995356,1.319052355360018,1.029311485847475,-0.5519739792097951,-0.00421789367609221,0.9019142770868458,1.0604900878708223,-0.6532314685965627,0.9732266089388174,-0.6013449076861386,1.3460248508895096,-0.9269004554082566,-1.6362061978762954,-0.1671905063120056,1.3390124767223515,-0.6570466510079245,1.4672174179170991,0.813627280553522,1.7237837735212462,1.5763641539287663,-1.1602087790098217,1.9026797196295866,0.5191608798278506,-1.43633004745086,-0.9669253495121565,1.3414588069883442,1.265230606254865,0.1923563665091591,-0.5887742820265003,-1.1108841646506895,0.6317454085268499,-1.8436680623493156,1.655407155644768,-0.3791401397870564,0.024414386663558607
1.226211732683311,0.32063344599372323,1.947740147272075,0.1727412411176833,1.0929396141024617,1.0681133234033513,0.33799233660406963,-0.9899841173255316,-0.5888881866922786,-0.3920069526710337,0.8032603145667201,-1.453913226209964,0.4479965600597963,-0.18942528198409345,-0.10075151594178272,0.10395562117987064,-0.12210546941022743,-1.0571211446225257,-0.32074193829209136,-1.624597198594547,0.3717684465175224,-0.22460664836159105,0.8852230623819798,-0.7857668194865184,-0.64356282743171,-0.7447276642413722,0.3140710601167537,-1.3981627079923133,1.2709444556886045,-1.5316317307562284,0.9087477008770389,2.0163425006537556,-1.6482178247756682,-0.37106678400302273,1.3398870955197668,-1.0760175041271502,1.6757589552282268,-1.4846977024084385,-0.5995400768498592,1.0478972410097567,0.8785290858449546,-1.3323378592133477,-0.5959743187811262,0.499013712304464,-0.07693591856172932,0.043589273993820676,0.48049384304392184,-1.572178063832692,1.472424112642136,1.8271304973543518,-1.5899725993586697
-1.5013496357915335,-1.4531132952278338,-0.5678759654222116,-0.5088724082041236,-0.8577143551184068,0.566131074835587,-0.7367757995615637,0.8089362103696476,-0.08080086723642604,-0.4135405377354659,1.1458537726081126,-0.3923268065891579,-0.09435742832541101,0.8146992246161179,1.381314774522885,1.2096315946987657,2.0692501030037613,0.5595882283404011,1.1495089120301423,-0.21693683472944206,0.7921582508682738,0.2557815172054424,0.2574391104057226,-1.5417554205274193,1.1137077236097632,-0.4622837189764964,0.19520270117945993,1.0343282876475184,-1.3011691130251613,2.212689474594809,-1.7901599549795293,0.5007121688223434,-1.9220952336027346,1.674105094115139,1.7363567979422263,1.5914372818284586,1.123146536895406,0.05362074638398223,-1.3849929746179894,-1.2715200119536294,-1.2742170650685432,0.6289802475375428,2.0576291893198997,1.1402175705479944,0.8817831430979766,1.3201957789674938,-1.0114293202115823,1.174037540921141,-1.830072864512918,1.5859789415522725,-0.40369419606632595
0.3843666600912031,-0.11044697879709546,-0.275362769457308,0.821787324120655,-0.6688937077331671,1.5017484024496763,1.2350251551911007,1.3351754298974683,-1.3583880828680417,1.20951318300436,-0.18031004464152872,0.7792426627450612,1.01367957377626,-0.695669315386411,-0.7258900243049637,-1.9915671315479717,0.6233662925319805,-0.44494354517587675,-0.7901087112675075,0.9612557920912975,0.9393946861128847,-0.2480635584759608,0.9194189195554603,-1.5429521774273611,0.5303027034583323,-1.2024009812901424,0.6947316641588104,-0.30173405233779294,1.443920211757259,-0.05525777235950502,-1.0667669623096174,0.6011809032801347,0.9031504959882022,1.8387323051547457,-0.06362062884935787,1.0229201552233365,0.9818135706160367,1.5493884513770377,-1.3427531840360976,0.17357022282539109,0.2664538181572289,0.6492402075756991,-1.548817928542278,0.2931602536055082,-1.482165352613391,-0.9760611792661888,0.8617975891240455,-1.2460742584487123,-0.5999175770522033,-1.437931107267504,1.040551585185275
1.0970350757687903,0.5862422396154927,0.9608005255675288,0.5389481869559949,-0.4676648993819516,-0.8019388089192641,-1.4373797839092135,-0.10194736179766145,-1.0548687637877108,1.3258977333042117,-0.02932699154393903,-0.6401451867700905,-1.2164983893771086,1.2451573123523914,0.3216411207101259,1.546262261322958,1.063719003303202,-1.5127883628218124,1.0644768739564674,-1.314418422641905,-0.5000063976223709,-0.5964524454651721,-1.3050610174091561,2.1608740895019336,0.8589767809926541,-1.6728724290227117,0.8456047728954171,-0.27920613921574644,0.9397882786497115,1.133259377885556,0.8584029741507218,-1.2226191719816948,0.9565801269717809,0.8686670368333552,1.4708747666001252,-0.9884192407682655,-0.7597139565900043,-0.9405495278784662,0.39400462787729623,0.11783695377608999,-0.6258528312528508,-0.2355069702869368,1.4078190465417963,1.4289315780596388,0.9682504505455471,-0.5406266227263756,-0.5953802024307683,-0.24876743996433798,1.0516440256904165,-0.19470644165124895,-1.4117868961616078
-0.7750046119111431,0.29551336344867746,-1.2754233186839925,-1.7781334986363677,0.5735905472263683,0.30078564863328383,-0.19078456406847677,-0.2716894142967247,-0.3799272170685705,-0.966067088740566,-1.4759418457258984,0.6908401715690367,1.2292920614578406,1.868710960359443,-0.7405421018345253,-0.3185615863175678,-0.7198923983282818,-0.5240898715914092,-1.2026175417228682,1.9532569744067958,0.5105734935884516,0.8885824092490392,0.29007478732733927,-1.029072504645624,1.1221551484848655,-1.5879641184475175,-0.300326258405907,2.1338061601501432,-0.12182593524902953,-0.6575790372228649,0.4722585892756442,1.62026848296241,0.1872928902029828,0.8540334759010997,-0.7437156278180428,1.3450578701240319,-1.1363462739663523,-0.2810400624192795,0.3020471117075477,0.3343822404694389,1.840945847802258,-1.310335255904065,-1.3270816445971045,0.8968479295176977,0.004649768236995949,-0.15286102738483437,-0.1350780626101764,0.13967884668892314,1.0879381161658703,-1.9565921655876384,-0.5786810838423774
-0.1451158960845219,0.2877495769483946,-0.10259438318481554,0.12074719180509592,-0.9707675592841459,1.5895253758200725,1.3379447465341037,0.6077907552984971,1.4020898076794919,-0.49370739073548536,0.39889738738031255,-0.2990260736275604,-1.2061560571992989,2.229398135053147,-1.5041565043399425,0.661735474161699,1.3812038388664094,0.2675619924126203,1.0287164609599624,-1.425889483672886,0.22336047120377814,-1.802786338089806,1.3071877314245808,-1.289129515574155,1.657106766837231,-0.24899704135165684,1.3042388738757644,-1.1739678555185677,-0.3568268661833966,2.028327967551379,-0.14848770584591262,0.06236171480214958,-0.8583336038494,1.0255902674673856,-1.6553152751466182,-2.08879676212274,-0.8810326497511295,1.6214198815171923,-0.9008304230165611,0.9499832270788673,-1.2266385486265334,1.3222850829620476,-1.0986326825402173,-0.6378756243134761,-1.7595360977910113,1.6781820975325419,-1.2090412572902884,-1.161582341145758,-0.7260711431972896,-0.763478560310983,-0.06803938298014323
-1.7879657440085595,-0.612671001342953,-2.0373852466218336,-0.18922456957824796,-0.07064371235377237,1.5866804149060147,0.5656963066833451,-0.34310429816020627,0.7020078223445105,-1.0683793645822264,0.773372292052226,1.484111923930015,-1.2286048113896848,0.7362727967359988,1.364975966733984,-0.11632717497488046,0.5059753319449319,-1.1303206955686915,-0.33393132669229464,-0.49139689915980633,-0.6868792791416095,0.9521947688835577,1.2944454378908279,0.9981310483117545,-2.0539485468218817,1.3954969193429336,0.6444757422870199,0.042098249098139695,0.2718976927962151,0.9947886986321157,1.1324127098617291,-0.3664310564551565,1.1550993792007807,1.2837464640146954,-0.38951606329245575,-1.2605754513213943,1.3223117394755088,0.5935883661510636,1.5111604686468172,1.147290095247685,-0.5756651724410634,0.833943950093715,-1.0010367532323898,0.37487522844503024,0.9655687675945624,0.900762276236903,-0.30297601905727434,-1.2926245972030737,-0.6463909898559129,0.4716577789760987,0.7581553163134932
1.1335484094279082,0.3630897537608061,-0.3669703216198622,-2.1910808054889928,-1.1797669918383853,-0.5584825710768381,0.9391437588007454,0.7038985024795054,1.2316830325974149,1.0009990979825647,-0.30133234967698574,-1.414080461677899,0.533722324943529,1.2862530197170292,1.6359666955896817,0.20753882196607695,0.9478766639987266,1.2498575559378604,1.4558103338544157,0.8487475885005499,-1.197648010832681,-0.7649202640767128,-0.4449566197678027,-0.19554167777073556,-0.7449054943176461,-0.9920774532944889,0.36369604692889324,0.31070236113905525,-1.3992590245123042,0.7927135409474512,1.0342519081339803,-1.1358940867299114,-1.6565508472768968,-0.522359715512257,-0.4856157699462486,0.7743200960618182,1.484204177484891,-0.08697510436603538,0.9026510496557305,-1.3100219993652047,0.4935822361368597,1.0234632206625005,1.3060936380169146,1.2236803441492685,-1.09651746913984,-1.631768888799094,0.06495563295637702,-0.9724317889097474,-0.822178857051729,-0.9363737178550395,-1.9563924717632577
-1.682113814342243,-1.6849776185015122,0.19780610642294733,1.3184273485817255,0.5192836066502085,-0.9700020013128905,-1.8497182820320779,0.5660707637345456,-0.6859814641844781,1.183980874784927,-1.523237599545514,-0.2725402762165371,1.4941178762209724,0.9385278879199277,-0.4161668134867018,0.9323532526084944,-1.3191195095599384,0.6329702768055764,0.3866059913873618,-0.04063130718429174,1.8170238720764402,1.8904581166568428,-0.6775696522686552,1.1636189560280596,-1.3323740002976225,1.934145683784582,-0.6805958713698573,0.33106712788177706,0.8780920455470943,-0.8154462767966301,1.2706408693203113,-1.1867191257714205,1.1124303058703269,-0.6673772741341664,-1.1153379874593583,-0.11537979404479345,0.24783256808549098,1.8095882082608838,-0.882283581591429,-2.0316700381792394,-0.3135114022177583,1.2277950660968475,0.7580309437351499,0.14700633337613941,0.558522417750782,-1.5545984361851553,0.2681460003211586,1.1629083666262126,0.9925598921320702,-0.5055291624208922,0.05689511724635554
-0.3900725343452106,-0.2823457177714306,-1.1131716430588454,1.7617168212728904,0.5087739164034839,0.01478318589690765,0.06793819589034733,0.4249336744583462,-0.6684275081923454,-1.513184982467728,1.4505931928692302,1.5785202005964751,0.27003903615964203,-1.5309288562353556,-0.7242046085771618,0.6727157588066379,2.174729822689816,-1.0743969909406255,-0.6000888140901014,0.9740540034558609,0.020288784610138166,0.12527301054682427,-0.941616266367916,-1.2169675947898884,-1.3265230060808302,-1.1246592889049623,-1.9290686810275124,-1.1003207808161848,0.8043020242176289,-1.602262846024033,0.8425253913328613,1.70931453978173,-0.4817183113558068,-0.6961127063322731,0.9143751435732985,-0.35633411187557346,-0.16859753012369233,0.7389635547433339,-1.2136472010714852,-0.5524622682625981,0.952717856214627,1.3750185845172735,-0.6310316961117229,-0.41028012098924516,0.1675768412687975,-0.5933574367329344,0.6511927884509705,0.7125162484578843,1.6533263075887,-1.696123036434365,1.362466620031847
0.17763173995515558,1.3053174923889657,-1.1104366746671879,1.577622212481313,1.2549910933383945,-0.2935340053418744,0.699214628292223,1.8749185000800455,-0.4678007985417545,1.491447231476976,0.028113283536218503,0.11513922946174138,-1.01158923612271,1.3332847017142588,-1.2395597002054537,-0.45568082701391854,-1.6635896000040473,0.5673608558528386,-0.017198634028673387,1.6471420714310694,-0.0872204514575638,-0.5499871033532638,0.2526334311185853,-0.21257599243516945,-0.5165987803674905,0.22276475780107385,-0.661737232280545,1.1670959130309198,1.6488271404160018,-0.17760472940870067,0.325434061897624,-1.1092014361879672,-0.4105649105904803,0.7532546158242472,0.45515053298994673,0.6285884220778879,0.884163336712173,-0.26819535471695855,0.3633959255753068,0.4726174806366744,0.99487392045048,1.0473400665758954,-1.7282944476342037,-0.18917430976421487,0.5518804464363141,-0.3320856956812556,-0.8331406519147768,-0.730528555869776,-1.5700715897078987,0.42949513997750144,-0.20170937575521933
-0.6894791301585362,0.24241279660773962,-1.41372264143456,-1.878019311788038,1.6518777905422397,1.4745742339346712,-0.4875078085047943,0.48644135010165523,-1.151053406511317,-0.5599017783323389,1.3792240797313655,1.2024429366382015,-0.2551057274680333,0.9368273651513681,1.2551982518560094,1.5639452760733579,0.6033822722377172,-0.08005849112681393,-1.2108126590162263,-0.08417207901716933,1.2566949924927528,-1.9215823885842533,1.1013698547498343,0.7386598872069767,1.4889388707873923,-0.5685884410665174,0.419708249998826,0.5356478760621218,-2.1015503483273688,-0.40891159315053816,-1.5024551007652842,1.1069348997946054,1.0106586197590866,-0.1640927209345453,0.8415234408717311,-1.5536106960779827,-0.7728004579565092,-0.9153991702138946,1.2616372182768336,-1.5273978985505456,-0.8351094835808914,2.135134446387282,0.5657363773325306,1.368670684357839,0.021920708191530233,-1.196471150167068,1.7021432372740137,-0.2699655793078576,1.652869277019005,-1.9547612902592235,-0.46607450048387145
-1.8932156974971333,-1.9821442277171366,-0.7821285540192785,1.4708163067228834,-0.5222707895503065,-0.12404617484960045,1.1907008842578328,-1.1676951253562975,0.21908932346395144,0.8432659953398399,-0.8749803520408698,-0.14652327323292688,-0.21720679787071362,1.2075423586274272,-1.2221984596598627,-0.8822042194731357,0.7985159842832246,-1.1324185691070643,-1.3925733958216786,1.3846789623922267,0.09987626896580686,-0.19239941642507116,-0.5899263586092857,0.5704860677478515,1.188228165746005,1.7480247958590673,-0.5420863651221204,-0.15441215249037563,0.9861994649591235,1.7733714672691456,1.370199047238992,-0.2815582077995308,0.7584985576481043,1.4575137257215145,-1.29003375773358,1.8783092422317957,1.3911194390643262,0.803212119047293,0.977789415410106,-1.5251220432570884,-0.4834540722051188,1.6056294732918208,-0.050928571862965025,1.1648247058214642,1.8236323786609263,-1.6017363774936815,1.1749985883520147,-1.7322713668311815,0.7956763227541735,-0.050688145035684695,-0.21195710002399495
-0.004192220376744417,-0.76373791799093,0.6202159492204086,1.2163456704063345,1.3447085122224336,-1.7682263135975334,0.534408533023212,-1.5861266801225045,1.016491339322904,1.7008486077196159,0.7478504028498703,-1.0890235326806792,-0.19352570892290616,0.10443694213001689,1.274156538226156,0.8010213056419423,-0.8964565859263963,-0.29551758722077875,-1.15943326530479,-1.090755274386164,0.9853560597678126,0.47496146779273873,-1.0972028217638856,-0.3349130884354822,-1.016173620689683,-1.385728164253885,-1.897259337428344,1.4687552279792302,0.8812736405264796,-0.38206476286493557,-0.7502298122333974,0.04030843401619389,-1.3410075727814392,-0.8563003310764764,0.5191910101209906,0.8502904315732989,-0.39834667225238907,-0.13941239165731834,0.9644625908169242,0.9484152303619597,0.7842753804916651,-0.7868395806932005,1.2273207997480728,-0.43543950382032304,-1.1662663712876424,-0.35002915131553825,1.355965098155914,-0.9831371371558645,1.0393094640769334,0.2870594345502991,1.487451881336423
