feature_1,feature_2,feature_3,feature_4,feature_5,feature_6,feature_7,target
0.6688722232524421,-0.8129625735084164,0.5319700837441912,-0.15673693702178182,-1.4409210780919006,0.9567008157680584,-0.9752765350325644,3.663559913635254
0.9340648304781951,-1.0167125436616733,0.8547677297354173,-0.46049070038434087,-0.8427370927776053,-0.503019684335784,0.9710246155958071,3.0445199012756348
-2.1159592623694277,-2.2392126635214558,0.5857698624336336,0.04576556685738689,-0.7151400957643038,-1.3788519843980895,-1.0800773662202459,3.71357011795044
0.4684591598339679,0.09607596613791951,-0.11362469516554655,-0.055485685082197464,0.42035595723209757,1.3946169657992111,-0.7507033253446753,2.9444398880004883
0.6857622243934195,0.5192490629927308,1.2851641634964566,0.9570268418574522,1.7080318936197691,-0.7949637843565526,-1.1549351027828756,4.0604400634765625
0.7994277917030496,0.7856914351339962,-0.49022173504167926,-0.25798818896136616,0.6895972893858835,-0.503019684335784,-1.3894893440124485,3.68887996673584
0.7338982695432447,0.2998259923424716,-0.7054200160562882,0.24826807073655566,1.0173693459209272,-0.7949637843565526,-0.9103998300116186,3.332200050354004
0.6996606015883405,0.9894414052872532,3.0605499337664135,0.04576556685738689,0.9237201869109146,0.3728126157265214,-0.7806464199697273,3.367300033569336
-0.11114147524389001,0.5192490629927308,-0.6516204297691137,-0.055485685082197464,0.49059282648960695,-0.503019684335784,-0.8954282826990927,2.079440116882324
0.6078076682012767,0.04905673938197327,1.0699658183477583,-0.055485685082197464,-1.1470968595601458,-0.3570476343253998,0.8412712055539157,1.9459099769592283
-1.188874765313983,-1.533924150079672,0.101573649983152,-0.15673693702178182,-0.7151400957643038,-0.9409358343669368,-1.06510581890772,3.332200050354004
1.2092209372017009,0.12742212976439368,0.639569384586719,-0.46049070038434087,-0.7373817888913413,0.5187846657369056,1.23053143567959,3.2188799381256104
0.3438868392754733,-0.8756549007613648,1.5003625086451549,-0.15673693702178182,-0.7034339508880523,1.1026728657784426,-0.9453334404075125,5.384500026702881
0.7361124290191432,-0.2644048221477084,-0.9744178833580719,-0.46049070038434087,1.1110185049309396,0.3728126157265214,-1.299660060137293,3.931829929351807
0.7234954284509639,-0.2800779039609455,-0.7592196023434629,-0.15673693702178182,-1.4643333678444037,-0.7949637843565526,-0.8055989988239372,2.833209991455078
0.5568257191576022,-0.48382791148173254,1.0699658183477583,-0.25798818896136616,-0.87785552740636,-0.06510353430463134,0.5817643854701329,3.0445199012756348
-1.645248154446981,0.7856914351339962,-0.32882304031424486,-0.3592394409009505,-0.8462488826540022,-1.3788519843980895,1.3503038141797974,2.995729923248291
0.575454326310689,0.6759798437575716,-0.5440212571947646,0.9570268418574522,0.6778911445096318,0.8107287657576742,1.1307211202627505,4.219510078430176
0.6938963700621196,1.5693453389582004,-0.43642208462041515,-1.6755056934841293,2.2090547514260597,0.08086851570575292,1.3353322668672716,3.0445199012756348
0.5732584909132117,-0.562193301864153,-0.5978209076160285,-1.7767569680551318,0.8089999313993302,-0.21107558431501558,1.000967710220859,3.58351993560791
0.33821422814135843,2.008191554993779,-1.40481444538729,-0.9667469525384568,0.2190103010848898,-0.21107558431501558,1.450114129596637,2.484910011291504
0.5075828124136185,-2.051135756497671,0.26297234471058617,-0.3592394409009505,-0.8322015445268194,-0.06510353430463134,0.7414608901370762,3.332200050354004
0.8318448315805301,0.5349221261222028,-0.9744178833580719,0.04576556685738689,0.2330576392120726,-0.7949637843565526,-0.9203808615533026,3.1354899406433105
0.3427524915636829,-0.562193301864153,0.6933689067398042,-0.055485685082197464,-1.0276941728913003,1.2486449157888269,0.526868711990871,2.079440116882324
0.42655373763494225,0.4095375463513663,2.1459572875548925,0.34951931513233403,0.7961232792084105,-0.06510353430463134,0.8262996582413897,3.68887996673584
0.9496551309140097,-0.5151740751082068,-0.00602552259119739,-0.055485685082197464,-0.6800216611355491,-0.503019684335784,-1.299660060137293,3.9889800548553462
-0.30629378300514554,0.4879029367337867,0.8547677297354173,-0.7642444637469001,-0.8696611724065053,-0.6489917343461683,1.3053891722422197,3.0445199012756348
0.3045987062776132,0.34684521909841787,-0.9744178833580719,0.8557755672864498,0.6895972893858835,1.2486449157888269,-0.6708550730112037,3.5553500652313232
0.4826590117476763,-0.12334712319610465,1.5541620307982402,-0.3592394409009505,0.7773933759577701,0.9567008157680584,0.8861858474914935,1.791759967803955
-2.0063468066915413,-0.5308471382376788,-0.5978209076160285,0.5520218039238907,-0.7994243031489959,-1.2328799343877053,1.0907969940960147,3.0445199012756348
0.720503368217326,0.03338365756873618,-0.5440212571947646,-0.15673693702178182,-0.4927233431155241,-0.7949637843565526,-1.2297928393455053,2.564949989318848
0.8666684337573322,1.0834798587991457,0.8547677297354173,-0.3592394409009505,-0.8790261240318257,0.6647567157472899,-0.5760352733652061,3.4657399654388428
1.1195359168069012,1.5536722010936683,1.1237655970372007,-1.067998166759011,0.7481280137671412,0.6647567157472899,-0.595997336448574,4.605169773101807
1.1840593598038642,1.3342491678109392,2.199757066244335,-0.6629931891758977,0.7598341586433928,0.6647567157472899,-0.49618702103173445,3.0910398960113525
1.1439113039829507,1.3655952940698832,0.9623667740415878,-1.067998166759011,0.783246448395896,0.6647567157472899,-0.5161490841151024,4.158880233764648
0.4485038021456677,0.12742212976439368,0.6933689067398042,-0.055485685082197464,-0.28201273534299603,0.9567008157680584,-1.2447643866580311,1.791759967803955
-0.47379592900392886,-0.6562317927435756,-1.4586140316744645,0.9570268418574522,0.88860175228216,-0.9409358343669368,-0.8804567353865668,2.484910011291504
0.6688722232524421,-0.3270971307168917,0.5319700837441912,-0.3592394409009505,-0.9609691381655866,0.3728126157265214,-0.8105895145947791,3.2188799381256104
-0.23544809666527683,-0.6248856291171013,-0.32882304031424486,0.45077058970333644,-0.8263484720886937,1.2486449157888269,0.43204891234487347,3.737669944763184
-0.45194664692452013,-0.40546252109931213,-0.49022173504167926,0.9570268418574522,-0.7034339508880523,1.5405890158095954,-0.6858266203237297,4.248499870300293
0.7997755129054714,1.0678067956696737,0.4243710394380206,-0.7642444637469001,0.45547439186085226,0.08086851570575292,-0.5161490841151024,4.007329940795898
-1.457141454838688,0.4095375463513663,-0.16742421731863158,0.24826807073655566,-0.7771826993327562,-1.3788519843980895,1.2754460776171679,2.9444398880004883
-1.9560973844971343,-0.6719048558730476,0.3167718668636715,-0.25798818896136616,-0.9434099208512092,-1.3788519843980895,0.531859227761713,1.9459099769592283
0.7704513156929456,2.4313644836947046,0.101573649983152,-0.25798818896136616,0.985762790479367,1.1026728657784426,1.465085676909163,3.8712000846862793
1.1356209673600888,-1.2674818526734668,0.9623667740415878,-0.15673693702178182,-0.9492629932893349,-0.6489917343461683,0.9710246155958071,2.995729923248291
0.3192378997858496,-0.21738559539176217,-1.2972153048799853,0.9570268418574522,-0.6179790575670967,1.2486449157888269,0.5518212908450809,4.077539920806885
0.5313901531586092,-0.18603943643622925,0.6933689067398042,-0.3592394409009505,-0.8954147447207373,0.08086851570575292,0.5917454170118168,3.2188799381256104
0.35289006980643733,-1.6906549308445131,0.3167718668636715,-0.25798818896136616,-0.7338699097041468,1.1026728657784426,0.6865652166578143,2.995729923248291
-0.48213120324768094,-0.3270971307168917,-0.16742421731863158,0.5520218039238907,-0.9106327241287846,1.6865610658199797,0.4270583965740315,2.708050012588501
-0.7397843247782611,0.6132875165046232,-0.9206182970708973,0.9570268418574522,-0.42951014292160616,-1.670796084418858,1.3802469088048495,3.0910398960113525
0.5767719148066918,-0.07632788709827591,-0.9206182970708973,-0.46049070038434087,0.3618252328508398,0.08086851570575292,-0.9054093142407766,4.0604400634765625
0.53092332544645,1.2558837774285188,-0.5440212571947646,-0.15673693702178182,0.5257112611183616,1.2486449157888269,1.3253512353255876,3.610919952392578
-0.529352353339189,-1.5809434142031484,0.2091726942893223,-0.055485685082197464,-0.8181542063996367,-0.503019684335784,0.6915557324286563,2.564949989318848
-0.011685358174760416,-0.49950101197873475,1.3927634643389843,-0.15673693702178182,-0.9375568484130834,1.3946169657992111,0.531859227761713,1.6094399690628052
0.44090934421523104,0.33117215596894584,-1.0820169917983318,1.9695392254647874,1.5219042615360074,1.2486449157888269,1.1556736991169603,5.087600231170654
0.7220037612099596,0.26847982871599746,0.9623667740415878,-0.055485685082197464,-0.07130212757046797,-0.7949637843565526,-0.9153903457824606,2.3025898933410645
0.493766893571593,1.9768452792647142,0.3705715172849356,0.14701682634077726,0.8862605590312287,0.9567008157680584,1.470076192680005,3.2581000328063965
-0.1677227391079946,-2.552674225051138,-0.05982517301246127,0.04576556685738689,-0.8286896653396248,1.3946169657992111,0.7414608901370762,3.663559913635254
0.43682874646585584,-0.374116376156603,-0.5440212571947646,-1.067998166759011,0.8265591487137076,-0.06510353430463134,0.9460720367415972,3.0445199012756348
0.5281603161930776,-0.1076740448860735,-0.32882304031424486,-0.25798818896136616,-0.7970831098980647,-0.21107558431501558,-1.2248023235746632,3.40120005607605
1.0733304442050269,-0.2644048221477084,-1.0282174696452464,0.45077058970333644,-0.9843814279180897,-0.6489917343461683,-1.2198118078038214,3.40120005607605
0.493766893571593,-0.76594330938494,-1.35101489116716,-0.8654956779674544,1.4481553344697082,0.08086851570575292,0.4470204596573994,3.970289945602417
0.6927340999451158,-0.7189240826289939,0.9085672518885025,-0.3592394409009505,-0.8556138342793225,-0.7949637843565526,-0.7257507464904654,4.727389812469482
0.9014553877772917,1.161845249181566,1.2851641634964566,-0.7642444637469001,0.8066587381483991,0.3728126157265214,-0.49618702103173445,4.304069995880127
0.12804751955181276,-0.8756549007613648,0.8009679510459747,-0.25798818896136616,-0.7783532959582218,1.5405890158095954,0.6466410904910785,2.564949989318848
0.8663481986725421,-0.7972895103789442,1.5003625086451549,-0.055485685082197464,-1.4409210780919006,0.08086851570575292,-1.1449540712411916,3.784189939498901
-0.4007727313450041,0.8483836876518844,-1.0282174696452464,0.9570268418574522,0.993957056168424,1.6865610658199797,-0.5560732102818382,4.955830097198486
0.7952922217184107,0.3938644458543641,1.3927634643389843,-0.25798818896136616,-1.1026134733060708,0.9567008157680584,1.2255409199087481,3.663559913635254
0.38696325734313186,-0.2800779039609455,-0.7592196023434629,1.2607805448695633,-0.6097847918780397,1.1026728657784426,-1.334593670533187,5.267859935760498
-1.8823237721981019,-0.750270246255468,-0.8130191244965481,0.8557755672864498,-0.8907322689080772,-1.5248240344084738,-0.7307412622613074,3.4657399654388428
-1.7230565542993355,1.099152996663678,-0.8668187107837227,1.5645343685825703,0.5058108505530531,-1.2328799343877053,1.460095161138321,2.079440116882324
0.17684235894963923,-0.9540202911437852,-0.7592196023434629,-0.3592394409009505,-0.7151400957643038,0.08086851570575292,0.6965462481994983,3.367300033569336
0.4098740271082275,0.22146060196005118,-0.05982517301246127,-0.055485685082197464,-0.9223388690050361,0.08086851570575292,0.7913660478454959,3.29584002494812
1.0252035610944126,-0.8756549007613648,-0.9206182970708973,-0.15673693702178182,0.6427727098808772,0.6647567157472899,-1.055124787366036,3.433990001678467
-0.08727959855121628,1.882806900487882,-1.1896161643726808,0.14701682634077726,-0.4400456911723921,1.6865610658199797,1.450114129596637,3.2581000328063965
0.09969275334528697,-0.6248856291171013,0.7471684288928895,-0.25798818896136616,-0.9235094656305017,-0.06510353430463134,0.5767738696992909,2.833209991455078
1.163280727449353,-0.013635578529092572,-1.2972153048799853,-0.9667469525384568,-0.6449032265067944,-0.6489917343461683,1.1456926675752763,3.637589931488037
0.50522206031035,0.4252106094808383,1.9845587210956368,0.04576556685738689,0.7411042553927525,0.3728126157265214,0.8512522370955996,2.708050012588501
0.5837625507243908,-1.1891164622910464,-0.5440212571947646,-0.5617419447801193,-0.7291874338914865,0.5187846657369056,1.025920289075069,2.995729923248291
0.6027113929622677,1.1775183870460983,-1.35101489116716,-1.4730031443421245,0.7621753518943241,0.22684056571613717,1.1007780256376987,4.007329940795898
0.058922115145632316,0.9737683421577812,0.4243710394380206,-0.3592394409009505,-1.0159880280150486,-0.3570476343253998,1.3303417510964295,0.693149983882904
0.30045353796618224,-2.4116165821508293,-0.8668187107837227,-0.5617419447801193,1.0279048048609156,0.22684056571613717,0.7264893428245502,3.526360034942627
0.869541387481232,0.4408836726103103,-0.00602552259119739,1.0582781164284547,1.4856151409709895,0.8107287657576742,-1.3445747020748708,2.6390600204467773
0.3093106121573579,0.4252106094808383,-0.7054200160562882,0.04576556685738689,0.8651894625296569,1.1026728657784426,-1.0201911769701422,1.9459099769592283
0.4831441635382574,0.6916529068870436,-1.2434157506598553,-1.1692494413300134,1.6260888794860082,-0.21107558431501558,-0.7806464199697273,3.71357011795044
-0.33909519224189044,-1.4242126334383076,-0.32882304031424486,0.04576556685738689,-0.9492629932893349,1.5405890158095954,-1.1299825239286656,2.833209991455078
0.5056888880225099,-0.029308651000447147,0.3167718668636715,-0.5617419447801193,-0.8954147447207373,-0.06510353430463134,0.9760151313666491,3.433990001678467
1.068216281175178,-0.20171251357852507,-1.35101489116716,-0.3592394409009505,1.2514922434459583,0.3728126157265214,-0.9353524088658286,3.29584002494812
0.5437418908772629,0.03338365756873618,-0.43642208462041515,-0.25798818896136616,0.5959481303758709,0.08086851570575292,-1.3645367651582387,3.1780500411987305
0.48508389812541897,-1.3771933693148313,-1.40481444538729,0.34951931513233403,-0.6214909367542913,0.08086851570575292,-1.085067881991088,4.812180042266846
-1.1446635632469528,0.6603067806280996,-0.00602552259119739,-0.15673693702178182,-0.9726752830418381,-0.9409358343669368,-0.5810257891360481,3.0445199012756348
-0.0918265877251699,-0.9226740901497809,-1.2972153048799853,1.2607805448695633,1.1695492293121974,1.5405890158095954,-0.8704757038448828,3.8712000846862793
1.0839627725651546,-0.09200096657604236,-0.43642208462041515,0.34951931513233403,-0.7151400957643038,-0.6489917343461683,-1.1948592289496114,3.68887996673584
0.5391853033765172,1.8984798888822938,1.2851641634964566,-0.9667469525384568,-1.113149021556857,0.08086851570575292,-0.6159593995319419,4.330729961395264
0.48508389812541897,0.2841528918454695,-0.32882304031424486,-2.0805106710672425,1.1929615190647005,-0.21107558431501558,-1.3296031547623448,4.615119934082031
-1.3430915181697938,-0.23305866786311674,-0.6516204297691137,-0.46049070038434087,1.3217291127034676,-1.670796084418858,1.1506831833461184,3.40120005607605
0.6141390735833929,1.0834798587991457,-0.9206182970708973,-0.25798818896136616,-0.6097847918780397,0.5187846657369056,-0.5111585683442604,2.484910011291504
0.8120635526372316,0.1117490479511566,-1.0282174696452464,0.7545242927154473,2.266415147114245,0.8107287657576742,0.5518212908450809,3.29584002494812
0.6896416935677426,2.3529992427824045,-0.00602552259119739,-0.3592394409009505,-0.1825105038948578,0.6647567157472899,1.4151805192007432,2.9444398880004883
0.8828176185849942,0.550595263986735,1.338963685649542,-1.1692494413300134,1.0641939254259334,-0.503019684335784,-0.7756559041988853,3.367300033569336
0.8093459172923307,1.1461722607871543,1.7155608537938531,-0.6629931891758977,0.6825735310114946,-0.7949637843565526,1.3253512353255876,2.8903698921203613
1.12315972145849,1.6947299934640974,1.5003625086451549,-1.4730031443421245,0.8417771727771537,0.5187846657369056,-0.591006820677732,4.905270099639893
0.057375911956945726,0.3154990554719437,-0.00602552259119739,0.14701682634077726,0.9588386215396694,-0.3570476343253998,-1.2098307762621374,2.6390600204467773
0.6672802098677024,-0.8129625735084164,0.9085672518885025,-0.25798818896136616,-1.3823903537106428,-0.3570476343253998,-1.1449540712411916,3.29584002494812
-0.03106437996795483,-0.9226740901497809,0.04777399956188788,1.2607805448695633,-0.7034339508880523,1.5405890158095954,-1.06510581890772,3.71357011795044
1.156793131113075,0.19011443833357702,-0.3826225624673301,-0.46049070038434087,0.7738814967705756,0.5187846657369056,1.1207400887210666,4.3944501876831055
0.9145758642144733,1.4439606844523036,0.8547677297354173,-0.6629931891758977,-0.6776804678846179,-0.503019684335784,1.4401330980549532,3.8286399841308594
-1.1191272148166438,0.04905673938197327,0.4243710394380206,-0.25798818896136616,-0.7268462406405554,-1.3788519843980895,-1.2048402604912953,2.564949989318848
0.4082911757626984,0.8327106245224124,-0.3826225624673301,-0.15673693702178182,-0.574666357249285,1.3946169657992111,-0.5061680525734185,3.332200050354004
-0.7178709084243781,-0.1076740448860735,-0.7054200160562882,0.9570268418574522,0.7926114000212162,-0.9409358343669368,1.1307211202627505,3.1354899406433105
-0.5119039040939455,-0.5308471382376788,0.9085672518885025,0.04576556685738689,-1.2032863460350736,1.5405890158095954,0.46698252274076735,0.693149983882904
0.6447721335402924,1.1148260597931499,-1.5124136019281167,0.34951931513233403,1.579264299981002,0.9567008157680584,-0.6359214626153099,4.007329940795898
0.8361453182709601,0.6289606543691554,3.3295478010681965,0.45077058970333644,0.7364218688908897,0.22684056571613717,0.8113281109288638,3.2581000328063965
-0.41233784255428857,0.2841528918454695,-0.2212238677398957,-0.8654956779674544,0.9717154523521839,-0.6489917343461683,1.1656547306586442,3.2581000328063965
1.061015790930798,-1.627962678326625,-1.1358165780855063,1.1595292702985607,0.5842419854996194,0.5187846657369056,-1.085067881991088,4.8441901206970215
-1.7230565542993355,-0.3584432943433659,-0.3826225624673301,-0.25798818896136616,1.2175444947534666,-1.2328799343877053,0.990986678679175,2.6390600204467773
-2.2597818998845867,0.4722298362367845,1.3927634643389843,0.5520218039238907,0.7118388932021236,-1.3788519843980895,0.8063375951580218,1.3862899541854858
-1.1918938753776713,0.15876827470710284,-0.275023389892981,0.7545242927154473,0.4777159956770924,-1.670796084418858,1.0758254467834887,3.2581000328063965
1.079167972044933,-0.23305866786311674,0.4781705615911059,0.45077058970333644,1.2983168229509645,-0.6489917343461683,-0.9503239561783545,2.3025898933410645
0.3523228959505421,0.4879029367337867,1.6079615529513254,0.5520218039238907,0.7598341586433928,1.1026728657784426,-0.7806464199697273,2.9444398880004883
-0.3414829941752092,0.6132875165046232,0.2091726942893223,-0.15673693702178182,-0.9609691381655866,1.6865610658199797,-0.5760352733652061,3.40120005607605
-0.6584808251108478,-0.5151740751082068,0.9085672518885025,-0.3592394409009505,-0.6683155162592975,-0.7949637843565526,-0.7207602307196235,2.995729923248291
0.38858275684550336,-1.6749817929799806,0.6933689067398042,-0.25798818896136616,-1.007793717670593,-0.21107558431501558,-1.1100204608452977,3.8286399841308594
0.7178773532645313,0.14309521157763078,-0.6516204297691137,0.14701682634077726,-1.2067981805668693,0.3728126157265214,-1.2397738708871893,2.3025898933410645
0.2957049839295951,-2.1295011468800915,0.15537317213623703,-0.15673693702178182,-0.7268462406405554,0.9567008157680584,-1.070096334678562,4.290460109710693
0.4600322651981097,0.550595263986735,-0.5978209076160285,0.45077058970333644,-1.273523215292583,1.1026728657784426,1.215559888367064,4.418839931488037
0.6361803221986431,0.20578750146304908,-0.05982517301246127,-0.15673693702178182,-0.7268462406405554,-0.3570476343253998,-1.2347833551163472,3.367300033569336
-2.1672793342887324,-0.4681548483522605,0.9085672518885025,-0.25798818896136616,-0.7502585303930585,-1.5248240344084738,-0.9852575665742483,2.3025898933410645
0.6962113119693348,0.3938644458543641,-0.7592196023434629,-0.46049070038434087,0.9237201869109146,-0.3570476343253998,-0.7806464199697273,3.9889800548553462
-1.7904433526934063,0.754345234139992,0.15537317213623703,-0.25798818896136616,-0.7385523855168069,-1.2328799343877053,-0.6359214626153099,4.127130031585693
-1.0517220923441508,-0.21738559539176217,-1.40481444538729,1.5645343685825703,0.010640886563292951,-1.670796084418858,-1.1599256185537177,3.68887996673584
-1.3575020969853462,0.4095375463513663,0.8009679510459747,0.653273078494893,0.9248908728471776,-1.086907884377321,0.8113281109288638,2.3025898933410645
0.8275264570992604,-0.09200096657604236,-0.2212238677398957,0.24826807073655566,2.269926847679844,0.3728126157265214,-1.289679028595609,3.29584002494812
-0.24940144609546153,-1.1264241350380981,-0.2212238677398957,-0.25798818896136616,-0.7502585303930585,1.3946169657992111,-1.1349730396995077,3.1354899406433105
-0.43589780824059265,1.130499122922622,-0.7054200160562882,-0.3592394409009505,-1.012476193483253,-0.6489917343461683,1.3303417510964295,2.079440116882324
0.746003504778374,0.4408836726103103,-1.2972153048799853,1.3620318194405656,-0.6250028159414859,0.9567008157680584,1.0858064783251726,5.252270221710205
0.6728245524528687,-2.2235395256569235,0.4243710394380206,0.04576556685738689,-0.7842063683963475,0.08086851570575292,0.6815747008869724,3.784189939498901
-1.1918938753776713,-0.4524817478552584,-1.0282174696452464,1.6657855224526765,-0.6238321300052225,-1.670796084418858,0.8662237844081256,3.970289945602417
-1.248127418039354,-1.486904885956196,0.5857698624336336,-0.3592394409009505,-0.7795238925836874,-1.670796084418858,0.6915557324286563,2.995729923248291
-0.5337715102517755,0.12742212976439368,-1.0282174696452464,0.8557755672864498,-0.9726752830418381,-0.6489917343461683,-1.1748971658662435,2.564949989318848
-0.4573631572483193,-0.734597183125996,-0.2212238677398957,0.24826807073655566,-0.8169835204633733,-0.6489917343461683,0.43204891234487347,3.2188799381256104
0.8394484515501774,0.09607596613791951,-0.3826225624673301,0.04576556685738689,0.8125118105865249,0.9567008157680584,1.0658444152418047,1.3862899541854858
0.53092332544645,0.3938644458543641,0.5319700837441912,1.0582781164284547,1.0993123600546881,1.1026728657784426,-0.8654851880740408,3.1354899406433105
0.16933995769889018,0.34684521909841787,-0.7592196023434629,0.9570268418574522,0.5842419854996194,1.3946169657992111,-0.595997336448574,4.0604400634765625
1.1168649642332162,1.0051144684167252,0.3167718668636715,-0.3592394409009505,-1.2887411947006302,0.3728126157265214,-0.6908171360945716,4.276669979095459
1.0238589227683594,-0.3897894579698401,-0.9206182970708973,-0.25798818896136616,-0.8556138342793225,-0.6489917343461683,1.015939257533385,3.4965100288391118
0.786627550350658,0.002037503284144516,0.9623667740415878,-0.055485685082197464,-0.7596234820183788,0.9567008157680584,1.010948741762543,3.2188799381256104
0.47387567015776705,-0.1076740448860735,0.15537317213623703,1.0582781164284547,-0.875514244844631,1.1026728657784426,0.4270583965740315,4.077539920806885
0.4388692634843342,0.5819413902456791,1.8231598981000239,-0.25798818896136616,0.8066587381483991,-0.06510353430463134,-0.7756559041988853,4.204689979553223
-1.2417043922651316,-0.07632788709827591,-0.9206182970708973,1.5645343685825703,1.9000125981416567,-1.670796084418858,1.0858064783251726,4.189650058746338
0.0550518080105198,-0.2644048221477084,-0.8668187107837227,-0.6629931891758977,1.3509944748940965,-0.503019684335784,0.990986678679175,2.484910011291504
-0.6187620762700888,0.22146060196005118,-0.2212238677398957,-0.055485685082197464,0.010640886563292951,-1.670796084418858,-1.2397738708871893,1.0986100435256958
0.18224970723422773,-0.21738559539176217,-0.5978209076160285,-0.055485685082197464,-0.9492629932893349,1.2486449157888269,-0.8854472511574087,2.484910011291504
0.783827892940443,0.37819138272489206,-0.32882304031424486,1.1595292702985607,1.6963257487435177,1.1026728657784426,-1.3445747020748708,2.484910011291504
0.7568640115436039,0.5192490629927308,-0.275023389892981,0.04576556685738689,0.3969436674795944,0.9567008157680584,-1.274707481283083,0.693149983882904
0.887822273431897,-0.8756549007613648,-1.2972153048799853,0.9570268418574522,1.0419523216096933,0.6647567157472899,0.6666031535744464,4.343810081481934
0.016248390515659357,0.9894414052872532,-0.8668187107837227,0.34951931513233403,-0.8743436482191654,1.3946169657992111,1.4051994876590592,2.6390600204467773
0.8130792301268654,-0.8129625735084164,0.3167718668636715,-0.055485685082197464,-1.4760395127206551,-0.503019684335784,-1.1449540712411916,3.29584002494812
0.6488252451720358,0.9894414052872532,0.3705715172849356,-1.067998166759011,-0.5980786470017881,-0.3570476343253998,-0.5710447575943641,4.174389839172363
1.0809436625014663,-0.12334712319610465,-1.2972153048799853,-0.46049070038434087,1.324070305954399,0.5187846657369056,0.9410815209707553,3.71357011795044
0.7629668022330363,1.6947299934640974,0.5319700837441912,-2.8905207469343654,1.2397860985697067,0.22684056571613717,-0.5560732102818382,4.025350093841553
-0.4947665278942815,0.1117490479511566,-1.0820169917983318,1.1595292702985607,-0.46931105336302104,1.6865610658199797,-0.600987852219416,4.644390106201172
1.0192744128624005,0.4408836726103103,0.9085672518885025,1.0582781164284547,1.1344307946834427,0.8107287657576742,-0.8654851880740408,3.40120005607605
-1.216460792801981,0.770018297269464,-0.7054200160562882,0.14701682634077726,-1.0780305869281022,-0.9409358343669368,-0.6109688837610999,1.791759967803955
0.5211971663930104,0.4095375463513663,1.9845587210956368,-0.25798818896136616,0.6298958790683626,-0.21107558431501558,1.1806262779711703,4.110869884490967
0.9160950175731096,1.4596338223168361,-0.43642208462041515,-0.46049070038434087,-1.13656131130936,0.6647567157472899,-0.6109688837610999,3.367300033569336
0.5876690697287642,-0.49950101197873475,-0.32882304031424486,0.5520218039238907,-0.7350405063296124,0.8107287657576742,0.43204891234487347,4.442649841308594
0.7539818957804935,-0.09200096657604236,0.6933689067398042,-0.15673693702178182,-0.7151400957643038,-0.7949637843565526,-0.7706653884280432,2.772589921951294
-0.019215681830722763,-2.474308834668717,0.04777399956188788,0.45077058970333644,-0.8790261240318257,1.5405890158095954,0.7514419216787601,3.71357011795044
0.9780836297218026,0.6916529068870436,2.1459572875548925,-1.4730031443421245,0.7212038448274436,0.22684056571613717,1.1257306044919084,5.170479774475098
0.770798600607786,0.5192490629927308,0.101573649983152,-0.055485685082197464,-0.7268462406405554,-0.7949637843565526,-0.7057886834070976,3.0910398960113525
0.6107722423172828,0.8640568255164166,3.3295478010681965,0.04576556685738689,1.2514922434459583,0.5187846657369056,-0.7556938411155173,2.708050012588501
0.48556861362841863,1.2402106395639865,0.4243710394380206,-1.3717519904720183,0.880407486593103,0.22684056571613717,1.1307211202627505,4.110869884490967
1.182933737843703,0.25280676558652543,0.5319700837441912,-0.8654956779674544,-0.8895616722826116,-0.6489917343461683,1.220550404137906,4.795790195465088
-0.9697323123111052,-0.9540202911437852,-1.1896161643726808,2.0707906207366866,-0.9492629932893349,-0.503019684335784,-1.1699066500954016,2.397900104522705
-0.6859477460891077,0.26847982871599746,0.5857698624336336,-0.25798818896136616,-0.7268462406405554,1.6865610658199797,-1.2098307762621374,2.995729923248291
1.1320434091921345,1.3342491678109392,1.177565119190286,-0.9667469525384568,0.8417771727771537,0.5187846657369056,-0.49618702103173445,3.1354899406433105
0.5532394352380187,-1.0010394805322014,-0.05982517301246127,-0.6629931891758977,-0.7455760545803983,-0.21107558431501558,1.0359013206167529,3.433990001678467
0.39448441895988356,0.754345234139992,2.038358243248722,0.8557755672864498,1.2526629293822213,-0.06510353430463134,0.7963565636163379,3.40120005607605
0.7855752247041816,-0.3897894579698401,-1.4586140316744645,-0.15673693702178182,0.9003078971584115,0.8107287657576742,-1.299660060137293,3.0910398960113525
0.5780895033026936,-1.0010394805322014,0.9085672518885025,-0.25798818896136616,-0.9878932624498854,-0.7949637843565526,0.48694458582413525,4.454349994659424
0.41668142224171417,-0.6719048558730476,-1.35101489116716,0.04576556685738689,0.28105290465334215,1.1026728657784426,1.0408918363875947,4.189650058746338
1.07000942313497,-1.878731837868298,0.26297234471058617,0.04576556685738689,-0.7385523855168069,0.5187846657369056,-1.075086850449404,3.737669944763184
0.117251147061057,0.03338365756873618,0.6933689067398042,1.1595292702985607,1.0641939254259334,1.2486449157888269,-0.830551577678147,2.564949989318848
0.19896606591778493,-0.8443086997673604,1.7693603759469385,-0.055485685082197464,-0.7151400957643038,1.2486449157888269,-0.9453334404075125,5.252270221710205
-0.8496345571880423,-1.0323856815262056,-0.6516204297691137,-0.46049070038434087,-0.3932211116673859,-1.670796084418858,1.0309108048459108,2.6390600204467773
-1.182853996689865,0.03338365756873618,-0.7592196023434629,0.45077058970333644,-0.574666357249285,-1.3788519843980895,-1.1748971658662435,3.1354899406433105
-0.17766835081490756,-0.1076740448860735,-0.8130191244965481,-0.25798818896136616,0.8534833176534052,-0.21107558431501558,-0.9952385981159323,1.9459099769592283
1.1424924967680499,0.03338365756873618,0.101573649983152,1.1595292702985607,1.2514922434459583,-0.6489917343461683,-1.3395841863040288,4.727389812469482
-0.9913708674886699,0.20578750146304908,0.3167718668636715,0.34951931513233403,-0.9000972205333975,-1.670796084418858,1.0957875098668566,3.367300033569336
0.4753394149935581,0.8327106245224124,-0.3826225624673301,-0.25798818896136616,0.4847397540514811,1.2486449157888269,1.3003986564713776,3.2581000328063965
1.0105826916645972,-0.09200096657604236,-1.2972153048799853,0.7545242927154473,-1.5228640922256615,0.5187846657369056,-0.9902480823450903,3.737669944763184
0.8887554925686354,0.17444135652033993,1.3927634643389843,0.04576556685738689,-1.5462763819781646,-0.503019684335784,-1.1549351027828756,1.791759967803955
0.6708486059964461,1.7260761197230412,1.5003625086451549,-0.8654956779674544,0.8382652935899592,0.22684056571613717,1.3503038141797974,4.0604400634765625
1.0789123075221987,-0.8129625735084164,-0.9206182970708973,0.34951931513233403,-0.6226615333797569,-0.6489917343461683,0.5568118066159229,3.912019968032837
-0.5308252602141899,0.17444135652033993,-0.43642208462041515,-0.055485685082197464,-0.09471441732297109,1.6865610658199797,-1.2447643866580311,0.693149983882904
0.6191803765871375,1.9141530267468263,-1.566213172181769,0.24826807073655566,-0.3171311699717507,1.3946169657992111,1.450114129596637,3.1780500411987305
-0.2813154463915212,0.15876827470710284,-1.2972153048799853,-0.055485685082197464,1.4973212858472411,-0.9409358343669368,-0.8505136407615149,2.8903698921203613
0.522588051202698,0.5035759998632587,-0.05982517301246127,-1.8780082426261342,-0.4377044979214607,-0.06510353430463134,1.210569372596222,4.174389839172363
0.9482005481174293,-1.3458472430558872,-1.40481444538729,-0.25798818896136616,0.42035595723209757,0.6647567157472899,-1.0800773662202459,3.737669944763184
0.6548913877046255,1.2402106395639865,1.2313646413433714,-0.5617419447801193,-0.1029086830120281,0.22684056571613717,1.3053891722422197,4.007329940795898
0.46201780998132436,-0.8913279638908368,0.4781705615911059,-0.3592394409009505,-0.7877181582727444,0.08086851570575292,0.6216885116368687,3.0445199012756348
1.1630521127566693,0.33117215596894584,0.04777399956188788,0.653273078494893,-1.3929258796337292,0.6647567157472899,0.4270583965740315,4.110869884490967
0.918812216630429,-0.06065480995598007,0.3705715172849356,0.5520218039238907,-0.8626375033429139,0.8107287657576742,0.9760151313666491,4.477340221405029
0.6082282494298021,-0.23305866786311674,0.5857698624336336,-0.5617419447801193,-0.9609691381655866,0.08086851570575292,-0.8006084830530952,3.1780500411987305
0.7746963938605304,0.5349221261222028,-0.275023389892981,0.9570268418574522,1.0489759013624873,0.8107287657576742,1.0708349310126466,3.332200050354004
-2.0287541005876344,0.2998259923424716,-0.2212238677398957,0.04576556685738689,0.5374174059946132,-1.2328799343877053,-0.9004187984699347,0.693149983882904
0.5967181104557813,1.0364606694107295,-1.2434157506598553,-0.3592394409009505,-1.007793717670593,0.08086851570575292,-0.6359214626153099,4.584969997406006
0.4684591598339679,0.8170375613929404,0.15537317213623703,-0.3592394409009505,-0.7373817888913413,1.2486449157888269,1.2954081407005358,3.40120005607605
0.6637026516997482,0.12742212976439368,-0.8668187107837227,0.14701682634077726,0.8218767622118451,1.2486449157888269,1.0658444152418047,2.079440116882324
0.5559383102169169,0.4095375463513663,1.4465629864920697,-0.7642444637469001,-1.1248551664331083,0.08086851570575292,-0.7357317780321494,4.553880214691162
-1.4817537461714694,0.3938644458543641,-0.8130191244965481,-0.25798818896136616,0.5374174059946132,-1.2328799343877053,-0.5460921787401543,3.2188799381256104
-1.0388119065212327,-0.9696933542732572,1.0161662961946731,-0.3592394409009505,-0.806448061523385,-1.5248240344084738,0.6466410904910785,2.772589921951294
-1.062179905671696,0.5349221261222028,-0.8130191244965481,0.8557755672864498,0.3969436674795944,-1.086907884377321,1.3752563930340074,3.29584002494812
0.9215206899361192,0.19011443833357702,1.5003625086451549,-0.25798818896136616,0.12770233532580855,0.8107287657576742,-1.2497549024288732,3.332200050354004
0.20491353822821823,-2.3489241801628205,-0.9744178833580719,-0.25798818896136616,1.1356014806197057,0.8107287657576742,0.7264893428245502,4.025350093841553
0.7500016441748536,1.349922156205351,-0.16742421731863158,-0.46049070038434087,1.2561746299478211,0.3728126157265214,1.1407021518044345,4.382030010223389
-2.2031644241512214,0.1117490479511566,-1.1358165780855063,0.04576556685738689,1.084094335991242,-1.3788519843980895,0.8412712055539157,2.995729923248291
1.0042879344393236,-0.029308651000447147,1.9307591989425514,0.14701682634077726,-1.534570237101913,-0.6489917343461683,-1.284688512824767,3.5553500652313232
0.517931117558217,0.26847982871599746,-0.11362469516554655,-0.3592394409009505,-0.6800216611355491,0.08086851570575292,-1.2347833551163472,3.2581000328063965
1.1899152117221914,-0.1703663592939334,-0.11362469516554655,-0.9667469525384568,-0.8111304480252475,-0.6489917343461683,1.210569372596222,4.477340221405029
-1.9631150702448836,0.09607596613791951,-1.35101489116716,1.3620318194405656,-0.7221637648278951,-1.2328799343877053,1.2554840145338,4.0604400634765625
0.45353594311020246,-0.23305866786311674,0.4243710394380206,-0.6629931891758977,-0.8895616722826116,-0.21107558431501558,0.9760151313666491,3.2188799381256104
-0.4573631572483193,-1.3928665071793636,-1.35101489116716,1.0582781164284547,-0.3522496046005054,1.6865610658199797,-0.840532609219831,4.465909957885742
-0.36818161272252103,-2.176520411003568,0.15537317213623703,-0.15673693702178182,-0.6800216611355491,-0.503019684335784,-1.070096334678562,3.1354899406433105
-0.05786334465900276,-0.7189240826289939,-1.35101489116716,-0.3592394409009505,1.368553692208474,1.5405890158095954,-1.1848781974079274,3.610919952392578
1.0524514657067805,-0.2957509857741826,-0.9206182970708973,-0.3592394409009505,0.1909154462089288,0.5187846657369056,1.0458823521584368,3.891819953918457
0.6295836539670006,2.3529992427824045,0.3705715172849356,-0.5617419447801193,-0.25274737315236717,0.3728126157265214,1.4151805192007432,3.2188799381256104
-2.341158695865685,-0.9226740901497809,0.101573649983152,0.24826807073655566,-0.9679928072291779,-1.3788519843980895,0.9760151313666491,3.1780500411987305
1.1614326132542978,1.2088645133050424,-0.05982517301246127,-0.8654956779674544,1.1344307946834427,-0.6489917343461683,-0.5311206314276283,3.737669944763184
0.9563434195377584,-0.4524817478552584,0.4781705615911059,-0.3592394409009505,-0.6917278060118006,-0.6489917343461683,-0.9852575665742483,2.397900104522705
0.8117249934740203,0.1117490479511566,-1.4586140316744645,-0.7642444637469001,-0.4903821498645927,0.08086851570575292,0.985996162908333,3.68887996673584
0.30045353796618224,0.34684521909841787,-1.2972153048799853,0.45077058970333644,-0.6449032265067944,1.2486449157888269,-1.3944798597832906,4.2626800537109375
0.8117249934740203,-2.0981550206211477,-0.5440212571947646,0.04576556685738689,-0.7408935787677381,0.9567008157680584,0.8811953317206516,4.94163990020752
0.5911279576745619,0.34684521909841787,-0.05982517301246127,-0.25798818896136616,0.9354263317871662,0.22684056571613717,-0.7107791991779395,3.29584002494812
-1.2842686087121589,-0.938347153279253,-0.16742421731863158,-0.055485685082197464,-0.9492629932893349,-1.5248240344084738,-1.1050299450744558,2.079440116882324
0.12733375306854855,0.4252106094808383,-1.2434157506598553,0.04576556685738689,1.450496706342235,1.3946169657992111,-0.7107791991779395,2.197220087051392
-1.453097068958574,0.3154990554719437,-1.0282174696452464,-0.15673693702178182,-0.7643058685202413,-1.5248240344084738,0.4619920069699254,2.079440116882324
0.7264778903578097,0.8954029517753608,0.5857698624336336,-1.270500715901016,-1.13656131130936,-0.21107558431501558,-0.6908171360945716,4.543290138244629
0.8557529547568384,0.26847982871599746,0.2091726942893223,-0.25798818896136616,-1.0113055522023886,0.5187846657369056,1.3103796880130616,2.079440116882324
1.2146919834731822,0.8640568255164166,0.5319700837441912,-0.25798818896136616,-0.76196467526931,0.5187846657369056,-0.7257507464904654,4.369450092315674
0.4826590117476763,-0.34277021253012885,-0.8130191244965481,-0.3592394409009505,-0.6449032265067944,-0.06510353430463134,-1.299660060137293,3.970289945602417
-1.0260936872341542,0.14309521157763078,-1.1358165780855063,2.273293169878692,0.3747020636633546,-1.670796084418858,1.1057685414085405,3.9889800548553462
0.4674709684619659,0.25280676558652543,2.5225544556992037,-0.25798818896136616,-1.1424143837474858,1.2486449157888269,1.2255409199087481,2.995729923248291
-0.5308252602141899,-0.1390202015061358,-0.8668187107837227,-0.3592394409009505,-0.7736708201455615,1.3946169657992111,-1.279697997053925,3.526360034942627
0.44749728669524447,0.3625182822278899,-0.8130191244965481,0.14701682634077726,1.4973212858472411,-0.06510353430463134,-1.2098307762621374,2.995729923248291
0.2806722590228837,-2.2235395256569235,0.3167718668636715,-0.055485685082197464,-0.7736708201455615,-0.21107558431501558,0.6815747008869724,3.637589931488037
-1.4450728677604012,-0.013635578529092572,0.3705715172849356,-0.055485685082197464,0.48942214055334393,-1.5248240344084738,0.8961668790331775,2.3025898933410645
0.8486070004601404,0.25280676558652543,-1.1896161643726808,0.24826807073655566,-0.3557614837876998,-0.7949637843565526,1.1057685414085405,4.927249908447266
1.065910065019592,-0.3270971307168917,1.2851641634964566,-0.3592394409009505,-1.113149021556857,0.6647567157472899,-0.8105895145947791,2.9444398880004883
0.5893985137016631,-1.110751071908626,0.4243710394380206,-0.25798818896136616,-1.0475946281120077,0.9567008157680584,0.48195407005329327,2.708050012588501
0.5018914409135009,0.4252106094808383,-0.7592196023434629,-0.15673693702178182,-0.8181542063996367,1.2486449157888269,1.3203607195547455,2.079440116882324
0.8915555862664318,-0.12334712319610465,0.4243710394380206,-0.46049070038434087,-0.7326993130786811,-0.503019684335784,0.5917454170118168,3.40120005607605
0.5657469276232521,1.7260761197230412,-0.43642208462041515,-1.6755056934841293,1.0700469978640592,0.22684056571613717,1.1157495729502245,5.056250095367432
0.5666343365639374,0.3625182822278899,0.8009679510459747,-0.25798818896136616,-1.0897367318043538,-0.06510353430463134,1.3203607195547455,2.564949989318848
0.834168935526956,0.09607596613791951,-0.5978209076160285,-0.15673693702178182,0.9354263317871662,0.6647567157472899,1.0658444152418047,3.0445199012756348
-2.4786590900379384,0.002037503284144516,-0.05982517301246127,1.463283094011568,-0.7502585303930585,-1.3788519843980895,-1.304650575908135,1.3862899541854858
0.0817962367538855,0.08040288432468243,2.576353977852289,-0.15673693702178182,-0.9305331793494921,1.5405890158095954,1.2255409199087481,3.912019968032837
0.8612244373159011,0.9424222158988371,-0.9206182970708973,-0.7642444637469001,-0.18953417295844918,-0.7949637843565526,1.3652753614923234,4.356709957122803
0.7883661563627674,-1.1891164622910464,-1.1896161643726808,-0.15673693702178182,0.7715403035196444,0.3728126157265214,-1.1349730396995077,3.40120005607605
0.7672485285574635,1.522326074834724,0.639569384586719,-1.067998166759011,-0.8439076894030709,0.3728126157265214,-0.5660542418235222,4.025350093841553
1.1413127751477878,0.4722298362367845,1.0699658183477583,-0.15673693702178182,0.9471324766634178,-0.6489917343461683,-0.7407222938029914,3.737669944763184
0.666090453633067,-2.1295011468800915,0.2091726942893223,-0.055485685082197464,-0.8509313584666623,0.22684056571613717,0.7414608901370762,2.9444398880004883
-1.6158964711168224,0.08040288432468243,-1.2972153048799853,0.9570268418574522,-0.8052773755871218,-1.086907884377321,1.2554840145338,4.094339847564697
0.49329090382022245,-0.21738559539176217,-0.3826225624673301,-0.25798818896136616,-0.7736708201455615,0.08086851570575292,-1.0002291138867743,3.1780500411987305
0.8685898442660717,-1.0794048709146218,1.0699658183477583,0.24826807073655566,-1.3355657742056364,0.8107287657576742,-1.1449540712411916,2.564949989318848
-0.14236003313510587,0.6759798437575716,1.2313646413433714,-0.055485685082197464,1.0407816356734303,-0.3570476343253998,-0.9253713773241447,2.6390600204467773
1.0119456540690717,0.002037503284144516,-0.11362469516554655,-0.25798818896136616,-0.7385523855168069,0.6647567157472899,-1.2297928393455053,3.0910398960113525
0.9035962509395054,-0.8129625735084164,0.26297234471058617,-0.25798818896136616,-0.7385523855168069,0.22684056571613717,-1.2148212920329793,3.40120005607605
-2.6554297294172122,-1.14209719816757,-0.5978209076160285,-0.25798818896136616,-0.8532726410283913,-1.086907884377321,0.6965462481994983,2.197220087051392
-2.0137580238377657,-0.7032510194995217,-1.2434157506598553,-0.25798818896136616,1.641306724927859,-1.2328799343877053,1.005958225991701,3.761199951171875
-0.5352444171267772,-0.013635578529092572,-0.16742421731863158,1.2607805448695633,1.0360992491715675,1.6865610658199797,0.8063375951580218,2.772589921951294
-1.8823237721981019,-1.0167125436616733,0.04777399956188788,0.45077058970333644,-0.8087892547743163,-1.5248240344084738,0.4470204596573994,3.40120005607605
-0.7794476650961749,1.1931913754405103,0.04777399956188788,0.5520218039238907,-0.709287023326178,1.6865610658199797,1.2604745303046418,3.610919952392578
-0.4214235314381481,-0.15469327981616696,-0.2212238677398957,0.5520218039238907,-0.8204953996505678,1.5405890158095954,-1.1948592289496114,3.367300033569336
-1.7230565542993355,-0.42113560291254926,0.6933689067398042,0.24826807073655566,-1.452627222968152,-1.5248240344084738,-1.3545557336165548,0.693149983882904
-1.6704555420408707,-1.2674818526734668,-0.7054200160562882,0.34951931513233403,-0.656609371383046,-1.3788519843980895,-0.9652955034908804,2.9444398880004883
0.8261905445248365,-0.1076740448860735,-0.5978209076160285,1.8682880715946815,-0.7502585303930585,0.8107287657576742,-1.309641091678977,4.174389839172363
0.2986787200848117,-1.0480587446556775,-0.16742421731863158,0.04576556685738689,-0.8954147447207373,1.3946169657992111,0.4719730385116093,2.833209991455078
-0.005033717707854161,0.6132875165046232,1.2851641634964566,-0.15673693702178182,-0.8439076894030709,1.5405890158095954,-0.5011775368025765,3.0445199012756348
0.7901043260872939,0.5349221261222028,0.639569384586719,0.45077058970333644,0.5701946473724366,0.3728126157265214,0.8013470793871799,3.2581000328063965
0.20557233247621876,0.20578750146304908,1.177565119190286,-0.055485685082197464,0.20964534945956947,1.2486449157888269,-1.2497549024288732,3.2188799381256104
0.5767719148066918,-0.20171251357852507,-0.5978209076160285,-2.181761945638245,1.2491510501950271,0.22684056571613717,1.005958225991701,4.234109878540039
0.06431157563938103,-0.7032510194995217,-1.1358165780855063,-0.055485685082197464,0.5959481303758709,1.3946169657992111,-1.050134271595194,4.812180042266846
0.8637954800334322,0.8954029517753608,1.6079615529513254,-0.25798818896136616,0.8160236897737194,0.8107287657576742,1.1756357622003282,4.3944501876831055
-0.5411827273979998,0.20578750146304908,0.4781705615911059,0.5520218039238907,1.391965981960977,1.6865610658199797,-1.3395841863040288,2.6390600204467773
0.25361675723393856,-0.6092125286200992,-1.1896161643726808,-0.3592394409009505,0.8183648830246506,1.2486449157888269,-1.0451437558243521,3.2581000328063965
-1.453097068958574,-2.1295011468800915,-1.2972153048799853,1.0582781164284547,-1.007793717670593,-0.9409358343669368,-1.1000394293036138,1.9459099769592283
0.25361675723393856,0.4722298362367845,0.5857698624336336,0.34951931513233403,0.8066587381483991,1.3946169657992111,-1.0301722085118261,2.9444398880004883
0.4669766546321742,0.4095375463513663,1.5003625086451549,0.04576556685738689,0.5842419854996194,0.22684056571613717,0.8512522370955996,2.564949989318848
-1.2611017381367473,-0.7816163725144121,-0.5978209076160285,0.9570268418574522,-0.5863725021255366,-1.5248240344084738,-1.2148212920329793,3.2188799381256104
0.8818752374090452,-0.3897894579698401,1.0699658183477583,-0.15673693702178182,-0.76196467526931,-0.6489917343461683,-0.9353524088658286,2.772589921951294
0.7034850985273999,0.7229991078810479,0.2091726942893223,-1.270500715901016,-1.13656131130936,-0.3570476343253998,-0.6908171360945716,4.615119934082031
-1.162093688413775,0.4095375463513663,0.9085672518885025,0.5520218039238907,1.1929615190647005,-1.5248240344084738,-0.8555041565323569,1.6094399690628052
-1.162093688413775,-0.15469327981616696,1.2851641634964566,0.04576556685738689,-1.4573096764531128,-1.5248240344084738,1.20557885682538,2.079440116882324
-1.2676617582115475,0.20578750146304908,-0.9206182970708973,1.8682880715946815,1.0150281526699958,-1.086907884377321,1.1057685414085405,3.8712000846862793
0.770094432451313,-2.082481882756615,-0.00602552259119739,0.04576556685738689,-0.690557209386335,0.3728126157265214,0.7214988270537083,3.1780500411987305
0.5090007470533564,-0.76594330938494,0.5857698624336336,-0.25798818896136616,-1.128367000964904,0.22684056571613717,0.48694458582413525,3.58351993560791
0.06200579577137634,-1.6593088045855688,-1.4586140316744645,0.04576556685738689,-0.11812670707547421,1.2486449157888269,-1.1399635554703496,4.682129859924316
0.38696325734313186,-0.8913279638908368,0.8009679510459747,-0.25798818896136616,-0.7198225715769639,1.2486449157888269,0.6466410904910785,2.564949989318848
-0.8229359386407297,-0.938347153279253,0.15537317213623703,-0.15673693702178182,-0.9609691381655866,-1.670796084418858,-1.1050299450744558,2.3025898933410645
0.8799904750571473,-0.374116376156603,0.15537317213623703,0.34951931513233403,-1.2477696876337498,0.8107287657576742,0.8412712055539157,3.5553500652313232
-0.2948569403448097,0.8797298886458887,-1.0820169917983318,-0.15673693702178182,0.5491235508708647,-0.9409358343669368,-0.5211395998859444,3.4657399654388428
0.7156173835925796,0.19011443833357702,-0.2212238677398957,1.463283094011568,1.181255374188449,0.8107287657576742,-0.9203808615533026,2.484910011291504
0.5837625507243908,0.4408836726103103,2.3611556327035905,0.34951931513233403,0.6814030236968265,0.6647567157472899,0.8512522370955996,2.3025898933410645
-0.808873081027599,-0.06065480995598007,-1.2972153048799853,-0.055485685082197464,1.8250933423822848,-0.7949637843565526,1.0608538994709626,2.708050012588501
0.9851288015871839,0.06472982119521035,0.2091726942893223,-0.055485685082197464,-0.9036090104097944,0.3728126157265214,0.4969256173658192,2.995729923248291
-1.1417906095230528,-0.6719048558730476,-0.00602552259119739,-0.15673693702178182,1.1601842776868772,-1.5248240344084738,0.9610435840541232,2.484910011291504
0.9615404772080842,0.4408836726103103,-0.49022173504167926,-0.46049070038434087,-1.5415939284932039,-0.503019684335784,1.1856167937420121,3.1354899406433105
0.34727243090758614,-2.4586356968041847,-0.7054200160562882,0.653273078494893,-0.8907322689080772,1.1026728657784426,-1.1000394293036138,4.158880233764648
-0.5308252602141899,0.03338365756873618,-0.3826225624673301,-0.3592394409009505,-0.7736708201455615,-0.3570476343253998,-1.2048402604912953,1.791759967803955
0.5595158683848711,-0.3897894579698401,-0.8668187107837227,-0.25798818896136616,0.3618252328508398,0.9567008157680584,-1.299660060137293,3.29584002494812
-1.640289309796131,0.4095375463513663,-1.1358165780855063,1.2607805448695633,-0.6097847918780397,-0.9409358343669368,1.265465046075484,2.833209991455078
-2.3201235264132767,-0.8756549007613648,-0.3826225624673301,0.24826807073655566,-0.6683155162592975,-1.3788519843980895,-1.050134271595194,3.2581000328063965
-0.46691523755675646,0.5349221261222028,0.3705715172849356,0.45077058970333644,-0.7385523855168069,1.6865610658199797,-0.5710447575943641,3.9889800548553462
-0.11300834980494812,0.1117490479511566,0.4243710394380206,-0.055485685082197464,1.1625254709378086,1.3946169657992111,1.0558633837001208,1.6094399690628052
0.2891174777371631,-0.5778664023611552,-0.7054200160562882,1.5645343685825703,2.302703910436072,0.9567008157680584,0.781385016303812,3.4965100288391118
0.3174901317345295,-1.4085394955737756,0.8009679510459747,-0.3592394409009505,-0.7561116028311843,-0.21107558431501558,0.48195407005329327,3.1780500411987305
0.6935120007028551,0.9737683421577812,-0.05982517301246127,-0.46049070038434087,-0.7970831098980647,-0.3570476343253998,-0.6309309468444679,4.672830104827881
-0.7794476650961749,1.1461722607871543,-0.7054200160562882,-0.25798818896136616,0.8289003419646392,-1.670796084418858,1.3303417510964295,3.433990001678467
0.8780961143784574,0.45655677310731246,0.5319700837441912,0.04576556685738689,0.3618252328508398,-0.503019684335784,-0.9153903457824606,2.079440116882324
0.8144334667797106,-0.013635578529092572,-0.5978209076160285,1.1595292702985607,0.7727109894559073,0.8107287657576742,0.8063375951580218,3.29584002494812
-1.9917076131833047,-1.753347183362401,-0.7054200160562882,0.9570268418574522,-0.7736708201455615,-0.7949637843565526,-1.1249920081578237,2.079440116882324
-1.915125181434847,0.8954029517753608,0.6933689067398042,0.24826807073655566,0.7598341586433928,-1.5248240344084738,-1.2697169655122411,0.693149983882904
0.42345216921835843,1.2872299036874628,0.7471684288928895,-1.067998166759011,0.791440714084953,-0.3570476343253998,1.3752563930340074,3.1354899406433105
0.8004617932711047,-0.1703663592939334,-0.8130191244965481,0.24826807073655566,-1.3367363931588014,0.3728126157265214,0.5218781962200291,3.8712000846862793
-2.3201235264132767,-0.8129625735084164,-0.32882304031424486,0.653273078494893,-0.656609371383046,-1.2328799343877053,-1.3645367651582387,2.995729923248291
0.6585055940294223,0.14309521157763078,-0.9206182970708973,0.9570268418574522,2.3869882964423597,0.9567008157680584,-0.7656748726572012,3.2581000328063965
-0.07379307683319147,-0.6248856291171013,-1.2972153048799853,-0.25798818896136616,1.391965981960977,1.3946169657992111,-1.2148212920329793,3.332200050354004
0.5885385908786097,-1.0480587446556775,-0.05982517301246127,-0.25798818896136616,-0.7502585303930585,0.5187846657369056,-1.1299825239286656,3.4965100288391118
0.005671470678377714,0.45655677310731246,0.2091726942893223,-0.055485685082197464,0.6310665650046257,1.3946169657992111,-1.0201911769701422,1.9459099769592283
0.9726937329404725,1.4282875465877714,-0.5440212571947646,-0.15673693702178182,-0.574666357249285,0.5187846657369056,-0.6708550730112037,4.574709892272949
0.8130792301268654,1.0364606694107295,0.5857698624336336,-0.46049070038434087,0.4320621021083491,0.8107287657576742,-0.605978367990258,3.912019968032837
-0.10651202771704085,0.6759798437575716,-0.3826225624673301,0.5520218039238907,-0.7151400957643038,1.5405890158095954,-0.5710447575943641,3.8066599369049072
-2.4786590900379384,0.37819138272489206,-0.9206182970708973,0.24826807073655566,-0.7736708201455615,-1.3788519843980895,-0.58601630490689,3.931829929351807
-1.696376259830444,-0.12334712319610465,0.5857698624336336,-0.055485685082197464,-0.44941064279771226,-1.3788519843980895,0.8262996582413897,2.484910011291504
0.7452714142166876,-1.0010394805322014,1.5541620307982402,-0.3592394409009505,-0.7209931682024295,0.6647567157472899,0.6466410904910785,3.1354899406433105
0.011380729969334218,-0.013635578529092572,-0.43642208462041515,-0.3592394409009505,1.0700469978640592,1.5405890158095954,1.1506831833461184,2.9444398880004883
0.8130792301268654,2.24328772614104,-0.16742421731863158,0.04576556685738689,-0.3183017665972164,0.9567008157680584,1.2754460776171679,3.40120005607605
-1.1709324385265294,-0.4681548483522605,0.5857698624336336,-0.25798818896136616,-0.8087892547743163,-1.086907884377321,-0.9353524088658286,1.9459099769592283
-1.5243179626184964,-0.7189240826289939,-0.275023389892981,-0.3592394409009505,-0.709287023326178,-1.3788519843980895,0.995977194450017,3.1780500411987305
0.5230548789148579,0.5349221261222028,1.7693603759469385,0.24826807073655566,0.8569951968405999,-0.21107558431501558,0.8113281109288638,3.2188799381256104
-0.15787790983239838,-2.176520411003568,0.8547677297354173,-0.3592394409009505,-1.033547245329426,-0.21107558431501558,0.7514419216787601,2.6390600204467773
0.4947275988259631,-0.15469327981616696,0.3705715172849356,-0.3592394409009505,-0.7198225715769639,-0.06510353430463134,0.5917454170118168,3.332200050354004
-2.036348558518071,0.1117490479511566,-0.00602552259119739,-0.055485685082197464,0.13940848020206012,-1.2328799343877053,-1.2497549024288732,2.708050012588501
-0.13564425839372532,0.002037503284144516,-0.9206182970708973,-0.25798818896136616,1.0583408529878076,1.5405890158095954,1.1407021518044345,3.784189939498901
0.7309341317148201,-1.1577702612970422,-0.5440212571947646,1.1595292702985607,-0.6331970816305429,-0.7949637843565526,-0.9453334404075125,3.784189939498901
0.8066195561958006,0.20578750146304908,0.4243710394380206,-0.25798818896136616,-1.0920779697106837,0.22684056571613717,1.3103796880130616,1.6094399690628052
0.6845912285247867,0.14309521157763078,-0.16742421731863158,-0.25798818896136616,-0.7034339508880523,0.22684056571613717,-1.254745418199715,3.367300033569336
-0.8559109903348948,-0.76594330938494,1.177565119190286,-0.25798818896136616,-0.8731730515936998,-1.670796084418858,0.5767738696992909,3.0445199012756348
-1.3983368694594744,0.22146060196005118,-0.6516204297691137,1.7670367970236789,1.3193879194525364,-1.086907884377321,0.8063375951580218,1.9459099769592283
-1.5874500845181905,-1.3458472430558872,0.7471684288928895,-0.25798818896136616,-0.814642327212442,0.9567008157680584,0.6915557324286563,2.6390600204467773
0.6896416935677426,-0.9696933542732572,-0.11362469516554655,-0.3592394409009505,-0.7502585303930585,0.22684056571613717,-1.1299825239286656,3.332200050354004
-1.3080301392610971,-0.8286356366378884,0.4781705615911059,0.14701682634077726,-0.9562866623529264,-1.670796084418858,0.9760151313666491,3.433990001678467
0.7806805143278062,1.130499122922622,1.5541620307982402,-0.055485685082197464,0.6544788547571287,0.9567008157680584,-0.49618702103173445,3.891819953918457
1.0827088820560447,0.2998259923424716,0.3167718668636715,0.04576556685738689,-0.024477548065461728,-0.6489917343461683,-0.9153903457824606,2.197220087051392
0.529541602675973,-1.0010394805322014,0.3705715172849356,-0.3592394409009505,-1.1716797459381147,0.08086851570575292,-0.9752765350325644,4.595119953155518
-1.3466782383769587,0.5976144533751512,-1.2434157506598553,0.34951931513233403,-0.3873680392292601,-1.086907884377321,-0.605978367990258,3.4965100288391118
0.4985520957650226,1.7574222459819855,0.639569384586719,0.04576556685738689,1.5581933821010256,1.1026728657784426,1.3602848457214813,2.833209991455078
-0.4560089205954741,0.566268327116207,-0.6516204297691137,0.5520218039238907,0.7481280137671412,-0.9409358343669368,-1.3894893440124485,2.197220087051392
-0.7305886914238741,0.5819413902456791,0.15537317213623703,-0.15673693702178182,-1.007793717670593,-0.503019684335784,-0.5760352733652061,2.8903698921203613
-0.3414829941752092,-0.09200096657604236,-1.4586140316744645,1.2607805448695633,-0.6589505646339772,1.6865610658199797,0.8562427528664417,3.40120005607605
0.5590673647511325,-0.1076740448860735,-0.32882304031424486,1.3620318194405656,1.0407816356734303,0.9567008157680584,-0.6808361045528877,3.737669944763184
-1.0727568255089786,1.0364606694107295,0.5857698624336336,0.14701682634077726,0.567853454121505,-1.670796084418858,1.3902279403465334,2.9444398880004883
1.2010597417029505,1.0678067956696737,0.5319700837441912,-0.15673693702178182,0.9717154523521839,-0.6489917343461683,1.3552943299506395,3.58351993560791
0.28128524307483194,1.2245376511695747,-0.32882304031424486,-0.25798818896136616,0.5631708889980476,1.3946169657992111,1.3253512353255876,3.29584002494812
0.8258519853616252,-0.5151740751082068,0.2091726942893223,-0.15673693702178182,-0.9024384137843288,0.3728126157265214,-0.840532609219831,4.875199794769287
0.6672802098677024,1.5379992126992565,-0.7592196023434629,-1.7767569680551318,1.2163738088172036,0.22684056571613717,-0.6708550730112037,4.330729961395264
-0.08727959855121628,-0.374116376156603,-1.1358165780855063,-0.15673693702178182,1.6495011692385113,1.5405890158095954,-1.299660060137293,3.29584002494812
0.7038694678866644,0.6603067806280996,-0.05982517301246127,-0.5617419447801193,1.0407816356734303,0.5187846657369056,1.1656547306586442,3.784189939498901
-1.6704555420408707,0.6916529068870436,0.639569384586719,0.653273078494893,0.7598341586433928,-1.2328799343877053,-0.9253713773241447,3.610919952392578
-0.7969877347335245,0.7073260447515758,-0.49022173504167926,1.0582781164284547,0.14057916613832344,-1.670796084418858,1.3752563930340074,2.833209991455078
-1.4021430423201127,-2.176520411003568,-1.1358165780855063,1.1595292702985607,-0.9153151552860459,-1.086907884377321,0.7614229532204441,3.761199951171875
-1.5735517073232694,0.3938644458543641,-0.5440212571947646,0.34951931513233403,-0.7490879337675929,-1.5248240344084738,1.250493498762958,3.58351993560791
-1.3983368694594744,-0.24873174967635384,0.15537317213623703,-0.15673693702178182,0.4180147639811663,-1.086907884377321,1.0508728679292787,3.1780500411987305
-1.8140587269025563,-0.750270246255468,-0.9206182970708973,-0.25798818896136616,-0.3850268459783287,-1.5248240344084738,1.0458823521584368,3.526360034942627
0.5741371741022678,0.14309521157763078,-0.49022173504167926,-0.46049070038434087,-0.656609371383046,0.3728126157265214,-0.7207602307196235,4.219510078430176
1.1706461343995245,0.8327106245224124,0.5319700837441912,0.14701682634077726,-1.3823903537106428,0.6647567157472899,-0.6908171360945716,3.931829929351807
-1.1979783419886825,0.7856914351339962,-0.2212238677398957,-0.15673693702178182,-1.1482674561856114,-0.7949637843565526,-0.6109688837610999,2.3025898933410645
-1.3983368694594744,0.770018297269464,0.04777399956188788,0.34951931513233403,1.0173693459209272,-1.086907884377321,-0.5361111471984703,3.2581000328063965
-1.5553349556470788,-1.0167125436616733,-0.5440212571947646,0.45077058970333644,-0.6917278060118006,-1.086907884377321,-0.7307412622613074,3.5553500652313232
-0.7950205140287311,-0.09200096657604236,-0.05982517301246127,-0.055485685082197464,-0.7970831098980647,-0.503019684335784,-1.274707481283083,1.9459099769592283
-1.706962341706937,-1.533924150079672,-1.0282174696452464,0.24826807073655566,-0.7502585303930585,-1.5248240344084738,-1.1150109766161398,4.369450092315674
0.5954371701166211,2.509729874077125,1.5003625086451549,-1.270500715901016,1.5324397204759959,0.22684056571613717,-0.5311206314276283,4.700479984283447
-1.023568454712677,0.3154990554719437,0.8009679510459747,-0.15673693702178182,-0.8790261240318257,-1.5248240344084738,1.3103796880130616,2.484910011291504
0.5469167556075316,-0.1390202015061358,1.8231598981000239,-0.46049070038434087,0.7504692070180725,0.22684056571613717,0.8861858474914935,1.6094399690628052
0.4664827770899639,-2.082481882756615,-1.2972153048799853,-0.5617419447801193,1.0641939254259334,0.9567008157680584,0.7564324374496021,3.784189939498901
-1.9989997238197912,-1.3458472430558872,0.26297234471058617,-0.055485685082197464,-0.9679928072291779,-1.2328799343877053,0.4769635542824513,1.9459099769592283
0.4903996260179013,0.017710575755499093,-1.1896161643726808,-0.7642444637469001,0.8429478587134167,-0.06510353430463134,0.8612332686372837,3.0910398960113525
0.6818552691014645,-0.7816163725144121,0.7471684288928895,-0.25798818896136616,-0.7385523855168069,-0.3570476343253998,-0.9553144719491965,3.2188799381256104
-0.8559109903348948,-1.7063280687090454,-0.2212238677398957,-0.15673693702178182,-0.7970831098980647,-1.670796084418858,-1.1100204608452977,2.197220087051392
0.002386661477580811,-1.5966164025975602,-1.0820169917983318,-0.15673693702178182,-0.7877181582727444,1.5405890158095954,0.6266790274077106,4.934470176696777
0.532305048216927,1.6320375914760887,-0.8130191244965481,-2.181761945638245,1.1110185049309396,-0.06510353430463134,-0.6159593995319419,4.043049812316895
1.0912365591232198,0.15876827470710284,-0.00602552259119739,0.04576556685738689,0.8839193657802972,-0.6489917343461683,1.195597825283696,4.510859966278076
1.11613287367153,-0.4681548483522605,-0.8668187107837227,-0.46049070038434087,0.8265591487137076,0.5187846657369056,0.9460720367415972,3.0910398960113525
1.1914797389892993,-0.1390202015061358,1.0699658183477583,-0.9667469525384568,-0.7268462406405554,-0.6489917343461683,1.215559888367064,4.605169773101807
0.5104191179806759,1.1931913754405103,1.177565119190286,-1.9792593964962404,1.157843084435946,-0.21107558431501558,-0.7407222938029914,3.637589931488037
0.5464686882613744,0.017710575755499093,-0.11362469516554655,-0.8654956779674544,2.328457572061102,-0.06510353430463134,-0.845523124990673,3.4657399654388428
1.0999466043994441,-0.5778664023611552,-0.9744178833580719,-0.3592394409009505,-0.32415483903534215,-0.6489917343461683,1.0458823521584368,3.8712000846862793
1.078152294555299,0.23713366508952327,-0.3826225624673301,0.45077058970333644,-1.4643333678444037,0.6647567157472899,-1.334593670533187,5.153289794921875
0.6039831712622173,-0.34277021253012885,0.639569384586719,-0.25798818896136616,-1.2056275839414037,0.22684056571613717,0.4919351015949772,3.0445199012756348
0.7076756407473025,-0.06065480995598007,-0.9206182970708973,-0.25798818896136616,-0.36395574947675696,0.08086851570575292,-0.9353524088658286,3.4965100288391118
-2.1243128606916013,-1.89440497573283,-0.3826225624673301,1.0582781164284547,-0.6917278060118006,-1.086907884377321,-1.1200014923869817,2.564949989318848
0.5635236061081429,-0.1076740448860735,0.3705715172849356,-0.3592394409009505,-0.8240072788377624,0.22684056571613717,0.9710246155958071,3.8501501083374015
-1.387018697021295,-0.9070010270203088,0.4243710394380206,-0.25798818896136616,-0.7689883443329014,-1.086907884377321,0.6416505747202366,2.484910011291504
-0.4020536716841635,0.12742212976439368,-0.6516204297691137,1.0582781164284547,0.8382652935899592,-0.9409358343669368,0.8013470793871799,2.079440116882324
0.8171323417586088,-0.562193301864153,-0.49022173504167926,-0.25798818896136616,0.7481280137671412,1.1026728657784426,0.995977194450017,2.995729923248291
-0.4214235314381481,-0.6719048558730476,0.3705715172849356,-0.25798818896136616,-1.1096371870250612,1.6865610658199797,0.48694458582413525,1.3862899541854858
1.1043845216780332,0.19011443833357702,0.15537317213623703,-0.3592394409009505,-0.6917278060118006,-0.6489917343461683,-1.2347833551163472,3.1780500411987305
-1.4490714434444625,0.25280676558652543,0.2091726942893223,-0.055485685082197464,-0.18836357633298356,-1.086907884377321,-0.9153903457824606,2.197220087051392
0.8032069147336374,0.9894414052872532,0.101573649983152,-0.46049070038434087,-0.6858747335736749,0.9567008157680584,1.2954081407005358,3.5553500652313232
0.9254184831888637,-0.5465202387346809,-0.9744178833580719,1.463283094011568,-0.8790261240318257,-0.503019684335784,-1.1898687131787695,3.8712000846862793
0.11869656781842683,-0.3270971307168917,-1.0820169917983318,0.45077058970333644,-0.8790261240318257,1.2486449157888269,-0.9902480823450903,3.40120005607605
0.8758819549025573,0.73867217101052,0.3705715172849356,-0.6629931891758977,1.0524877805496817,0.22684056571613717,-0.9004187984699347,3.0445199012756348
-0.3248949040406006,0.73867217101052,-1.1358165780855063,0.7545242927154473,-0.03618369294171329,1.6865610658199797,-0.5610637260526802,4.343810081481934
0.07953626708193388,-0.750270246255468,1.3927634643389843,-0.5617419447801193,-0.7338699097041468,-0.21107558431501558,0.43703942811571544,2.397900104522705
0.5889683341463449,-0.15469327981616696,-0.43642208462041515,-0.15673693702178182,-1.1716797459381147,0.9567008157680584,-0.7706653884280432,2.6390600204467773
-2.1076789603609396,-0.562193301864153,-0.7592196023434629,1.2607805448695633,0.6767204585733689,-1.3788519843980895,1.1257306044919084,2.564949989318848
-1.290993545492749,0.4722298362367845,0.3705715172849356,-0.3592394409009505,-0.656609371383046,-1.086907884377321,-0.6209499153027839,3.332200050354004
0.7668920816034117,-0.09200096657604236,-0.2212238677398957,-0.055485685082197464,-0.7385523855168069,0.6647567157472899,-0.9952385981159323,2.564949989318848
0.8083215140510677,1.882806900487882,1.9307591989425514,-0.7642444637469001,1.0138574667337326,0.3728126157265214,1.3552943299506395,3.68887996673584
0.17684235894963923,-0.24873174967635384,-0.8668187107837227,1.5645343685825703,0.6029718887502598,1.3946169657992111,0.7863755320746539,2.397900104522705
-1.9422356554590556,-1.8160395853504097,-0.9206182970708973,0.04576556685738689,-0.9843814279180897,-1.3788519843980895,0.7414608901370762,2.397900104522705
0.5473744212804809,0.002037503284144516,-0.05982517301246127,-0.25798818896136616,-0.8837085998444858,0.9567008157680584,0.5867549012409748,3.0445199012756348
-0.3155439523072147,0.5192490629927308,-0.9744178833580719,0.04576556685738689,-0.015112596440141401,1.6865610658199797,1.3003986564713776,3.0445199012756348
-1.7788690794449111,0.550595263986735,0.9085672518885025,-0.055485685082197464,-0.6917278060118006,-1.5248240344084738,-0.49618702103173445,2.197220087051392
0.4098740271082275,-0.562193301864153,-0.9744178833580719,-0.25798818896136616,1.1929615190647005,1.1026728657784426,-1.0451437558243521,3.1780500411987305
0.610351224801176,-0.18603943643622925,-1.2972153048799853,2.4757954776189037,0.06917161094455075,1.2486449157888269,-1.309641091678977,4.488639831542969
0.7231293831701208,0.25280676558652543,0.3705715172849356,0.04576556685738689,-1.4842338119012612,1.1026728657784426,1.3103796880130616,2.3025898933410645
1.143206263251315,0.4095375463513663,-1.2434157506598553,0.14701682634077726,1.0173693459209272,0.5187846657369056,-1.0102101454284582,3.29584002494812
-1.537484249251731,-0.5151740751082068,-0.6516204297691137,1.1595292702985607,-0.7069458300752468,-1.3788519843980895,1.1007780256376987,4.0604400634765625
-0.6433839659296622,-0.8286356366378884,-0.6516204297691137,0.14701682634077726,-0.5980786470017881,1.6865610658199797,-1.055124787366036,4.158880233764648
-0.3097522346633618,0.22146060196005118,2.0921577654018075,-0.055485685082197464,-1.2079687771923349,-0.9409358343669368,1.2255409199087481,3.0910398960113525
0.988211609637765,-0.8599817628968326,-0.9744178833580719,1.0582781164284547,1.588629072984727,0.8107287657576742,0.6666031535744464,4.418839931488037
-0.408467535419176,-0.1076740448860735,-0.5978209076160285,-0.3592394409009505,1.2444684850715695,-0.9409358343669368,1.1556736991169603,2.8903698921203613
0.7144921979199998,0.3938644458543641,0.5857698624336336,0.653273078494893,0.88860175228216,0.6647567157472899,-1.0301722085118261,3.433990001678467
0.6841976971263117,0.19011443833357702,-0.8130191244965481,0.9570268418574522,1.0876062151784365,0.3728126157265214,-0.9503239561783545,3.526360034942627
0.6035621537461104,0.08040288432468243,0.5319700837441912,0.04576556685738689,0.3267067982220851,-0.3570476343253998,-1.2497549024288732,3.1354899406433105
0.8837599997609431,0.09607596613791951,0.9623667740415878,-0.25798818896136616,-1.1751915804699102,-0.503019684335784,0.8412712055539157,2.197220087051392
0.7053973469969297,0.8327106245224124,-0.7054200160562882,0.24826807073655566,0.3501190879745882,1.2486449157888269,-0.5061680525734185,3.1354899406433105
-0.964992920313728,-0.6092125286200992,0.5319700837441912,-0.25798818896136616,-1.0370590798612216,-1.5248240344084738,0.5717833539284489,2.079440116882324
-1.2676617582115475,-1.1577702612970422,-1.1896161643726808,-0.25798818896136616,0.6895972893858835,-1.5248240344084738,0.6666031535744464,3.737669944763184
-1.2321523119566928,-0.7189240826289939,-0.5978209076160285,0.45077058970333644,-0.7970831098980647,-1.3788519843980895,-1.1699066500954016,2.484910011291504
-0.708895164011045,-0.18603943643622925,0.04777399956188788,0.14701682634077726,0.8663601484659198,1.6865610658199797,0.7913660478454959,1.9459099769592283
-0.394413839845256,0.22146060196005118,-0.7592196023434629,-0.055485685082197464,-0.9000972205333975,-0.9409358343669368,1.1856167937420121,2.708050012588501
-1.2775894821276206,-0.3270971307168917,-0.2212238677398957,-0.25798818896136616,-0.8883910756571459,-1.670796084418858,0.8712143001789676,2.3025898933410645
0.6386418567332283,-0.9226740901497809,-1.35101489116716,0.14701682634077726,-0.9492629932893349,-0.3570476343253998,-1.060115303136878,4.110869884490967
-0.6964696936911257,-0.1076740448860735,-1.1896161643726808,0.04576556685738689,-0.6331970816305429,1.6865610658199797,-1.0002291138867743,3.40120005607605
0.7704513156929456,0.8954029517753608,1.0699658183477583,-0.3592394409009505,-0.8439076894030709,0.9567008157680584,-0.5760352733652061,3.68887996673584
1.127249481247076,1.2245376511695747,-0.8668187107837227,-1.1692494413300134,1.377918465212199,0.3728126157265214,1.0907969940960147,4.174389839172363
