complexity,loss,equation,score,sympy_format,lambda_format,run,equation_index,equation_string
1,232.00267,86.363815,0.0,86.3638150000000,PySRFunction(X=>86.3638150000000),29,0,86.3638150000000
3,215.16356,x11 + 86.04229,0.037675198563126545,x11 + 86.04229,PySRFunction(X=>x11 + 86.04229),29,1,x11 + 86.04229
4,118.94801,square(x9 + -9.13561),0.5927119762038686,83.4593700721*(0.109461765552601*x9 - 1)**2,PySRFunction(X=>83.4593700721*(0.109461765552601*x9 - 1)**2),29,2,83.4593700721*(0.109461765552601*x9 - 1)**2
6,77.02546,square((x9 + -3.955451) * 2.2914615),0.21727524516938543,82.1518120765528*(0.252815671335582*x9 - 1)**2,PySRFunction(X=>82.1518120765528*(0.252815671335582*x9 - 1)**2),29,3,82.1518120765528*(0.252815671335582*x9 - 1)**2
8,67.112236,square((x9 + -3.955451) * 2.2914615) - x5,0.06888481725217896,-x5 + 82.1518120765528*(0.252815671335582*x9 - 1)**2,PySRFunction(X=>-x5 + 82.1518120765528*(0.252815671335582*x9 - 1)**2),29,4,-x5 + 82.1518120765528*(0.252815671335582*x9 - 1)**2
9,65.3249,square((-3.955451 + x9) * 2.2762706) - square(x5),0.026993101449522112,-x5**2 + 81.0661962977438*(0.252815671335582*x9 - 1)**2,PySRFunction(X=>-x5**2 + 81.0661962977438*(0.252815671335582*x9 - 1)**2),29,5,-x5**2 + 81.0661962977438*(0.252815671335582*x9 - 1)**2
10,44.76435,square((x9 + -3.955451) * 2.2762706) - (x5 / 0.20826876),0.3779612168898387,-x5/0.20826876 + 81.0661962977438*(0.252815671335582*x9 - 1)**2,PySRFunction(X=>-x5/0.20826876 + 81.0661962977438*(0.252815671335582*x9 - 1)**2),29,6,-x5/0.20826876 + 81.0661962977438*(0.252815671335582*x9 - 1)**2
11,41.866993,square((-3.955451 + x9) * 2.2762706) - (x5 / square(0.38193846)),0.06691430378656654,-x5/0.145876987227172 + 81.0661962977438*(0.252815671335582*x9 - 1)**2,PySRFunction(X=>-x5/0.145876987227172 + 81.0661962977438*(0.252815671335582*x9 - 1)**2),29,7,-x5/0.145876987227172 + 81.0661962977438*(0.252815671335582*x9 - 1)**2
12,31.273115,((x11 - x5) / 0.23839304) + square(2.2762706 * (-3.955451 + x9)),0.29173897716761427,(x11 - x5)/0.23839304 + 81.0661962977438*(0.252815671335582*x9 - 1)**2,PySRFunction(X=>(x11 - x5)/0.23839304 + 81.0661962977438*(0.252815671335582*x9 - 1)**2),29,8,(x11 - x5)/0.23839304 + 81.0661962977438*(0.252815671335582*x9 - 1)**2
14,31.059439,(((x11 - x5) / 0.23839304) + square((x9 + -3.955451) * 2.2914615)) + -1.1169251,0.003428013506199942,(x11 - x5)/0.23839304 + 82.1518120765528*(0.252815671335582*x9 - 1)**2 - 1.1169251,PySRFunction(X=>(x11 - x5)/0.23839304 + 82.1518120765528*(0.252815671335582*x9 - 1)**2 - 1.1169251),29,9,(x11 - x5)/0.23839304 + 82.1518120765528*(0.252815671335582*x9 - 1)**2 - 1.1169251
16,27.621927,(x2 / -0.61538965) + (((x11 - x5) / 0.23839304) + square(2.2762706 * (x9 + -3.955451))),0.058646420955139715,x2/(-0.61538965) + (x11 - x5)/0.23839304 + 81.0661962977438*(0.252815671335582*x9 - 1)**2,PySRFunction(X=>x2/(-0.61538965) + (x11 - x5)/0.23839304 + 81.0661962977438*(0.252815671335582*x9 - 1)**2),29,10,x2/(-0.61538965) + (x11 - x5)/0.23839304 + 81.0661962977438*(0.252815671335582*x9 - 1)**2
17,26.962343,(((x2 / -0.32943296) + square(2.2762706 * (-3.955451 + x9))) - (x5 / 0.17210284)) - square(x11),0.02416872503516209,-x11**2 + x2/(-0.32943296) - x5/0.17210284 + 81.0661962977438*(0.252815671335582*x9 - 1)**2,PySRFunction(X=>-x11**2 + x2/(-0.32943296) - x5/0.17210284 + 81.0661962977438*(0.252815671335582*x9 - 1)**2),29,11,-x11**2 + x2/(-0.32943296) - x5/0.17210284 + 81.0661962977438*(0.252815671335582*x9 - 1)**2
19,23.51694,(((x2 / -0.32943296) + x11) + (square(2.2762706 * (-3.955451 + x9)) - (x5 / 0.17210284))) - square(x11),0.06836008813526868,-x11**2 + x11 + x2/(-0.32943296) - x5/0.17210284 + 81.0661962977438*(0.252815671335582*x9 - 1)**2,PySRFunction(X=>-x11**2 + x11 + x2/(-0.32943296) - x5/0.17210284 + 81.0661962977438*(0.252815671335582*x9 - 1)**2),29,12,-x11**2 + x11 + x2/(-0.32943296) - x5/0.17210284 + 81.0661962977438*(0.252815671335582*x9 - 1)**2
21,21.853075,((x11 + ((x2 / -0.32943296) + (x11 + square((x9 + -3.955451) * 2.2762706)))) - (x5 / 0.17210284)) - square(x11),0.036689684310208096,-x11**2 + x11 + x11 + x2/(-0.32943296) - x5/0.17210284 + 81.0661962977438*(0.252815671335582*x9 - 1)**2,PySRFunction(X=>-x11**2 + x11 + x11 + x2/(-0.32943296) - x5/0.17210284 + 81.0661962977438*(0.252815671335582*x9 - 1)**2),29,13,-x11**2 + x11 + x11 + x2/(-0.32943296) - x5/0.17210284 + 81.0661962977438*(0.252815671335582*x9 - 1)**2
23,20.740257,((((x11 + x11) + ((x2 / -0.42984724) + square(2.2762706 * (x9 + -3.955451)))) - (x5 / 0.17210284)) - square(x11)) - x7,0.026132524833299687,-x11**2 + x11 + x11 + x2/(-0.42984724) - x5/0.17210284 - x7 + 81.0661962977438*(0.252815671335582*x9 - 1)**2,PySRFunction(X=>-x11**2 + x11 + x11 + x2/(-0.42984724) - x5/0.17210284 - x7 + 81.0661962977438*(0.252815671335582*x9 - 1)**2),29,14,-x11**2 + x11 + x11 + x2/(-0.42984724) - x5/0.17210284 - x7 + 81.0661962977438*(0.252815671335582*x9 - 1)**2
25,20.19704,((square(2.2914615 * (-3.9807136 + x9)) - x6) + ((((0.867429 - square(x11 + -1.333945)) - x2) - x2) - x7)) - (x5 / 0.234643),0.013270267611073592,-x2 - x2 - x5/0.234643 - x6 - x7 - 1.779409263025*(0.749656095266297*x11 - 1)**2 + 83.2045344232992*(0.25121124011534*x9 - 1)**2 + 0.867429,PySRFunction(X=>-x2 - x2 - x5/0.234643 - x6 - x7 - 1.779409263025*(0.749656095266297*x11 - 1)**2 + 83.2045344232992*(0.25121124011534*x9 - 1)**2 + 0.867429),29,15,-x2 - x2 - x5/0.234643 - x6 - x7 - 1.779409263025*(0.749656095266297*x11 - 1)**2 + 83.2045344232992*(0.25121124011534*x9 - 1)**2 + 0.867429
26,19.993235,(((x11 + (x11 + (x2 / -0.42984724))) + (square((x9 + -3.955451) * 2.2762706) - (x5 / 0.17210284))) - (square(x11) - cos(x11))) - x8,0.010142092681886195,x11 + x11 + x2/(-0.42984724) - x5/0.17210284 - x8 - (x11**2 - cos(x11)) + 81.0661962977438*(0.252815671335582*x9 - 1)**2,PySRFunction(X=>x11 + x11 + x2/(-0.42984724) - x5/0.17210284 - x8 - (x11**2 - cos(x11)) + 81.0661962977438*(0.252815671335582*x9 - 1)**2),29,16,x11 + x11 + x2/(-0.42984724) - x5/0.17210284 - x8 - (x11**2 - cos(x11)) + 81.0661962977438*(0.252815671335582*x9 - 1)**2
27,19.66519,(square(2.2914615 * (x9 + -3.9807136)) - x6) + (((((0.3538506 - square(x11 + -1.333945)) - x2) - x2) - (x8 + x7)) - (x5 / 0.234643)),0.016543898661709924,-x2 - x2 - x5/0.234643 - x6 - 1.779409263025*(0.749656095266297*x11 - 1)**2 - (x7 + x8) + 83.2045344232992*(0.25121124011534*x9 - 1)**2 + 0.3538506,PySRFunction(X=>-x2 - x2 - x5/0.234643 - x6 - 1.779409263025*(0.749656095266297*x11 - 1)**2 - (x7 + x8) + 83.2045344232992*(0.25121124011534*x9 - 1)**2 + 0.3538506),29,17,-x2 - x2 - x5/0.234643 - x6 - 1.779409263025*(0.749656095266297*x11 - 1)**2 - (x7 + x8) + 83.2045344232992*(0.25121124011534*x9 - 1)**2 + 0.3538506
29,19.652233,(((square((x9 + -3.9807136) * 2.2914615) - x6) + (((0.867429 - square(x11 + -1.333945)) - x2) - x2)) - ((x7 + 0.6343628) + x8)) - (x5 / 0.234643),0.00032954856855837967,-x2 - x2 - x5/0.234643 - x6 - 1.779409263025*(0.749656095266297*x11 - 1)**2 + 83.2045344232992*(0.25121124011534*x9 - 1)**2 - (x7 + x8 + 0.6343628) + 0.867429,PySRFunction(X=>-x2 - x2 - x5/0.234643 - x6 - 1.779409263025*(0.749656095266297*x11 - 1)**2 + 83.2045344232992*(0.25121124011534*x9 - 1)**2 - (x7 + x8 + 0.6343628) + 0.867429),29,18,-x2 - x2 - x5/0.234643 - x6 - 1.779409263025*(0.749656095266297*x11 - 1)**2 + 83.2045344232992*(0.25121124011534*x9 - 1)**2 - (x7 + x8 + 0.6343628) + 0.867429
32,17.147741,((x11 + (((((x10 - x5) - x2) - (x5 + square((cos(0.9716915 - x9) + 1.135918) * x11))) + square((-3.9807136 + x9) * 2.2914615)) - x5)) - x2) - x6,0.04544150857208509,x10 + x11 - x2 - x2 - x5 - x5 - x6 + 83.2045344232992*(0.25121124011534*x9 - 1)**2 - (1.290309702724*x11**2*(0.880345236187823*cos(0.9716915 - x9) + 1)**2 + x5),PySRFunction(X=>x10 + x11 - x2 - x2 - x5 - x5 - x6 + 83.2045344232992*(0.25121124011534*x9 - 1)**2 - (1.290309702724*x11**2*(0.880345236187823*cos(0.9716915 - x9) + 1)**2 + x5)),29,19,x10 + x11 - x2 - x2 - x5 - x5 - x6 + 83.2045344232992*(0.25121124011534*x9 - 1)**2 - (1.290309702724*x11**2*(0.880345236187823*cos(0.9716915 - x9) + 1)**2 + x5)
34,14.816511,((((x10 - x6) + (((x11 - x5) - (x5 + x2)) - x5)) + square(2.2914615 * (-3.9807136 + x9))) - x2) - (square((cos(x9 - 0.7775575) + 1.135918) * x11) + x5),0.07306213888479376,x10 + x11 - x2 - x5 - x5 - x6 - (x2 + x5) + 83.2045344232992*(0.25121124011534*x9 - 1)**2 - (1.290309702724*x11**2*(0.880345236187823*cos(x9 - 1*0.7775575) + 1)**2 + x5),PySRFunction(X=>x10 + x11 - x2 - x5 - x5 - x6 - (x2 + x5) + 83.2045344232992*(0.25121124011534*x9 - 1)**2 - (1.290309702724*x11**2*(0.880345236187823*cos(x9 - 1*0.7775575) + 1)**2 + x5)),29,20,x10 + x11 - x2 - x5 - x5 - x6 - (x2 + x5) + 83.2045344232992*(0.25121124011534*x9 - 1)**2 - (1.290309702724*x11**2*(0.880345236187823*cos(x9 - 1*0.7775575) + 1)**2 + x5)
36,12.696069,((((x11 + (((((x10 - x5) - x2) - (square((cos(0.9716915 - x9) + 1.135918) * x11) + x5)) + square((-3.9807136 + x9) * 2.2914615)) - x7)) - x5) - x2) - x6) - x5,0.0772248745289693,x10 + x11 - x2 - x2 - x5 - x5 - x5 - x6 - x7 + 83.2045344232992*(0.25121124011534*x9 - 1)**2 - (1.290309702724*x11**2*(0.880345236187823*cos(0.9716915 - x9) + 1)**2 + x5),PySRFunction(X=>x10 + x11 - x2 - x2 - x5 - x5 - x5 - x6 - x7 + 83.2045344232992*(0.25121124011534*x9 - 1)**2 - (1.290309702724*x11**2*(0.880345236187823*cos(0.9716915 - x9) + 1)**2 + x5)),29,21,x10 + x11 - x2 - x2 - x5 - x5 - x5 - x6 - x7 + 83.2045344232992*(0.25121124011534*x9 - 1)**2 - (1.290309702724*x11**2*(0.880345236187823*cos(0.9716915 - x9) + 1)**2 + x5)
38,11.131629,((((x10 - x6) + (((x11 - x5) - (x5 + x2)) - (x7 + x2))) - x5) + (square(2.2914615 * (-3.9807136 + x9)) - x2)) - (square((cos(x9 - 0.7775575) + 1.135918) * x11) + x5),0.06575095111413219,x10 + x11 - x2 - x5 - x5 - x6 - (x2 + x5) - (x2 + x7) + 83.2045344232992*(0.25121124011534*x9 - 1)**2 - (1.290309702724*x11**2*(0.880345236187823*cos(x9 - 1*0.7775575) + 1)**2 + x5),PySRFunction(X=>x10 + x11 - x2 - x5 - x5 - x6 - (x2 + x5) - (x2 + x7) + 83.2045344232992*(0.25121124011534*x9 - 1)**2 - (1.290309702724*x11**2*(0.880345236187823*cos(x9 - 1*0.7775575) + 1)**2 + x5)),29,22,x10 + x11 - x2 - x5 - x5 - x6 - (x2 + x5) - (x2 + x7) + 83.2045344232992*(0.25121124011534*x9 - 1)**2 - (1.290309702724*x11**2*(0.880345236187823*cos(x9 - 1*0.7775575) + 1)**2 + x5)
40,10.6891365,(((x10 - x6) + ((((x11 - x5) - x2) - (x5 + x4)) - (x2 + x7))) - x5) + ((square((x9 + -3.9807136) * 2.2914615) - x2) - (square((cos(x9 - 0.7775575) + 1.135918) * x11) + x5)),0.020281285207944113,x10 + x11 - x2 - x2 - x5 - x5 - x6 - (x2 + x7) - (x4 + x5) + 83.2045344232992*(0.25121124011534*x9 - 1)**2 - (1.290309702724*x11**2*(0.880345236187823*cos(x9 - 1*0.7775575) + 1)**2 + x5),PySRFunction(X=>x10 + x11 - x2 - x2 - x5 - x5 - x6 - (x2 + x7) - (x4 + x5) + 83.2045344232992*(0.25121124011534*x9 - 1)**2 - (1.290309702724*x11**2*(0.880345236187823*cos(x9 - 1*0.7775575) + 1)**2 + x5)),29,23,x10 + x11 - x2 - x2 - x5 - x5 - x6 - (x2 + x7) - (x4 + x5) + 83.2045344232992*(0.25121124011534*x9 - 1)**2 - (1.290309702724*x11**2*(0.880345236187823*cos(x9 - 1*0.7775575) + 1)**2 + x5)
42,10.443222,(((((x11 + ((((square((x9 + -3.9807136) * 2.2914615) - x2) - x0) + ((x10 - x5) - x2)) - (square((cos(0.7775575 - x9) + 1.135918) * x11) + x5))) - x5) - x7) - x2) - (x4 + x5)) - x6,0.011637394908608375,-x0 + x10 + x11 - x2 - x2 - x2 - x5 - x5 - x6 - x7 - (x4 + x5) + 83.2045344232992*(0.25121124011534*x9 - 1)**2 - (1.290309702724*x11**2*(0.880345236187823*cos(0.7775575 - x9) + 1)**2 + x5),PySRFunction(X=>-x0 + x10 + x11 - x2 - x2 - x2 - x5 - x5 - x6 - x7 - (x4 + x5) + 83.2045344232992*(0.25121124011534*x9 - 1)**2 - (1.290309702724*x11**2*(0.880345236187823*cos(0.7775575 - x9) + 1)**2 + x5)),29,24,-x0 + x10 + x11 - x2 - x2 - x2 - x5 - x5 - x6 - x7 - (x4 + x5) + 83.2045344232992*(0.25121124011534*x9 - 1)**2 - (1.290309702724*x11**2*(0.880345236187823*cos(0.7775575 - x9) + 1)**2 + x5)
51,10.284904,x11 + ((((((0.06920715 - x5) - x5) - x0) + ((((x10 + square(2.2914615 * (x9 + -3.9807136))) - (x2 - -0.2761839)) - (x2 + (cos(x11) * ((x5 - -0.32451373) + x2)))) - square((cos(0.8855105 - x9) + 0.95181715) * x11))) - x5) - (x6 + (x4 + x7))),0.001697329605638539,-x0 + x10 - x11**2*(cos(0.8855105 - x9) + 0.95181715)**2 + x11 - x5 - x5 - x5 - (x2 - 1*(-0.2761839)) - (x2 + (x2 + x5 - 1*(-0.32451373))*cos(x11)) + 83.2045344232992*(0.25121124011534*x9 - 1)**2 - (x4 + x6 + x7) + 0.06920715,PySRFunction(X=>-x0 + x10 - x11**2*(cos(0.8855105 - x9) + 0.95181715)**2 + x11 - x5 - x5 - x5 - (x2 - 1*(-0.2761839)) - (x2 + (x2 + x5 - 1*(-0.32451373))*cos(x11)) + 83.2045344232992*(0.25121124011534*x9 - 1)**2 - (x4 + x6 + x7) + 0.06920715),29,25,-x0 + x10 - x11**2*(cos(0.8855105 - x9) + 0.95181715)**2 + x11 - x5 - x5 - x5 - (x2 - 1*(-0.2761839)) - (x2 + (x2 + x5 - 1*(-0.32451373))*cos(x11)) + 83.2045344232992*(0.25121124011534*x9 - 1)**2 - (x4 + x6 + x7) + 0.06920715
53,10.262966,(((((x9 + (((0.9194899 - x6) - x5) - (x2 + x2))) - x5) - x5) + ((x10 - (square((0.87582475 + cos(cos(x4) - x9)) * x11) + x5)) - (square(x11 - 0.75117826) - (x9 - x2)))) + (square((x9 + -3.9807136) * 2.2914615) - x0)) - (x7 + sin(x7)),0.0010676536466111817,-x0 + x10 - x5 - x5 - x5 - x6 + x9 - (x2 + x2) - (x7 + sin(x7)) + 83.2045344232992*(0.25121124011534*x9 - 1)**2 - (x11**2*(cos(-x9 + cos(x4)) + 0.87582475)**2 + x5) - ((x11 - 1*0.75117826)**2 - (-x2 + x9)) + 0.9194899,PySRFunction(X=>-x0 + x10 - x5 - x5 - x5 - x6 + x9 - (x2 + x2) - (x7 + sin(x7)) + 83.2045344232992*(0.25121124011534*x9 - 1)**2 - (x11**2*(cos(-x9 + cos(x4)) + 0.87582475)**2 + x5) - ((x11 - 1*0.75117826)**2 - (-x2 + x9)) + 0.9194899),29,26,-x0 + x10 - x5 - x5 - x5 - x6 + x9 - (x2 + x2) - (x7 + sin(x7)) + 83.2045344232992*(0.25121124011534*x9 - 1)**2 - (x11**2*(cos(-x9 + cos(x4)) + 0.87582475)**2 + x5) - ((x11 - 1*0.75117826)**2 - (-x2 + x9)) + 0.9194899
54,9.997828,((x11 - cos(0.8855105 - x5)) + ((((0.06920715 - x5) - x5) - x0) + (((((x10 + square((x9 + -3.9807136) * 2.2914615)) - x2) - ((cos(x11) * ((x5 - -0.32492754) + x2)) + x2)) - square((cos(0.8855105 - x9) + 0.95181715) * x11)) - x5))) - ((x6 + x4) + x7),0.026174012383900068,-x0 + x10 - x11**2*(cos(0.8855105 - x9) + 0.95181715)**2 + x11 - x2 - x5 - x5 - x5 - (x2 + (x2 + x5 - 1*(-0.32492754))*cos(x11)) + 83.2045344232992*(0.25121124011534*x9 - 1)**2 - (x4 + x6 + x7) - cos(0.8855105 - x5) + 0.06920715,PySRFunction(X=>-x0 + x10 - x11**2*(cos(0.8855105 - x9) + 0.95181715)**2 + x11 - x2 - x5 - x5 - x5 - (x2 + (x2 + x5 - 1*(-0.32492754))*cos(x11)) + 83.2045344232992*(0.25121124011534*x9 - 1)**2 - (x4 + x6 + x7) - cos(0.8855105 - x5) + 0.06920715),29,27,-x0 + x10 - x11**2*(cos(0.8855105 - x9) + 0.95181715)**2 + x11 - x2 - x5 - x5 - x5 - (x2 + (x2 + x5 - 1*(-0.32492754))*cos(x11)) + 83.2045344232992*(0.25121124011534*x9 - 1)**2 - (x4 + x6 + x7) - cos(0.8855105 - x5) + 0.06920715
56,9.770185,((x11 - cos(0.8855105 - x5)) + (((((0.06920715 - x5) - x5) - x0) + (((x10 + (square((x9 + -3.9807136) * 2.2914615) - (x2 - -0.2761839))) - (cos(x11) * (((x5 + x5) + x2) + x2))) - square((cos(0.8855105 - x9) + 0.95181715) * x11))) - x5)) - ((x6 + x4) + x7),0.011516234005202266,-x0 + x10 - x11**2*(cos(0.8855105 - x9) + 0.95181715)**2 + x11 - x5 - x5 - x5 - (x2 - 1*(-0.2761839)) + 83.2045344232992*(0.25121124011534*x9 - 1)**2 - (x4 + x6 + x7) - (x2 + x2 + x5 + x5)*cos(x11) - cos(0.8855105 - x5) + 0.06920715,PySRFunction(X=>-x0 + x10 - x11**2*(cos(0.8855105 - x9) + 0.95181715)**2 + x11 - x5 - x5 - x5 - (x2 - 1*(-0.2761839)) + 83.2045344232992*(0.25121124011534*x9 - 1)**2 - (x4 + x6 + x7) - (x2 + x2 + x5 + x5)*cos(x11) - cos(0.8855105 - x5) + 0.06920715),29,28,-x0 + x10 - x11**2*(cos(0.8855105 - x9) + 0.95181715)**2 + x11 - x5 - x5 - x5 - (x2 - 1*(-0.2761839)) + 83.2045344232992*(0.25121124011534*x9 - 1)**2 - (x4 + x6 + x7) - (x2 + x2 + x5 + x5)*cos(x11) - cos(0.8855105 - x5) + 0.06920715
65,9.698023,((square((x9 + -3.9807136) * 2.2914615) + ((((((((x9 + 1.2797409) - x6) - x5) - (x2 + x2)) - x5) - x5) + ((x10 - (square((cos(cos(exp(x5)) - x9) + 0.87582475) * x11) + x5)) - ((1.1069307 + -0.7752381) + cos(0.9537573 - x5)))) - (square(x11 - 0.75117826) - (x9 - x2)))) - x0) - (x7 + sin(x8 + x7)),0.0008237056765491041,-x0 + x10 - x5 - x5 - x5 - x6 + x9 - (x2 + x2) - (x7 + sin(x7 + x8)) + 83.2045344232992*(0.25121124011534*x9 - 1)**2 - (x11**2*(cos(-x9 + cos(exp(x5))) + 0.87582475)**2 + x5) - ((x11 - 1*0.75117826)**2 - (-x2 + x9)) - (cos(0.9537573 - x5) - 0.7752381 + 1.1069307) + 1.2797409,PySRFunction(X=>-x0 + x10 - x5 - x5 - x5 - x6 + x9 - (x2 + x2) - (x7 + sin(x7 + x8)) + 83.2045344232992*(0.25121124011534*x9 - 1)**2 - (x11**2*(cos(-x9 + cos(exp(x5))) + 0.87582475)**2 + x5) - ((x11 - 1*0.75117826)**2 - (-x2 + x9)) - (cos(0.9537573 - x5) - 0.7752381 + 1.1069307) + 1.2797409),29,29,-x0 + x10 - x5 - x5 - x5 - x6 + x9 - (x2 + x2) - (x7 + sin(x7 + x8)) + 83.2045344232992*(0.25121124011534*x9 - 1)**2 - (x11**2*(cos(-x9 + cos(exp(x5))) + 0.87582475)**2 + x5) - ((x11 - 1*0.75117826)**2 - (-x2 + x9)) - (cos(0.9537573 - x5) - 0.7752381 + 1.1069307) + 1.2797409
74,9.612742,((((((((square((-3.9807136 + x9) * 2.2914615) - (x2 - -0.2761839)) - ((((x2 + x5) + x2) - (x6 * -0.4079883)) * cos(x11))) - square(x11 * (cos(x9 - 0.8855105) + 0.95181715))) + (x4 * x9)) - x7) - x3) - (x5 + cos(x7))) + ((x10 - (sin(x7) + x0)) + (x3 - -0.8571461))) + (((x11 + ((cos(x9) * ((-0.43207932 - x6) - x3)) - x5)) - x5) - 0.12846227),0.0009813933595371027,x10 - x11**2*(cos(x9 - 1*0.8855105) + 0.95181715)**2 + x11 - x3 + x3 + x4*x9 - x5 - x5 - x7 - (x0 + sin(x7)) - (x2 - 1*(-0.2761839)) - (x5 + cos(x7)) + 83.2045344232992*(0.25121124011534*x9 - 1)**2 + (-x3 - x6 - 0.43207932)*cos(x9) - (x2 + x2 + x5 - (-0.4079883)*x6)*cos(x11) - 1*0.12846227 - 1*(-0.8571461),PySRFunction(X=>x10 - x11**2*(cos(x9 - 1*0.8855105) + 0.95181715)**2 + x11 - x3 + x3 + x4*x9 - x5 - x5 - x7 - (x0 + sin(x7)) - (x2 - 1*(-0.2761839)) - (x5 + cos(x7)) + 83.2045344232992*(0.25121124011534*x9 - 1)**2 + (-x3 - x6 - 0.43207932)*cos(x9) - (x2 + x2 + x5 - (-0.4079883)*x6)*cos(x11) - 1*0.12846227 - 1*(-0.8571461)),29,30,x10 - x11**2*(cos(x9 - 1*0.8855105) + 0.95181715)**2 + x11 - x3 + x3 + x4*x9 - x5 - x5 - x7 - (x0 + sin(x7)) - (x2 - 1*(-0.2761839)) - (x5 + cos(x7)) + 83.2045344232992*(0.25121124011534*x9 - 1)**2 + (-x3 - x6 - 0.43207932)*cos(x9) - (x2 + x2 + x5 - (-0.4079883)*x6)*cos(x11) - 1*0.12846227 - 1*(-0.8571461)
75,9.424984,((((((((x11 - x5) + ((((square((x9 + -3.9807136) * 2.2914615) + (((x6 + x5) * -0.418918) - cos(exp(-0.034286592 - (x5 + x9))))) - x6) - x3) - x5)) + (-0.26994038 - x2)) + ((x3 + x10) - (sin(x4) + (x0 - -0.552854)))) - ((cos(x11) * ((x2 + x3) + x2)) - 0.8810468)) - square(x11 * (cos(0.8855105 - x9) + 0.95181715))) - (x5 + cos(x5))) - x7) + 0.1801662,0.019725474347627878,x10 - x11**2*(cos(0.8855105 - x9) + 0.95181715)**2 + x11 - x2 - x3 + x3 - x5 - x5 - x6 - x7 + (x5 + x6)*(-0.418918) - (x5 + cos(x5)) + 83.2045344232992*(0.25121124011534*x9 - 1)**2 - ((x2 + x2 + x3)*cos(x11) - 1*0.8810468) - (x0 + sin(x4) - 1*(-0.552854)) - cos(exp(-(x5 + x9) - 0.034286592)) - 0.26994038 + 0.1801662,PySRFunction(X=>x10 - x11**2*(cos(0.8855105 - x9) + 0.95181715)**2 + x11 - x2 - x3 + x3 - x5 - x5 - x6 - x7 + (x5 + x6)*(-0.418918) - (x5 + cos(x5)) + 83.2045344232992*(0.25121124011534*x9 - 1)**2 - ((x2 + x2 + x3)*cos(x11) - 1*0.8810468) - (x0 + sin(x4) - 1*(-0.552854)) - cos(exp(-(x5 + x9) - 0.034286592)) - 0.26994038 + 0.1801662),29,31,x10 - x11**2*(cos(0.8855105 - x9) + 0.95181715)**2 + x11 - x2 - x3 + x3 - x5 - x5 - x6 - x7 + (x5 + x6)*(-0.418918) - (x5 + cos(x5)) + 83.2045344232992*(0.25121124011534*x9 - 1)**2 - ((x2 + x2 + x3)*cos(x11) - 1*0.8810468) - (x0 + sin(x4) - 1*(-0.552854)) - cos(exp(-(x5 + x9) - 0.034286592)) - 0.26994038 + 0.1801662
76,9.395072,((((((((square((x9 + -3.9807136) * 2.2914615) + ((((((-0.418918 * (x6 + x5)) - cos(exp(-0.034286592 - (x5 + sin(x9))))) - x6) - x3) - x5) - x5)) + -0.16291352) + (x11 - (x2 - 0.10702685))) + (x3 + x10)) - ((sin(x4) + x0) - -0.552854)) - (((x2 + (x3 + x2)) * cos(x11)) - 0.8810468)) - square((cos(0.8855105 - x9) + 0.95181715) * x11)) - (x5 + cos(x5))) - x7,0.00317873923296018,x10 - x11**2*(cos(0.8855105 - x9) + 0.95181715)**2 + x11 - x3 + x3 - x5 - x5 - x6 - x7 - (x2 - 1*0.10702685) - 0.418918*(x5 + x6) - (x5 + cos(x5)) + 83.2045344232992*(0.25121124011534*x9 - 1)**2 - ((x2 + x2 + x3)*cos(x11) - 1*0.8810468) - (x0 + sin(x4) - 1*(-0.552854)) - cos(exp(-(x5 + sin(x9)) - 0.034286592)) - 0.16291352,PySRFunction(X=>x10 - x11**2*(cos(0.8855105 - x9) + 0.95181715)**2 + x11 - x3 + x3 - x5 - x5 - x6 - x7 - (x2 - 1*0.10702685) - 0.418918*(x5 + x6) - (x5 + cos(x5)) + 83.2045344232992*(0.25121124011534*x9 - 1)**2 - ((x2 + x2 + x3)*cos(x11) - 1*0.8810468) - (x0 + sin(x4) - 1*(-0.552854)) - cos(exp(-(x5 + sin(x9)) - 0.034286592)) - 0.16291352),29,32,x10 - x11**2*(cos(0.8855105 - x9) + 0.95181715)**2 + x11 - x3 + x3 - x5 - x5 - x6 - x7 - (x2 - 1*0.10702685) - 0.418918*(x5 + x6) - (x5 + cos(x5)) + 83.2045344232992*(0.25121124011534*x9 - 1)**2 - ((x2 + x2 + x3)*cos(x11) - 1*0.8810468) - (x0 + sin(x4) - 1*(-0.552854)) - cos(exp(-(x5 + sin(x9)) - 0.034286592)) - 0.16291352
79,9.342417,(((((((-0.16291352 + (((square((x9 + -3.9807136) * 2.2914615) + ((((((x6 + x5) * -0.418918) - cos(exp(-0.034286592 - (x5 + sin(x9))))) - x6) - x3) - x5)) - x5) + x11)) - x2) + (x3 + x10)) - ((sin(x4) + x0) - -0.552854)) - (((x2 + (x3 + x2)) * cos(x11)) - sin(2.063522))) - square((cos(0.8855105 - x9) + 0.95181715) * x11)) - (x5 + cos(-0.59029806 + x5))) - (x7 + 0.1801662),0.0018734327601866334,x10 - x11**2*(cos(0.8855105 - x9) + 0.95181715)**2 + x11 - x2 - x3 + x3 - x5 - x5 - x6 + (x5 + x6)*(-0.418918) - (x5 + cos(x5 - 0.59029806)) - (x7 + 0.1801662) + 83.2045344232992*(0.25121124011534*x9 - 1)**2 - ((x2 + x2 + x3)*cos(x11) - sin(2.063522)) - (x0 + sin(x4) - 1*(-0.552854)) - cos(exp(-(x5 + sin(x9)) - 0.034286592)) - 0.16291352,PySRFunction(X=>x10 - x11**2*(cos(0.8855105 - x9) + 0.95181715)**2 + x11 - x2 - x3 + x3 - x5 - x5 - x6 + (x5 + x6)*(-0.418918) - (x5 + cos(x5 - 0.59029806)) - (x7 + 0.1801662) + 83.2045344232992*(0.25121124011534*x9 - 1)**2 - ((x2 + x2 + x3)*cos(x11) - sin(2.063522)) - (x0 + sin(x4) - 1*(-0.552854)) - cos(exp(-(x5 + sin(x9)) - 0.034286592)) - 0.16291352),29,33,x10 - x11**2*(cos(0.8855105 - x9) + 0.95181715)**2 + x11 - x2 - x3 + x3 - x5 - x5 - x6 + (x5 + x6)*(-0.418918) - (x5 + cos(x5 - 0.59029806)) - (x7 + 0.1801662) + 83.2045344232992*(0.25121124011534*x9 - 1)**2 - ((x2 + x2 + x3)*cos(x11) - sin(2.063522)) - (x0 + sin(x4) - 1*(-0.552854)) - cos(exp(-(x5 + sin(x9)) - 0.034286592)) - 0.16291352
82,9.333868,(((((((((((x5 + x6) * -0.418918) - cos(exp(-0.034286592 - (x5 + sin(x9))))) + -0.16291352) - x6) - x3) - x5) + (square((x9 + -3.9807136) * 2.2914615) - x5)) + (((((x11 - (x2 - (x6 * -0.055094454))) + x3) + x10) - (sin(x4) + (x0 - -0.552854))) - ((((x2 + x3) + x2) * cos(x11)) - 0.8810468))) - square((cos(0.87581867 - x9) + 0.95181715) * x11)) - (x5 + cos(x5 + -0.59029806))) - (x7 + 0.1801662),0.00030516420858838774,x10 - x11**2*(cos(0.87581867 - x9) + 0.95181715)**2 + x11 - x3 + x3 - x5 - x5 - x6 - (x2 - (-0.055094454)*x6) + (x5 + x6)*(-0.418918) - (x5 + cos(x5 - 0.59029806)) - (x7 + 0.1801662) + 83.2045344232992*(0.25121124011534*x9 - 1)**2 - ((x2 + x2 + x3)*cos(x11) - 1*0.8810468) - (x0 + sin(x4) - 1*(-0.552854)) - cos(exp(-(x5 + sin(x9)) - 0.034286592)) - 0.16291352,PySRFunction(X=>x10 - x11**2*(cos(0.87581867 - x9) + 0.95181715)**2 + x11 - x3 + x3 - x5 - x5 - x6 - (x2 - (-0.055094454)*x6) + (x5 + x6)*(-0.418918) - (x5 + cos(x5 - 0.59029806)) - (x7 + 0.1801662) + 83.2045344232992*(0.25121124011534*x9 - 1)**2 - ((x2 + x2 + x3)*cos(x11) - 1*0.8810468) - (x0 + sin(x4) - 1*(-0.552854)) - cos(exp(-(x5 + sin(x9)) - 0.034286592)) - 0.16291352),29,34,x10 - x11**2*(cos(0.87581867 - x9) + 0.95181715)**2 + x11 - x3 + x3 - x5 - x5 - x6 - (x2 - (-0.055094454)*x6) + (x5 + x6)*(-0.418918) - (x5 + cos(x5 - 0.59029806)) - (x7 + 0.1801662) + 83.2045344232992*(0.25121124011534*x9 - 1)**2 - ((x2 + x2 + x3)*cos(x11) - 1*0.8810468) - (x0 + sin(x4) - 1*(-0.552854)) - cos(exp(-(x5 + sin(x9)) - 0.034286592)) - 0.16291352
84,9.302142,((((((((-0.16291352 + (square((x9 + -3.9807136) * 2.2914615) + (((((((x6 + x5) * -0.418918) - cos(exp(-0.034286592 - (x5 + sin(x9))))) - x6) - x3) - x5) - x5))) + (x11 - (x2 - (sin(x9) * x6)))) + x3) + x10) - (sin(x4) + (x0 - -0.552854))) - ((((x2 + x3) + x2) * cos(x11)) - sin(2.063522))) - square((cos(0.8855105 - x9) + 0.95181715) * x11)) - (x5 + cos(-0.59029806 + x5))) - (x7 + 0.1801662),0.00170240468046714,x10 - x11**2*(cos(0.8855105 - x9) + 0.95181715)**2 + x11 - x3 + x3 - x5 - x5 - x6 - (x2 - x6*sin(x9)) + (x5 + x6)*(-0.418918) - (x5 + cos(x5 - 0.59029806)) - (x7 + 0.1801662) + 83.2045344232992*(0.25121124011534*x9 - 1)**2 - ((x2 + x2 + x3)*cos(x11) - sin(2.063522)) - (x0 + sin(x4) - 1*(-0.552854)) - cos(exp(-(x5 + sin(x9)) - 0.034286592)) - 0.16291352,PySRFunction(X=>x10 - x11**2*(cos(0.8855105 - x9) + 0.95181715)**2 + x11 - x3 + x3 - x5 - x5 - x6 - (x2 - x6*sin(x9)) + (x5 + x6)*(-0.418918) - (x5 + cos(x5 - 0.59029806)) - (x7 + 0.1801662) + 83.2045344232992*(0.25121124011534*x9 - 1)**2 - ((x2 + x2 + x3)*cos(x11) - sin(2.063522)) - (x0 + sin(x4) - 1*(-0.552854)) - cos(exp(-(x5 + sin(x9)) - 0.034286592)) - 0.16291352),29,35,x10 - x11**2*(cos(0.8855105 - x9) + 0.95181715)**2 + x11 - x3 + x3 - x5 - x5 - x6 - (x2 - x6*sin(x9)) + (x5 + x6)*(-0.418918) - (x5 + cos(x5 - 0.59029806)) - (x7 + 0.1801662) + 83.2045344232992*(0.25121124011534*x9 - 1)**2 - ((x2 + x2 + x3)*cos(x11) - sin(2.063522)) - (x0 + sin(x4) - 1*(-0.552854)) - cos(exp(-(x5 + sin(x9)) - 0.034286592)) - 0.16291352
89,9.189759,((((((((square((x9 + -3.9807136) * 2.2914615) - (x2 - -0.2761839)) - ((x2 + (x5 + x2)) * cos(x11))) - square(x11 * (cos(x9 - 0.8855105) + 0.95181715))) + (((x4 * x9) - x7) - x3)) - (x5 + cos(x7))) + ((((x10 - (sin(x7) + x0)) + x3) - -0.8571461) + x11)) + ((cos(x9) * (((-0.43207932 - cos((x6 - ((exp(cos(x4 + 0.9219094)) * x5) - sin(cos(x9 - -1.0463525)))) - x5)) - x6) - x3)) - x5)) - x5) - 0.12846227,0.002430996870527489,x10 - x11**2*(cos(x9 - 1*0.8855105) + 0.95181715)**2 + x11 - x3 + x3 + x4*x9 - x5 - x5 - x7 - (x0 + sin(x7)) - (x2 - 1*(-0.2761839)) - (x5 + cos(x7)) + 83.2045344232992*(0.25121124011534*x9 - 1)**2 - (x2 + x2 + x5)*cos(x11) + (-x3 - x6 - cos(-x5 + x6 - (x5*exp(cos(x4 + 0.9219094)) - sin(cos(x9 - 1*(-1.0463525))))) - 0.43207932)*cos(x9) - 1*0.12846227 - 1*(-0.8571461),PySRFunction(X=>x10 - x11**2*(cos(x9 - 1*0.8855105) + 0.95181715)**2 + x11 - x3 + x3 + x4*x9 - x5 - x5 - x7 - (x0 + sin(x7)) - (x2 - 1*(-0.2761839)) - (x5 + cos(x7)) + 83.2045344232992*(0.25121124011534*x9 - 1)**2 - (x2 + x2 + x5)*cos(x11) + (-x3 - x6 - cos(-x5 + x6 - (x5*exp(cos(x4 + 0.9219094)) - sin(cos(x9 - 1*(-1.0463525))))) - 0.43207932)*cos(x9) - 1*0.12846227 - 1*(-0.8571461)),29,36,x10 - x11**2*(cos(x9 - 1*0.8855105) + 0.95181715)**2 + x11 - x3 + x3 + x4*x9 - x5 - x5 - x7 - (x0 + sin(x7)) - (x2 - 1*(-0.2761839)) - (x5 + cos(x7)) + 83.2045344232992*(0.25121124011534*x9 - 1)**2 - (x2 + x2 + x5)*cos(x11) + (-x3 - x6 - cos(-x5 + x6 - (x5*exp(cos(x4 + 0.9219094)) - sin(cos(x9 - 1*(-1.0463525))))) - 0.43207932)*cos(x9) - 1*0.12846227 - 1*(-0.8571461)
91,9.10504,(((square((x9 + -3.9807136) * 2.2914615) - (x2 - -0.2761839)) - ((x5 + ((x2 - (x6 * -0.4079883)) + x2)) * cos(x11))) - square(x11 * (cos(x9 - 0.8855105) + 0.95181715))) + (((((x4 * x9) - x7) - x3) - (x5 + cos(x7))) + (((((x10 - (sin(x7) + x0)) + ((x3 - -0.8571461) + x11)) + (((((-0.43207932 - cos(((x6 - (exp(cos(x4 + 0.9219094)) * x5)) - (x9 - 0.50073165)) - x5)) - x6) - x3) * cos(x9)) - x5)) - x5) - 0.12846227)),0.004630802753284251,x10 - x11**2*(cos(x9 - 1*0.8855105) + 0.95181715)**2 + x11 - x3 + x3 + x4*x9 - x5 - x5 - x7 - (x0 + sin(x7)) - (x2 - 1*(-0.2761839)) - (x5 + cos(x7)) + 83.2045344232992*(0.25121124011534*x9 - 1)**2 - (x2 + x2 + x5 - (-0.4079883)*x6)*cos(x11) + (-x3 - x6 - cos(-x5*exp(cos(x4 + 0.9219094)) - x5 + x6 - (x9 - 1*0.50073165)) - 0.43207932)*cos(x9) - 1*0.12846227 - 1*(-0.8571461),PySRFunction(X=>x10 - x11**2*(cos(x9 - 1*0.8855105) + 0.95181715)**2 + x11 - x3 + x3 + x4*x9 - x5 - x5 - x7 - (x0 + sin(x7)) - (x2 - 1*(-0.2761839)) - (x5 + cos(x7)) + 83.2045344232992*(0.25121124011534*x9 - 1)**2 - (x2 + x2 + x5 - (-0.4079883)*x6)*cos(x11) + (-x3 - x6 - cos(-x5*exp(cos(x4 + 0.9219094)) - x5 + x6 - (x9 - 1*0.50073165)) - 0.43207932)*cos(x9) - 1*0.12846227 - 1*(-0.8571461)),29,37,x10 - x11**2*(cos(x9 - 1*0.8855105) + 0.95181715)**2 + x11 - x3 + x3 + x4*x9 - x5 - x5 - x7 - (x0 + sin(x7)) - (x2 - 1*(-0.2761839)) - (x5 + cos(x7)) + 83.2045344232992*(0.25121124011534*x9 - 1)**2 - (x2 + x2 + x5 - (-0.4079883)*x6)*cos(x11) + (-x3 - x6 - cos(-x5*exp(cos(x4 + 0.9219094)) - x5 + x6 - (x9 - 1*0.50073165)) - 0.43207932)*cos(x9) - 1*0.12846227 - 1*(-0.8571461)
92,9.09465,((((((square((x9 + -3.9807136) * 2.2914615) - (x2 - -0.2761839)) - ((x5 + ((x2 - (x6 * -0.4079883)) + x2)) * cos(x11))) - square(x11 * (cos(x9 - 0.8855105) + 0.95181715))) + ((((x4 * x9) - x7) - x3) - (x5 + cos(x7)))) + (((x10 - (sin(x7) + x0)) + ((x3 - -0.8571461) + x11)) + (((((-0.43207932 - cos(((x6 - (exp(cos(x4 + 0.9219094)) * x5)) - sin(x9 - 0.50073165)) - x5)) - x6) - x3) * cos(x9)) - x5))) - x5) - 0.12846227,0.0011417778136605715,x10 - x11**2*(cos(x9 - 1*0.8855105) + 0.95181715)**2 + x11 - x3 + x3 + x4*x9 - x5 - x5 - x7 - (x0 + sin(x7)) - (x2 - 1*(-0.2761839)) - (x5 + cos(x7)) + 83.2045344232992*(0.25121124011534*x9 - 1)**2 - (x2 + x2 + x5 - (-0.4079883)*x6)*cos(x11) + (-x3 - x6 - cos(-x5*exp(cos(x4 + 0.9219094)) - x5 + x6 - sin(x9 - 1*0.50073165)) - 0.43207932)*cos(x9) - 1*0.12846227 - 1*(-0.8571461),PySRFunction(X=>x10 - x11**2*(cos(x9 - 1*0.8855105) + 0.95181715)**2 + x11 - x3 + x3 + x4*x9 - x5 - x5 - x7 - (x0 + sin(x7)) - (x2 - 1*(-0.2761839)) - (x5 + cos(x7)) + 83.2045344232992*(0.25121124011534*x9 - 1)**2 - (x2 + x2 + x5 - (-0.4079883)*x6)*cos(x11) + (-x3 - x6 - cos(-x5*exp(cos(x4 + 0.9219094)) - x5 + x6 - sin(x9 - 1*0.50073165)) - 0.43207932)*cos(x9) - 1*0.12846227 - 1*(-0.8571461)),29,38,x10 - x11**2*(cos(x9 - 1*0.8855105) + 0.95181715)**2 + x11 - x3 + x3 + x4*x9 - x5 - x5 - x7 - (x0 + sin(x7)) - (x2 - 1*(-0.2761839)) - (x5 + cos(x7)) + 83.2045344232992*(0.25121124011534*x9 - 1)**2 - (x2 + x2 + x5 - (-0.4079883)*x6)*cos(x11) + (-x3 - x6 - cos(-x5*exp(cos(x4 + 0.9219094)) - x5 + x6 - sin(x9 - 1*0.50073165)) - 0.43207932)*cos(x9) - 1*0.12846227 - 1*(-0.8571461)
93,9.094649,(((((((square((x9 + -3.9807136) * 2.2914615) - (x2 - -0.2761839)) - (((x5 + (x2 - (-0.4079883 * x6))) + x2) * cos(x11))) - square(x11 * (cos(x9 - 0.8855105) + 0.95181715))) + (((x4 * x9) - x7) - x3)) - (x5 + cos(x7))) + (((x10 - (sin(x7) + x0)) + ((x3 - -0.8571461) + x11)) + ((cos(x9) * (((-0.43207932 - cos(((x6 - (exp(cos(x4 + 0.9219094)) * x5)) - sin(x9 - cos(-1.0463525))) - x5)) - x6) - x3)) - x5))) - x5) - 0.12846227,1.0995475956940157e-07,x10 - x11**2*(cos(x9 - 1*0.8855105) + 0.95181715)**2 + x11 - x3 + x3 + x4*x9 - x5 - x5 - x7 - (x0 + sin(x7)) - (x2 - 1*(-0.2761839)) - (x5 + cos(x7)) + 83.2045344232992*(0.25121124011534*x9 - 1)**2 - (x2 + x2 + x5 - (-1)*0.4079883*x6)*cos(x11) + (-x3 - x6 - cos(-x5*exp(cos(x4 + 0.9219094)) - x5 + x6 - sin(x9 - cos(-1.0463525))) - 0.43207932)*cos(x9) - 1*0.12846227 - 1*(-0.8571461),PySRFunction(X=>x10 - x11**2*(cos(x9 - 1*0.8855105) + 0.95181715)**2 + x11 - x3 + x3 + x4*x9 - x5 - x5 - x7 - (x0 + sin(x7)) - (x2 - 1*(-0.2761839)) - (x5 + cos(x7)) + 83.2045344232992*(0.25121124011534*x9 - 1)**2 - (x2 + x2 + x5 - (-1)*0.4079883*x6)*cos(x11) + (-x3 - x6 - cos(-x5*exp(cos(x4 + 0.9219094)) - x5 + x6 - sin(x9 - cos(-1.0463525))) - 0.43207932)*cos(x9) - 1*0.12846227 - 1*(-0.8571461)),29,39,x10 - x11**2*(cos(x9 - 1*0.8855105) + 0.95181715)**2 + x11 - x3 + x3 + x4*x9 - x5 - x5 - x7 - (x0 + sin(x7)) - (x2 - 1*(-0.2761839)) - (x5 + cos(x7)) + 83.2045344232992*(0.25121124011534*x9 - 1)**2 - (x2 + x2 + x5 - (-1)*0.4079883*x6)*cos(x11) + (-x3 - x6 - cos(-x5*exp(cos(x4 + 0.9219094)) - x5 + x6 - sin(x9 - cos(-1.0463525))) - 0.43207932)*cos(x9) - 1*0.12846227 - 1*(-0.8571461)
102,9.088067,(((((square((x9 + -3.9807136) * 2.2914615) - (x2 - -0.2761839)) - ((cos(x11) * (x5 + (x2 + x2))) - -0.32451373)) - square((cos(x9 - 0.8855105) + 0.95181715) * x11)) - (cos(0.8855105 - x9) + x5)) + (((x11 + (cos(x9) * ((((((-0.418918 - cos((((0.0005427124 - ((exp(cos(x9 + 0.9219094)) * x5) - ((0.09054347 - (x4 + cos(x7))) - x9))) - x5) - x5) - (-0.9931252 - x5))) - x6) - x3) - x5) - x5) + ((x4 * x9) - x7)))) - x3) + (((x10 - (x0 + sin(x7))) + x3) - -0.552854))) - -0.13202775,8.044269792010589e-05,x10 - x11**2*(cos(x9 - 1*0.8855105) + 0.95181715)**2 + x11 - x3 + x3 - (x0 + sin(x7)) - (x2 - 1*(-0.2761839)) - (x5 + cos(0.8855105 - x9)) + 83.2045344232992*(0.25121124011534*x9 - 1)**2 - ((x2 + x2 + x5)*cos(x11) - 1*(-0.32451373)) + (-x3 + x4*x9 - x5 - x5 - x6 - x7 - cos(-x5 - x5 - (-x5 - 0.9931252) - (x5*exp(cos(x9 + 0.9219094)) - (-x9 - (x4 + cos(x7)) + 0.09054347)) + 0.0005427124) - 0.418918)*cos(x9) - 1*(-0.13202775) - 1*(-0.552854),PySRFunction(X=>x10 - x11**2*(cos(x9 - 1*0.8855105) + 0.95181715)**2 + x11 - x3 + x3 - (x0 + sin(x7)) - (x2 - 1*(-0.2761839)) - (x5 + cos(0.8855105 - x9)) + 83.2045344232992*(0.25121124011534*x9 - 1)**2 - ((x2 + x2 + x5)*cos(x11) - 1*(-0.32451373)) + (-x3 + x4*x9 - x5 - x5 - x6 - x7 - cos(-x5 - x5 - (-x5 - 0.9931252) - (x5*exp(cos(x9 + 0.9219094)) - (-x9 - (x4 + cos(x7)) + 0.09054347)) + 0.0005427124) - 0.418918)*cos(x9) - 1*(-0.13202775) - 1*(-0.552854)),29,40,x10 - x11**2*(cos(x9 - 1*0.8855105) + 0.95181715)**2 + x11 - x3 + x3 - (x0 + sin(x7)) - (x2 - 1*(-0.2761839)) - (x5 + cos(0.8855105 - x9)) + 83.2045344232992*(0.25121124011534*x9 - 1)**2 - ((x2 + x2 + x5)*cos(x11) - 1*(-0.32451373)) + (-x3 + x4*x9 - x5 - x5 - x6 - x7 - cos(-x5 - x5 - (-x5 - 0.9931252) - (x5*exp(cos(x9 + 0.9219094)) - (-x9 - (x4 + cos(x7)) + 0.09054347)) + 0.0005427124) - 0.418918)*cos(x9) - 1*(-0.13202775) - 1*(-0.552854)
105,9.0620985,(((((square((x9 + -3.9807136) * 2.2914615) - (x2 - -0.2761839)) - (cos(x11) * ((x2 + x2) + x5))) - -0.32451373) - square((cos(x9 - 0.8855105) + 0.95181715) * x11)) - (cos(0.8855105) + x5)) + (((((x11 + ((cos(x9) * (((x4 * x9) - x7) + ((((-0.418918 - cos((((0.0005427124 - ((exp(cos(x9 + 0.9219094)) * x5) - ((0.09054347 - (x4 + cos(sin(x7)))) - x9))) - x5) - x5) - (-0.9931252 - x5))) - x6) - (x4 + sin(cos(x7)))) - x5))) - x5)) - x3) + (x10 - (x0 + sin(x7)))) + (x3 - -0.552854)) - -0.13202775),0.000953839519894771,x10 - x11**2*(cos(x9 - 1*0.8855105) + 0.95181715)**2 + x11 - x3 + x3 - x5 - (x0 + sin(x7)) - (x2 - 1*(-0.2761839)) - (x5 + cos(0.8855105)) + 83.2045344232992*(0.25121124011534*x9 - 1)**2 - (x2 + x2 + x5)*cos(x11) + (x4*x9 - x5 - x6 - x7 - (x4 + sin(cos(x7))) - cos(-x5 - x5 - (-x5 - 0.9931252) - (x5*exp(cos(x9 + 0.9219094)) - (-x9 - (x4 + cos(sin(x7))) + 0.09054347)) + 0.0005427124) - 0.418918)*cos(x9) - 1*(-0.13202775) - 1*(-0.32451373) - 1*(-0.552854),PySRFunction(X=>x10 - x11**2*(cos(x9 - 1*0.8855105) + 0.95181715)**2 + x11 - x3 + x3 - x5 - (x0 + sin(x7)) - (x2 - 1*(-0.2761839)) - (x5 + cos(0.8855105)) + 83.2045344232992*(0.25121124011534*x9 - 1)**2 - (x2 + x2 + x5)*cos(x11) + (x4*x9 - x5 - x6 - x7 - (x4 + sin(cos(x7))) - cos(-x5 - x5 - (-x5 - 0.9931252) - (x5*exp(cos(x9 + 0.9219094)) - (-x9 - (x4 + cos(sin(x7))) + 0.09054347)) + 0.0005427124) - 0.418918)*cos(x9) - 1*(-0.13202775) - 1*(-0.32451373) - 1*(-0.552854)),29,41,x10 - x11**2*(cos(x9 - 1*0.8855105) + 0.95181715)**2 + x11 - x3 + x3 - x5 - (x0 + sin(x7)) - (x2 - 1*(-0.2761839)) - (x5 + cos(0.8855105)) + 83.2045344232992*(0.25121124011534*x9 - 1)**2 - (x2 + x2 + x5)*cos(x11) + (x4*x9 - x5 - x6 - x7 - (x4 + sin(cos(x7))) - cos(-x5 - x5 - (-x5 - 0.9931252) - (x5*exp(cos(x9 + 0.9219094)) - (-x9 - (x4 + cos(sin(x7))) + 0.09054347)) + 0.0005427124) - 0.418918)*cos(x9) - 1*(-0.13202775) - 1*(-0.32451373) - 1*(-0.552854)
107,8.994772,(((((square((x9 + -3.9807136) * 2.2914615) - (x2 - -0.2761839)) - (cos(x11) * ((x2 + x2) + x5))) - -0.32451373) - square((cos(x9 - 0.8855105) + 0.95181715) * x11)) - (cos(0.8855105 - x9) + x5)) + ((((x11 + (cos(x9) * ((((x4 * x9) - x7) + ((((-0.418918 - cos((((0.0005427124 - ((exp(cos(x9 + 0.9219094)) * x5) - ((0.09054347 - (x4 + cos(sin(x7)))) - x9))) - x5) - x5) - (-0.9931252 - x5))) - x6) - (x4 + sin(cos(x7)))) - x5)) - x5))) - x3) + ((x10 - (x0 + sin(x7))) + (x3 - -0.552854))) - -0.13202775),0.003728598042537964,x10 - x11**2*(cos(x9 - 1*0.8855105) + 0.95181715)**2 + x11 - x3 + x3 - (x0 + sin(x7)) - (x2 - 1*(-0.2761839)) - (x5 + cos(0.8855105 - x9)) + 83.2045344232992*(0.25121124011534*x9 - 1)**2 - (x2 + x2 + x5)*cos(x11) + (x4*x9 - x5 - x5 - x6 - x7 - (x4 + sin(cos(x7))) - cos(-x5 - x5 - (-x5 - 0.9931252) - (x5*exp(cos(x9 + 0.9219094)) - (-x9 - (x4 + cos(sin(x7))) + 0.09054347)) + 0.0005427124) - 0.418918)*cos(x9) - 1*(-0.13202775) - 1*(-0.32451373) - 1*(-0.552854),PySRFunction(X=>x10 - x11**2*(cos(x9 - 1*0.8855105) + 0.95181715)**2 + x11 - x3 + x3 - (x0 + sin(x7)) - (x2 - 1*(-0.2761839)) - (x5 + cos(0.8855105 - x9)) + 83.2045344232992*(0.25121124011534*x9 - 1)**2 - (x2 + x2 + x5)*cos(x11) + (x4*x9 - x5 - x5 - x6 - x7 - (x4 + sin(cos(x7))) - cos(-x5 - x5 - (-x5 - 0.9931252) - (x5*exp(cos(x9 + 0.9219094)) - (-x9 - (x4 + cos(sin(x7))) + 0.09054347)) + 0.0005427124) - 0.418918)*cos(x9) - 1*(-0.13202775) - 1*(-0.32451373) - 1*(-0.552854)),29,42,x10 - x11**2*(cos(x9 - 1*0.8855105) + 0.95181715)**2 + x11 - x3 + x3 - (x0 + sin(x7)) - (x2 - 1*(-0.2761839)) - (x5 + cos(0.8855105 - x9)) + 83.2045344232992*(0.25121124011534*x9 - 1)**2 - (x2 + x2 + x5)*cos(x11) + (x4*x9 - x5 - x5 - x6 - x7 - (x4 + sin(cos(x7))) - cos(-x5 - x5 - (-x5 - 0.9931252) - (x5*exp(cos(x9 + 0.9219094)) - (-x9 - (x4 + cos(sin(x7))) + 0.09054347)) + 0.0005427124) - 0.418918)*cos(x9) - 1*(-0.13202775) - 1*(-0.32451373) - 1*(-0.552854)
131,8.928586,((((((((((((x3 + x11) - (x2 - (x5 * x9))) + square((x9 + -3.9807136) * 2.2914615)) - ((x0 - -0.552854) + sin(x4 + -0.16291352))) - ((((x2 + x2) + x3) * cos(x11)) - ((x6 * -0.418918) + (exp(sin(-0.418918 - ((x7 / (x8 / x8)) + 0.144282))) - cos(exp(sin(-0.055094454 - (x5 + x9)))))))) - square((cos(x9 - 0.8855105) + 0.95181715) * x11)) - (cos(x9 + (x5 + ((((((x5 + x5) + x4) * exp(-0.418918 - (x5 + 0.8576558))) - (x6 + x3)) - (x5 - x5)) + x3))) + x5)) - x7) + 0.030812357) + (x10 + ((((x6 + exp(0.46553254 - cos((exp(sin(x9)) + x9) + -0.055094454))) * -0.418918) - x6) - x3))) - x5) - x5) + -0.10131901,0.00030772833251265836,x10 - x11**2*(cos(x9 - 1*0.8855105) + 0.95181715)**2 + x11 - x3 + x3 - x5 - x5 - x6 - x7 - (x2 - x5*x9) - (x5 + cos(x3 + x5 + x9 - (x3 + x6) - (-x5 + x5) + (x4 + x5 + x5)*exp(-(x5 + 0.8576558) - 0.418918))) + (x6 + exp(0.46553254 - cos(x9 + exp(sin(x9)) - 0.055094454)))*(-0.418918) + 83.2045344232992*(0.25121124011534*x9 - 1)**2 - ((x2 + x2 + x3)*cos(x11) - (x6*(-0.418918) + exp(sin(-(x7/((x8/x8)) + 0.144282) - 0.418918)) - cos(exp(sin(-(x5 + x9) - 0.055094454))))) - (x0 + sin(x4 - 0.16291352) - 1*(-0.552854)) - 0.10131901 + 0.030812357,PySRFunction(X=>x10 - x11**2*(cos(x9 - 1*0.8855105) + 0.95181715)**2 + x11 - x3 + x3 - x5 - x5 - x6 - x7 - (x2 - x5*x9) - (x5 + cos(x3 + x5 + x9 - (x3 + x6) - (-x5 + x5) + (x4 + x5 + x5)*exp(-(x5 + 0.8576558) - 0.418918))) + (x6 + exp(0.46553254 - cos(x9 + exp(sin(x9)) - 0.055094454)))*(-0.418918) + 83.2045344232992*(0.25121124011534*x9 - 1)**2 - ((x2 + x2 + x3)*cos(x11) - (x6*(-0.418918) + exp(sin(-(x7/((x8/x8)) + 0.144282) - 0.418918)) - cos(exp(sin(-(x5 + x9) - 0.055094454))))) - (x0 + sin(x4 - 0.16291352) - 1*(-0.552854)) - 0.10131901 + 0.030812357),29,43,x10 - x11**2*(cos(x9 - 1*0.8855105) + 0.95181715)**2 + x11 - x3 + x3 - x5 - x5 - x6 - x7 - (x2 - x5*x9) - (x5 + cos(x3 + x5 + x9 - (x3 + x6) - (-x5 + x5) + (x4 + x5 + x5)*exp(-(x5 + 0.8576558) - 0.418918))) + (x6 + exp(0.46553254 - cos(x9 + exp(sin(x9)) - 0.055094454)))*(-0.418918) + 83.2045344232992*(0.25121124011534*x9 - 1)**2 - ((x2 + x2 + x3)*cos(x11) - (x6*(-0.418918) + exp(sin(-(x7/((x8/x8)) + 0.144282) - 0.418918)) - cos(exp(sin(-(x5 + x9) - 0.055094454))))) - (x0 + sin(x4 - 0.16291352) - 1*(-0.552854)) - 0.10131901 + 0.030812357
133,8.920497,((((((((((((x3 + x11) - (x2 - (x5 * x9))) + square((x9 + -3.9807136) * 2.2914615)) - ((x0 - -0.552854) + sin(x4 + -0.16291352))) - ((((x2 + x2) + x3) * cos(x11)) - ((x6 * -0.418918) + (exp(sin(-0.418918 - ((x7 / (x8 / x8)) + 0.144282))) - cos(exp(sin(-0.055094454 - (x5 + x9)))))))) - square((cos(x9 - 0.8855105) + 0.95181715) * x11)) - (cos(x9 + (x5 + ((((((x5 + x5) + x4) * exp(-0.418918 - ((x5 + x9) + 0.8576558))) - (x6 + x3)) - (x5 - x5)) + x3))) + x5)) - x7) + 0.030812357) + ((x10 + (((x6 + exp(0.46553254 - cos((exp(sin(x9)) + x9) + -0.055094454))) * -0.418918) - x6)) - x3)) - x5) - x5) + -0.10131901,0.0004531885785826125,x10 - x11**2*(cos(x9 - 1*0.8855105) + 0.95181715)**2 + x11 - x3 + x3 - x5 - x5 - x6 - x7 - (x2 - x5*x9) - (x5 + cos(x3 + x5 + x9 - (x3 + x6) - (-x5 + x5) + (x4 + x5 + x5)*exp(-(x5 + x9 + 0.8576558) - 0.418918))) + (x6 + exp(0.46553254 - cos(x9 + exp(sin(x9)) - 0.055094454)))*(-0.418918) + 83.2045344232992*(0.25121124011534*x9 - 1)**2 - ((x2 + x2 + x3)*cos(x11) - (x6*(-0.418918) + exp(sin(-(x7/((x8/x8)) + 0.144282) - 0.418918)) - cos(exp(sin(-(x5 + x9) - 0.055094454))))) - (x0 + sin(x4 - 0.16291352) - 1*(-0.552854)) - 0.10131901 + 0.030812357,PySRFunction(X=>x10 - x11**2*(cos(x9 - 1*0.8855105) + 0.95181715)**2 + x11 - x3 + x3 - x5 - x5 - x6 - x7 - (x2 - x5*x9) - (x5 + cos(x3 + x5 + x9 - (x3 + x6) - (-x5 + x5) + (x4 + x5 + x5)*exp(-(x5 + x9 + 0.8576558) - 0.418918))) + (x6 + exp(0.46553254 - cos(x9 + exp(sin(x9)) - 0.055094454)))*(-0.418918) + 83.2045344232992*(0.25121124011534*x9 - 1)**2 - ((x2 + x2 + x3)*cos(x11) - (x6*(-0.418918) + exp(sin(-(x7/((x8/x8)) + 0.144282) - 0.418918)) - cos(exp(sin(-(x5 + x9) - 0.055094454))))) - (x0 + sin(x4 - 0.16291352) - 1*(-0.552854)) - 0.10131901 + 0.030812357),29,44,x10 - x11**2*(cos(x9 - 1*0.8855105) + 0.95181715)**2 + x11 - x3 + x3 - x5 - x5 - x6 - x7 - (x2 - x5*x9) - (x5 + cos(x3 + x5 + x9 - (x3 + x6) - (-x5 + x5) + (x4 + x5 + x5)*exp(-(x5 + x9 + 0.8576558) - 0.418918))) + (x6 + exp(0.46553254 - cos(x9 + exp(sin(x9)) - 0.055094454)))*(-0.418918) + 83.2045344232992*(0.25121124011534*x9 - 1)**2 - ((x2 + x2 + x3)*cos(x11) - (x6*(-0.418918) + exp(sin(-(x7/((x8/x8)) + 0.144282) - 0.418918)) - cos(exp(sin(-(x5 + x9) - 0.055094454))))) - (x0 + sin(x4 - 0.16291352) - 1*(-0.552854)) - 0.10131901 + 0.030812357
136,8.904095,((((((x3 + ((((x11 - (x2 - (x5 * x9))) + ((square((x9 + -3.9807136) * 2.2914615) - ((x0 - -0.552854) + sin(x4 + x9))) - (((x2 + (x2 + x3)) * cos(x11)) - ((x6 * -0.418918) + (exp(sin(-0.418918 - (x7 / ((x8 / x8) + 0.087895386)))) - cos(exp(-0.055094454 - (x5 + sin(x9))))))))) - square((cos(0.8855105 - x9) + 0.95181715) * x11)) - (cos(((square(x5) * -0.055066586) + ((((x5 + x8) + x5) * exp(-0.418918 - (x5 + (x9 + 0.8576558)))) + ((x5 - (x6 + x3)) - (x5 - x5)))) + (x3 + x9)) + x5))) - (x7 + 0.030812357)) + x10) + (((x6 + exp(0.46553254 - (x7 + cos(sin(x9) + exp(x9))))) * -0.418918) - x6)) - x3) - x5) - x5,0.0006134597500448817,x10 - x11**2*(cos(0.8855105 - x9) + 0.95181715)**2 + x11 - x3 + x3 - x5 - x5 - x6 - (x2 - x5*x9) - (x5 + cos(x3 + x5**2*(-0.055066586) + x5 + x9 - (x3 + x6) - (-x5 + x5) + (x5 + x5 + x8)*exp(-(x5 + x9 + 0.8576558) - 0.418918))) + (x6 + exp(0.46553254 - (x7 + cos(exp(x9) + sin(x9)))))*(-0.418918) - (x7 + 0.030812357) + 83.2045344232992*(0.25121124011534*x9 - 1)**2 - ((x2 + x2 + x3)*cos(x11) - (x6*(-0.418918) + exp(sin(-x7/(0.087895386 + x8/x8) - 0.418918)) - cos(exp(-(x5 + sin(x9)) - 0.055094454)))) - (x0 + sin(x4 + x9) - 1*(-0.552854)),PySRFunction(X=>x10 - x11**2*(cos(0.8855105 - x9) + 0.95181715)**2 + x11 - x3 + x3 - x5 - x5 - x6 - (x2 - x5*x9) - (x5 + cos(x3 + x5**2*(-0.055066586) + x5 + x9 - (x3 + x6) - (-x5 + x5) + (x5 + x5 + x8)*exp(-(x5 + x9 + 0.8576558) - 0.418918))) + (x6 + exp(0.46553254 - (x7 + cos(exp(x9) + sin(x9)))))*(-0.418918) - (x7 + 0.030812357) + 83.2045344232992*(0.25121124011534*x9 - 1)**2 - ((x2 + x2 + x3)*cos(x11) - (x6*(-0.418918) + exp(sin(-x7/(0.087895386 + x8/x8) - 0.418918)) - cos(exp(-(x5 + sin(x9)) - 0.055094454)))) - (x0 + sin(x4 + x9) - 1*(-0.552854))),29,45,x10 - x11**2*(cos(0.8855105 - x9) + 0.95181715)**2 + x11 - x3 + x3 - x5 - x5 - x6 - (x2 - x5*x9) - (x5 + cos(x3 + x5**2*(-0.055066586) + x5 + x9 - (x3 + x6) - (-x5 + x5) + (x5 + x5 + x8)*exp(-(x5 + x9 + 0.8576558) - 0.418918))) + (x6 + exp(0.46553254 - (x7 + cos(exp(x9) + sin(x9)))))*(-0.418918) - (x7 + 0.030812357) + 83.2045344232992*(0.25121124011534*x9 - 1)**2 - ((x2 + x2 + x3)*cos(x11) - (x6*(-0.418918) + exp(sin(-x7/(0.087895386 + x8/x8) - 0.418918)) - cos(exp(-(x5 + sin(x9)) - 0.055094454)))) - (x0 + sin(x4 + x9) - 1*(-0.552854))
139,8.902135,(((((((((square((x9 + -3.9807136) * 2.2914615) - ((x0 - -0.552854) + sin(x4 + -0.16291352))) - ((((x2 + x2) + x3) * cos(x11)) - (((x6 * -0.418918) + exp(sin(-0.418918 - ((x8 / x8) * (x7 + 0.144282))))) - cos(exp(sin(-0.055094454 - (x5 + x9))))))) + ((x11 + x3) - (x2 - (x5 * x9)))) - square((cos(x9 - 0.8855105) + 0.95181715) * x11)) - (cos((((square(exp(x0)) * -0.055066586) + x5) + ((((x5 + (x5 + x4)) * exp(-0.418918 - (0.8576558 + (x5 + x9)))) - (x6 + x3)) + (x9 - (x5 - x5)))) + x3) + x5)) - (x7 + 0.030812357)) + ((x10 + (((x6 + exp(0.46553254 - cos(exp(sin(x9)) + (x8 + -0.2025429)))) * -0.418918) - x6)) - x3)) - x5) - x5) + -0.10131901,7.338255610223777e-05,x10 - x11**2*(cos(x9 - 1*0.8855105) + 0.95181715)**2 + x11 - x3 + x3 - x5 - x5 - x6 - (x2 - x5*x9) - (x5 + cos(x3 + x5 + x9 - (x3 + x6) - (-x5 + x5) + (x4 + x5 + x5)*exp(-(x5 + x9 + 0.8576558) - 0.418918) + exp(2*x0)*(-0.055066586))) + (x6 + exp(0.46553254 - cos(x8 + exp(sin(x9)) - 0.2025429)))*(-0.418918) - (x7 + 0.030812357) + 83.2045344232992*(0.25121124011534*x9 - 1)**2 - ((x2 + x2 + x3)*cos(x11) - (x6*(-0.418918) + exp(sin(-0.418918 - x8*(x7 + 0.144282)/x8)) - cos(exp(sin(-(x5 + x9) - 0.055094454))))) - (x0 + sin(x4 - 0.16291352) - 1*(-0.552854)) - 0.10131901,PySRFunction(X=>x10 - x11**2*(cos(x9 - 1*0.8855105) + 0.95181715)**2 + x11 - x3 + x3 - x5 - x5 - x6 - (x2 - x5*x9) - (x5 + cos(x3 + x5 + x9 - (x3 + x6) - (-x5 + x5) + (x4 + x5 + x5)*exp(-(x5 + x9 + 0.8576558) - 0.418918) + exp(2*x0)*(-0.055066586))) + (x6 + exp(0.46553254 - cos(x8 + exp(sin(x9)) - 0.2025429)))*(-0.418918) - (x7 + 0.030812357) + 83.2045344232992*(0.25121124011534*x9 - 1)**2 - ((x2 + x2 + x3)*cos(x11) - (x6*(-0.418918) + exp(sin(-0.418918 - x8*(x7 + 0.144282)/x8)) - cos(exp(sin(-(x5 + x9) - 0.055094454))))) - (x0 + sin(x4 - 0.16291352) - 1*(-0.552854)) - 0.10131901),29,46,x10 - x11**2*(cos(x9 - 1*0.8855105) + 0.95181715)**2 + x11 - x3 + x3 - x5 - x5 - x6 - (x2 - x5*x9) - (x5 + cos(x3 + x5 + x9 - (x3 + x6) - (-x5 + x5) + (x4 + x5 + x5)*exp(-(x5 + x9 + 0.8576558) - 0.418918) + exp(2*x0)*(-0.055066586))) + (x6 + exp(0.46553254 - cos(x8 + exp(sin(x9)) - 0.2025429)))*(-0.418918) - (x7 + 0.030812357) + 83.2045344232992*(0.25121124011534*x9 - 1)**2 - ((x2 + x2 + x3)*cos(x11) - (x6*(-0.418918) + exp(sin(-0.418918 - x8*(x7 + 0.144282)/x8)) - cos(exp(sin(-(x5 + x9) - 0.055094454))))) - (x0 + sin(x4 - 0.16291352) - 1*(-0.552854)) - 0.10131901
140,8.82154,((((x3 + (((((x11 - (x2 - (x9 * x5))) + ((square((x9 + -3.9807136) * 2.2914615) - ((x0 - -0.552854) + sin(x4 + x9))) - ((((x2 + x2) + x3) * cos(x11)) - (((-0.418918 * x6) + exp(sin(-0.418918 - ((x7 / (x8 / x8)) + 0.087895386)))) - cos(exp(-0.055094454 - (x5 + sin(x9)))))))) - square((cos(0.8855105 - x9) + 0.95181715) * x11)) - (cos(((((x5 + x8) + x5) * exp(-0.418918 - ((x5 + x9) + 0.8576558))) + (square(x6 - (x2 + x2)) * -0.055066586)) + (((x5 - ((x6 + x3) - (x5 - x5))) + x3) + x9)) + x5)) - (x7 + 0.030812357))) + x10) + ((((x6 + exp(0.46553254 - (x7 + cos(exp(x9) + sin(x9))))) * -0.418918) - x6) - x3)) - x5) - x5,0.009094677658161252,x10 - x11**2*(cos(0.8855105 - x9) + 0.95181715)**2 + x11 - x3 + x3 - x5 - x5 - x6 - (x2 - x5*x9) - (x5 + cos(x3 + x5 + x9 + (x6 - (x2 + x2))**2*(-0.055066586) - (x3 + x6 - (-x5 + x5)) + (x5 + x5 + x8)*exp(-(x5 + x9 + 0.8576558) - 0.418918))) + (x6 + exp(0.46553254 - (x7 + cos(exp(x9) + sin(x9)))))*(-0.418918) - (x7 + 0.030812357) + 83.2045344232992*(0.25121124011534*x9 - 1)**2 - ((x2 + x2 + x3)*cos(x11) - (-0.418918*x6 + exp(sin(-(x7/((x8/x8)) + 0.087895386) - 0.418918)) - cos(exp(-(x5 + sin(x9)) - 0.055094454)))) - (x0 + sin(x4 + x9) - 1*(-0.552854)),PySRFunction(X=>x10 - x11**2*(cos(0.8855105 - x9) + 0.95181715)**2 + x11 - x3 + x3 - x5 - x5 - x6 - (x2 - x5*x9) - (x5 + cos(x3 + x5 + x9 + (x6 - (x2 + x2))**2*(-0.055066586) - (x3 + x6 - (-x5 + x5)) + (x5 + x5 + x8)*exp(-(x5 + x9 + 0.8576558) - 0.418918))) + (x6 + exp(0.46553254 - (x7 + cos(exp(x9) + sin(x9)))))*(-0.418918) - (x7 + 0.030812357) + 83.2045344232992*(0.25121124011534*x9 - 1)**2 - ((x2 + x2 + x3)*cos(x11) - (-0.418918*x6 + exp(sin(-(x7/((x8/x8)) + 0.087895386) - 0.418918)) - cos(exp(-(x5 + sin(x9)) - 0.055094454)))) - (x0 + sin(x4 + x9) - 1*(-0.552854))),29,47,x10 - x11**2*(cos(0.8855105 - x9) + 0.95181715)**2 + x11 - x3 + x3 - x5 - x5 - x6 - (x2 - x5*x9) - (x5 + cos(x3 + x5 + x9 + (x6 - (x2 + x2))**2*(-0.055066586) - (x3 + x6 - (-x5 + x5)) + (x5 + x5 + x8)*exp(-(x5 + x9 + 0.8576558) - 0.418918))) + (x6 + exp(0.46553254 - (x7 + cos(exp(x9) + sin(x9)))))*(-0.418918) - (x7 + 0.030812357) + 83.2045344232992*(0.25121124011534*x9 - 1)**2 - ((x2 + x2 + x3)*cos(x11) - (-0.418918*x6 + exp(sin(-(x7/((x8/x8)) + 0.087895386) - 0.418918)) - cos(exp(-(x5 + sin(x9)) - 0.055094454)))) - (x0 + sin(x4 + x9) - 1*(-0.552854))
147,8.810642,(((((x3 + ((((x11 - (x2 - (x9 * x5))) + ((square((x9 + -3.9807136) * 2.2914615) - ((x0 - -0.552854) + sin(x4 + x9))) - (((x2 + (x2 + x3)) * cos(x11)) - (((x6 * -0.418918) + exp(sin(-0.418918 - ((x7 / (x8 / x8)) + 0.087895386)))) - cos(exp(-0.055094454 - (x5 + sin(x9)))))))) - square((cos(0.8855105 - x9) + 0.95181715) * x11)) - (cos(((((x5 + x8) + x5) * exp(-0.418918 - ((x5 + x9) + 0.8576558))) + (square((x6 - (x2 + x2)) + (exp(sin(-0.418918)) - exp(x0))) * -0.055066586)) + ((((x5 - (x6 + x3)) - (x5 - x5)) + x3) + x9)) + x5))) - (x7 + 0.030812357)) + x10) + ((((x6 + exp(0.46553254 - (x7 + cos(exp(x9) + sin(x9))))) * -0.418918) - x6) - x3)) - x5) - x5,0.0001765927031725806,x10 - x11**2*(cos(0.8855105 - x9) + 0.95181715)**2 + x11 - x3 + x3 - x5 - x5 - x6 - (x2 - x5*x9) - (x5 + cos(x3 + x5 + x9 - (x3 + x6) - (-x5 + x5) + (x5 + x5 + x8)*exp(-(x5 + x9 + 0.8576558) - 0.418918) + (x6 - (x2 + x2) - exp(x0) + exp(sin(-0.418918)))**2*(-0.055066586))) + (x6 + exp(0.46553254 - (x7 + cos(exp(x9) + sin(x9)))))*(-0.418918) - (x7 + 0.030812357) + 83.2045344232992*(0.25121124011534*x9 - 1)**2 - ((x2 + x2 + x3)*cos(x11) - (x6*(-0.418918) + exp(sin(-(x7/((x8/x8)) + 0.087895386) - 0.418918)) - cos(exp(-(x5 + sin(x9)) - 0.055094454)))) - (x0 + sin(x4 + x9) - 1*(-0.552854)),PySRFunction(X=>x10 - x11**2*(cos(0.8855105 - x9) + 0.95181715)**2 + x11 - x3 + x3 - x5 - x5 - x6 - (x2 - x5*x9) - (x5 + cos(x3 + x5 + x9 - (x3 + x6) - (-x5 + x5) + (x5 + x5 + x8)*exp(-(x5 + x9 + 0.8576558) - 0.418918) + (x6 - (x2 + x2) - exp(x0) + exp(sin(-0.418918)))**2*(-0.055066586))) + (x6 + exp(0.46553254 - (x7 + cos(exp(x9) + sin(x9)))))*(-0.418918) - (x7 + 0.030812357) + 83.2045344232992*(0.25121124011534*x9 - 1)**2 - ((x2 + x2 + x3)*cos(x11) - (x6*(-0.418918) + exp(sin(-(x7/((x8/x8)) + 0.087895386) - 0.418918)) - cos(exp(-(x5 + sin(x9)) - 0.055094454)))) - (x0 + sin(x4 + x9) - 1*(-0.552854))),29,48,x10 - x11**2*(cos(0.8855105 - x9) + 0.95181715)**2 + x11 - x3 + x3 - x5 - x5 - x6 - (x2 - x5*x9) - (x5 + cos(x3 + x5 + x9 - (x3 + x6) - (-x5 + x5) + (x5 + x5 + x8)*exp(-(x5 + x9 + 0.8576558) - 0.418918) + (x6 - (x2 + x2) - exp(x0) + exp(sin(-0.418918)))**2*(-0.055066586))) + (x6 + exp(0.46553254 - (x7 + cos(exp(x9) + sin(x9)))))*(-0.418918) - (x7 + 0.030812357) + 83.2045344232992*(0.25121124011534*x9 - 1)**2 - ((x2 + x2 + x3)*cos(x11) - (x6*(-0.418918) + exp(sin(-(x7/((x8/x8)) + 0.087895386) - 0.418918)) - cos(exp(-(x5 + sin(x9)) - 0.055094454)))) - (x0 + sin(x4 + x9) - 1*(-0.552854))
151,8.776677,((((((x3 + (((x11 - (x2 - (x5 * x9))) + ((square((x9 + -3.9807136) * 2.2914615) - ((x0 - -0.552854) + sin(x4 + x9))) - ((((x2 + x2) + x3) * cos(x11)) - ((x6 * -0.418918) + (exp(sin(-0.418918 - (x7 + 0.087895386))) - cos(exp(-0.055094454 - (x5 + sin(x9))))))))) - square((cos(0.8855105 - x9) + 0.95181715) * x11))) - (cos(((((square((x6 - (x2 + x2)) + (exp(sin((-0.10021187 - ((-0.055094454 - x5) / x9)) - 0.005551345)) - exp(x0))) * -0.055066586) + (((x5 + x8) + x5) * exp(-0.418918 - ((x5 + 0.8576558) + x9)))) + x5) - ((x6 + x3) - (x5 - x5))) + (x3 + x9)) + x5)) - (x7 + 0.030812357)) + ((x10 + ((x6 + exp(0.46553254 - (cos(sin(x9) + exp(x9)) + x7))) * -0.418918)) - x6)) - x3) - x5) - x5,0.0009656117065241221,x10 - x11**2*(cos(0.8855105 - x9) + 0.95181715)**2 + x11 - x3 + x3 - x5 - x5 - x6 - (x2 - x5*x9) - (x5 + cos(x3 + x5 + x9 - (x3 + x6 - (-x5 + x5)) + (x5 + x5 + x8)*exp(-(x5 + x9 + 0.8576558) - 0.418918) + (x6 - (x2 + x2) - exp(x0) + exp(sin(-0.10021187 - 1*0.005551345 - (-x5 - 0.055094454)/x9)))**2*(-0.055066586))) + (x6 + exp(0.46553254 - (x7 + cos(exp(x9) + sin(x9)))))*(-0.418918) - (x7 + 0.030812357) + 83.2045344232992*(0.25121124011534*x9 - 1)**2 - ((x2 + x2 + x3)*cos(x11) - (x6*(-0.418918) + exp(sin(-(x7 + 0.087895386) - 0.418918)) - cos(exp(-(x5 + sin(x9)) - 0.055094454)))) - (x0 + sin(x4 + x9) - 1*(-0.552854)),PySRFunction(X=>x10 - x11**2*(cos(0.8855105 - x9) + 0.95181715)**2 + x11 - x3 + x3 - x5 - x5 - x6 - (x2 - x5*x9) - (x5 + cos(x3 + x5 + x9 - (x3 + x6 - (-x5 + x5)) + (x5 + x5 + x8)*exp(-(x5 + x9 + 0.8576558) - 0.418918) + (x6 - (x2 + x2) - exp(x0) + exp(sin(-0.10021187 - 1*0.005551345 - (-x5 - 0.055094454)/x9)))**2*(-0.055066586))) + (x6 + exp(0.46553254 - (x7 + cos(exp(x9) + sin(x9)))))*(-0.418918) - (x7 + 0.030812357) + 83.2045344232992*(0.25121124011534*x9 - 1)**2 - ((x2 + x2 + x3)*cos(x11) - (x6*(-0.418918) + exp(sin(-(x7 + 0.087895386) - 0.418918)) - cos(exp(-(x5 + sin(x9)) - 0.055094454)))) - (x0 + sin(x4 + x9) - 1*(-0.552854))),29,49,x10 - x11**2*(cos(0.8855105 - x9) + 0.95181715)**2 + x11 - x3 + x3 - x5 - x5 - x6 - (x2 - x5*x9) - (x5 + cos(x3 + x5 + x9 - (x3 + x6 - (-x5 + x5)) + (x5 + x5 + x8)*exp(-(x5 + x9 + 0.8576558) - 0.418918) + (x6 - (x2 + x2) - exp(x0) + exp(sin(-0.10021187 - 1*0.005551345 - (-x5 - 0.055094454)/x9)))**2*(-0.055066586))) + (x6 + exp(0.46553254 - (x7 + cos(exp(x9) + sin(x9)))))*(-0.418918) - (x7 + 0.030812357) + 83.2045344232992*(0.25121124011534*x9 - 1)**2 - ((x2 + x2 + x3)*cos(x11) - (x6*(-0.418918) + exp(sin(-(x7 + 0.087895386) - 0.418918)) - cos(exp(-(x5 + sin(x9)) - 0.055094454)))) - (x0 + sin(x4 + x9) - 1*(-0.552854))
154,8.77302,((((x3 + (((((x11 - (x2 - (x9 * x5))) + ((square(2.2914615 * (x9 + -3.9807136)) - ((x0 - -0.552854) + sin(x4 + x9))) - ((((x2 + x2) + x3) * cos(x11)) - (((-0.418918 * x6) + exp(sin(-0.418918 - ((x7 / (x8 / x8)) + 0.087895386)))) - cos(exp(-0.055094454 - (x5 + sin(x9)))))))) - square((cos(0.8855105 - x9) + 0.95181715) * x11)) - (cos(((((x5 + x8) + x5) * exp(-0.418918 - ((x5 + x9) + 0.8576558))) + (square(((x6 - (x2 + x2)) + exp(sin((-0.10021187 - ((-0.055094454 - x5) / x9)) - x5))) - exp(x0)) * -0.055066586)) + (((x5 - ((x6 + x3) - (x5 - x5))) + x3) + x9)) + x5)) - (x7 + 0.030812357))) + x10) + ((((x6 + exp(0.46553254 - (x7 + cos(exp(x9) + x9)))) * -0.418918) - x6) - x3)) - x5) - x5,0.00013891977937208246,x10 - x11**2*(cos(0.8855105 - x9) + 0.95181715)**2 + x11 - x3 + x3 - x5 - x5 - x6 - (x2 - x5*x9) - (x5 + cos(x3 + x5 + x9 - (x3 + x6 - (-x5 + x5)) + (x5 + x5 + x8)*exp(-(x5 + x9 + 0.8576558) - 0.418918) + (x6 - (x2 + x2) - exp(x0) + exp(sin(-x5 - 0.10021187 - (-x5 - 0.055094454)/x9)))**2*(-0.055066586))) + (x6 + exp(0.46553254 - (x7 + cos(x9 + exp(x9)))))*(-0.418918) - (x7 + 0.030812357) + 83.2045344232992*(0.25121124011534*x9 - 1)**2 - ((x2 + x2 + x3)*cos(x11) - (-0.418918*x6 + exp(sin(-(x7/((x8/x8)) + 0.087895386) - 0.418918)) - cos(exp(-(x5 + sin(x9)) - 0.055094454)))) - (x0 + sin(x4 + x9) - 1*(-0.552854)),PySRFunction(X=>x10 - x11**2*(cos(0.8855105 - x9) + 0.95181715)**2 + x11 - x3 + x3 - x5 - x5 - x6 - (x2 - x5*x9) - (x5 + cos(x3 + x5 + x9 - (x3 + x6 - (-x5 + x5)) + (x5 + x5 + x8)*exp(-(x5 + x9 + 0.8576558) - 0.418918) + (x6 - (x2 + x2) - exp(x0) + exp(sin(-x5 - 0.10021187 - (-x5 - 0.055094454)/x9)))**2*(-0.055066586))) + (x6 + exp(0.46553254 - (x7 + cos(x9 + exp(x9)))))*(-0.418918) - (x7 + 0.030812357) + 83.2045344232992*(0.25121124011534*x9 - 1)**2 - ((x2 + x2 + x3)*cos(x11) - (-0.418918*x6 + exp(sin(-(x7/((x8/x8)) + 0.087895386) - 0.418918)) - cos(exp(-(x5 + sin(x9)) - 0.055094454)))) - (x0 + sin(x4 + x9) - 1*(-0.552854))),29,50,x10 - x11**2*(cos(0.8855105 - x9) + 0.95181715)**2 + x11 - x3 + x3 - x5 - x5 - x6 - (x2 - x5*x9) - (x5 + cos(x3 + x5 + x9 - (x3 + x6 - (-x5 + x5)) + (x5 + x5 + x8)*exp(-(x5 + x9 + 0.8576558) - 0.418918) + (x6 - (x2 + x2) - exp(x0) + exp(sin(-x5 - 0.10021187 - (-x5 - 0.055094454)/x9)))**2*(-0.055066586))) + (x6 + exp(0.46553254 - (x7 + cos(x9 + exp(x9)))))*(-0.418918) - (x7 + 0.030812357) + 83.2045344232992*(0.25121124011534*x9 - 1)**2 - ((x2 + x2 + x3)*cos(x11) - (-0.418918*x6 + exp(sin(-(x7/((x8/x8)) + 0.087895386) - 0.418918)) - cos(exp(-(x5 + sin(x9)) - 0.055094454)))) - (x0 + sin(x4 + x9) - 1*(-0.552854))
181,8.738562,(((((x3 + (((((x11 - (x2 - (x5 * x9))) + square((x9 + -3.9807136) * 2.2914615)) - sin((x9 + x4) + cos(x10 / 0.5501679))) - ((cos(x11) * (x2 + (x3 + x2))) - ((x6 * -0.418918) + (exp(sin(((-0.418918 - x7) / (x8 / x8)) + 0.087895386)) - cos(exp(0.04595531 - (x5 + sin(x9)))))))) - square((cos(0.8855105 - x9) + 0.95181715) * x11))) - (cos((square(2.5904126 - (x2 - ((x2 + sin(cos(x8 - ((x0 + x9) + 0.8576558)))) + x2))) * -0.055066586) + (x3 + x9)) + x5)) - x7) + 0.030812357) + (x10 + ((((((x6 + (x8 + x0)) + exp((x11 * exp(x9 - exp((x11 + x8) + (x3 + (x11 * (x3 - (x6 + (x9 + 0.8576558)))))))) + ((square((((x2 + (x2 + -0.10021187)) - exp((-0.83800757 - (-0.055066586 / x9)) / -0.8974244)) * x6) - exp(x9)) * -0.055066586) + cos((x5 - (((x6 + -0.00596378) - x5) - 6.829288)) + (x3 + x9))))) * -0.418918) - x6) - x4) - x5))) - x5,0.00014575768989699115,x10 - x11**2*(cos(0.8855105 - x9) + 0.95181715)**2 + x11 + x3 - x4 - x5 - x5 - x6 - x7 - (x2 - x5*x9) - (x5 + cos(x3 + x9 + (6.71023743823876*(0.386038888167854*x2 + 0.386038888167854*sin(cos(x8 - (x0 + x9 + 0.8576558))) + 1)**2)*(-0.055066586))) + 83.2045344232992*(0.25121124011534*x9 - 1)**2 - ((x2 + x2 + x3)*cos(x11) - (x6*(-0.418918) + exp(sin(0.087895386 + (-x7 - 0.418918)/((x8/x8)))) - cos(exp(0.04595531 - (x5 + sin(x9)))))) + (x0 + x6 + x8 + exp(x11*exp(x9 - exp(x11*(x3 - (x6 + x9 + 0.8576558)) + x11 + x3 + x8)) + (x6*(x2 + x2 - exp((-0.83800757 - (-1)*0.055066586/x9)/(-0.8974244)) - 0.10021187) - exp(x9))**2*(-0.055066586) + cos(x3 + x5 + x9 - (-x5 + x6 - 1*6.829288 - 0.00596378))))*(-0.418918) - sin(x4 + x9 + cos(x10/0.5501679)) + 0.030812357,PySRFunction(X=>x10 - x11**2*(cos(0.8855105 - x9) + 0.95181715)**2 + x11 + x3 - x4 - x5 - x5 - x6 - x7 - (x2 - x5*x9) - (x5 + cos(x3 + x9 + (6.71023743823876*(0.386038888167854*x2 + 0.386038888167854*sin(cos(x8 - (x0 + x9 + 0.8576558))) + 1)**2)*(-0.055066586))) + 83.2045344232992*(0.25121124011534*x9 - 1)**2 - ((x2 + x2 + x3)*cos(x11) - (x6*(-0.418918) + exp(sin(0.087895386 + (-x7 - 0.418918)/((x8/x8)))) - cos(exp(0.04595531 - (x5 + sin(x9)))))) + (x0 + x6 + x8 + exp(x11*exp(x9 - exp(x11*(x3 - (x6 + x9 + 0.8576558)) + x11 + x3 + x8)) + (x6*(x2 + x2 - exp((-0.83800757 - (-1)*0.055066586/x9)/(-0.8974244)) - 0.10021187) - exp(x9))**2*(-0.055066586) + cos(x3 + x5 + x9 - (-x5 + x6 - 1*6.829288 - 0.00596378))))*(-0.418918) - sin(x4 + x9 + cos(x10/0.5501679)) + 0.030812357),29,51,x10 - x11**2*(cos(0.8855105 - x9) + 0.95181715)**2 + x11 + x3 - x4 - x5 - x5 - x6 - x7 - (x2 - x5*x9) - (x5 + cos(x3 + x9 + (6.71023743823876*(0.386038888167854*x2 + 0.386038888167854*sin(cos(x8 - (x0 + x9 + 0.8576558))) + 1)**2)*(-0.055066586))) + 83.2045344232992*(0.25121124011534*x9 - 1)**2 - ((x2 + x2 + x3)*cos(x11) - (x6*(-0.418918) + exp(sin(0.087895386 + (-x7 - 0.418918)/((x8/x8)))) - cos(exp(0.04595531 - (x5 + sin(x9)))))) + (x0 + x6 + x8 + exp(x11*exp(x9 - exp(x11*(x3 - (x6 + x9 + 0.8576558)) + x11 + x3 + x8)) + (x6*(x2 + x2 - exp((-0.83800757 - (-1)*0.055066586/x9)/(-0.8974244)) - 0.10021187) - exp(x9))**2*(-0.055066586) + cos(x3 + x5 + x9 - (-x5 + x6 - 1*6.829288 - 0.00596378))))*(-0.418918) - sin(x4 + x9 + cos(x10/0.5501679)) + 0.030812357
190,8.737037,(((((x3 + (((((x11 - (x2 - (x5 * x9))) + square((x9 + -3.9807136) * 2.2914615)) - sin((x9 + x4) + cos(x10 / 0.5501679))) - ((cos(x11) * (x2 + (x3 + x2))) - ((x6 * -0.418918) + (exp(sin((-0.418918 - (x7 / (x8 / x8))) + 0.087895386)) - cos(exp(0.04595531 - (x5 + sin(x9)))))))) - square((cos(0.8855105 - x9) + 0.95181715) * x11))) - (cos(((x5 + (x8 + 0.7799976)) * exp(-0.38487116 - ((x4 + 0.8576558) + (x5 * x3)))) + ((square(2.5904126 - (x2 - (x2 + x2))) * -0.055066586) + (x3 + x9))) + x5)) - x7) + 0.030812357) + (x10 + ((((-0.418918 * (x6 + ((x8 + x0) + exp((x11 * exp(x9 - exp(x11 + (x8 + (x3 + (x11 * (x3 - ((x6 + 0.8576558) + x9)))))))) + (cos(((x5 - (((x6 + -0.00596378) - x5) - exp(1.9212204))) + x3) + x9) + (square((((x2 + (x2 + -0.10021187)) - exp((-0.83800757 - (-0.055066586 / x9)) / sin(-1.1138963))) * x6) - exp(x9)) * -0.055066586)))))) - x6) - x4) - x5))) - x5,1.9392118676383587e-05,x10 - x11**2*(cos(0.8855105 - x9) + 0.95181715)**2 + x11 + x3 - x4 - x5 - x5 - x6 - x7 - (x2 - x5*x9) - (x5 + cos(x3 + x9 + (6.71023743823876*(0.386038888167854*x2 + 1)**2)*(-0.055066586) + (x5 + x8 + 0.7799976)*exp(-(x3*x5 + x4 + 0.8576558) - 0.38487116))) + 83.2045344232992*(0.25121124011534*x9 - 1)**2 - ((x2 + x2 + x3)*cos(x11) - (x6*(-0.418918) + exp(sin(-x7/(x8/x8) - 0.418918 + 0.087895386)) - cos(exp(0.04595531 - (x5 + sin(x9)))))) - 0.418918*(x0 + x6 + x8 + exp(x11*exp(x9 - exp(x11*(x3 - (x6 + x9 + 0.8576558)) + x11 + x3 + x8)) + (x6*(x2 + x2 - exp((-0.83800757 - (-1)*0.055066586/x9)/sin(-1.1138963)) - 0.10021187) - exp(x9))**2*(-0.055066586) + cos(x3 + x5 + x9 - (-x5 + x6 - exp(1.9212204) - 0.00596378)))) - sin(x4 + x9 + cos(x10/0.5501679)) + 0.030812357,PySRFunction(X=>x10 - x11**2*(cos(0.8855105 - x9) + 0.95181715)**2 + x11 + x3 - x4 - x5 - x5 - x6 - x7 - (x2 - x5*x9) - (x5 + cos(x3 + x9 + (6.71023743823876*(0.386038888167854*x2 + 1)**2)*(-0.055066586) + (x5 + x8 + 0.7799976)*exp(-(x3*x5 + x4 + 0.8576558) - 0.38487116))) + 83.2045344232992*(0.25121124011534*x9 - 1)**2 - ((x2 + x2 + x3)*cos(x11) - (x6*(-0.418918) + exp(sin(-x7/(x8/x8) - 0.418918 + 0.087895386)) - cos(exp(0.04595531 - (x5 + sin(x9)))))) - 0.418918*(x0 + x6 + x8 + exp(x11*exp(x9 - exp(x11*(x3 - (x6 + x9 + 0.8576558)) + x11 + x3 + x8)) + (x6*(x2 + x2 - exp((-0.83800757 - (-1)*0.055066586/x9)/sin(-1.1138963)) - 0.10021187) - exp(x9))**2*(-0.055066586) + cos(x3 + x5 + x9 - (-x5 + x6 - exp(1.9212204) - 0.00596378)))) - sin(x4 + x9 + cos(x10/0.5501679)) + 0.030812357),29,52,x10 - x11**2*(cos(0.8855105 - x9) + 0.95181715)**2 + x11 + x3 - x4 - x5 - x5 - x6 - x7 - (x2 - x5*x9) - (x5 + cos(x3 + x9 + (6.71023743823876*(0.386038888167854*x2 + 1)**2)*(-0.055066586) + (x5 + x8 + 0.7799976)*exp(-(x3*x5 + x4 + 0.8576558) - 0.38487116))) + 83.2045344232992*(0.25121124011534*x9 - 1)**2 - ((x2 + x2 + x3)*cos(x11) - (x6*(-0.418918) + exp(sin(-x7/(x8/x8) - 0.418918 + 0.087895386)) - cos(exp(0.04595531 - (x5 + sin(x9)))))) - 0.418918*(x0 + x6 + x8 + exp(x11*exp(x9 - exp(x11*(x3 - (x6 + x9 + 0.8576558)) + x11 + x3 + x8)) + (x6*(x2 + x2 - exp((-0.83800757 - (-1)*0.055066586/x9)/sin(-1.1138963)) - 0.10021187) - exp(x9))**2*(-0.055066586) + cos(x3 + x5 + x9 - (-x5 + x6 - exp(1.9212204) - 0.00596378)))) - sin(x4 + x9 + cos(x10/0.5501679)) + 0.030812357
196,8.697379,((((x3 + ((((((x11 - (x2 - (x5 * x9))) + square((x9 + -3.9807136) * 2.2914615)) - sin((x9 + x4) + cos(x10 / 0.5501679))) - ((cos(x11) * (x2 + (x3 + x2))) - ((x6 * -0.418918) + (exp(sin((-0.418918 - x7) + 0.087895386)) - cos(exp(0.04595531 - (x5 + sin(x9)))))))) - square((cos(0.8855105 - x9) + 0.95181715) * x11)) - (cos((((x5 + (x8 + 0.7799976)) * exp(-0.38487116 - ((x5 * x3) + (x4 + 0.8576558)))) + (square(2.5904126 - (x2 - (x2 + (sin(cos(x3 - (x0 + (x9 + 0.8576558)))) + x2)))) * -0.055066586)) + (x3 + x9)) + x5))) - x7) + 0.030812357) + (x10 + ((((-0.418918 * (x6 + ((x8 + x0) + exp(((x11 * exp(x9 - exp(x11 + (x8 + (x3 + (x11 * (x3 - (x6 + (0.8576558 + x9))))))))) + (square((((x2 + (x2 + -0.10021187)) - exp((-0.83800757 - (-0.055066586 / x9)) / sin(-1.1138963))) * x6) - exp(x9)) * -0.055066586)) + cos((x5 - (((x6 + -0.00596378) - x5) - exp(1.9212204))) + (x3 + x9)))))) - x6) - x4) - x5))) - x5,0.0007582333777866767,x10 - x11**2*(cos(0.8855105 - x9) + 0.95181715)**2 + x11 + x3 - x4 - x5 - x5 - x6 - x7 - (x2 - x5*x9) - (x5 + cos(x3 + x9 + (6.71023743823876*(0.386038888167854*x2 + 0.386038888167854*sin(cos(x3 - (x0 + x9 + 0.8576558))) + 1)**2)*(-0.055066586) + (x5 + x8 + 0.7799976)*exp(-(x3*x5 + x4 + 0.8576558) - 0.38487116))) + 83.2045344232992*(0.25121124011534*x9 - 1)**2 - ((x2 + x2 + x3)*cos(x11) - (x6*(-0.418918) + exp(sin(-x7 - 0.418918 + 0.087895386)) - cos(exp(0.04595531 - (x5 + sin(x9)))))) - 0.418918*(x0 + x6 + x8 + exp(x11*exp(x9 - exp(x11*(x3 - (x6 + x9 + 0.8576558)) + x11 + x3 + x8)) + (x6*(x2 + x2 - exp((-0.83800757 - (-1)*0.055066586/x9)/sin(-1.1138963)) - 0.10021187) - exp(x9))**2*(-0.055066586) + cos(x3 + x5 + x9 - (-x5 + x6 - exp(1.9212204) - 0.00596378)))) - sin(x4 + x9 + cos(x10/0.5501679)) + 0.030812357,PySRFunction(X=>x10 - x11**2*(cos(0.8855105 - x9) + 0.95181715)**2 + x11 + x3 - x4 - x5 - x5 - x6 - x7 - (x2 - x5*x9) - (x5 + cos(x3 + x9 + (6.71023743823876*(0.386038888167854*x2 + 0.386038888167854*sin(cos(x3 - (x0 + x9 + 0.8576558))) + 1)**2)*(-0.055066586) + (x5 + x8 + 0.7799976)*exp(-(x3*x5 + x4 + 0.8576558) - 0.38487116))) + 83.2045344232992*(0.25121124011534*x9 - 1)**2 - ((x2 + x2 + x3)*cos(x11) - (x6*(-0.418918) + exp(sin(-x7 - 0.418918 + 0.087895386)) - cos(exp(0.04595531 - (x5 + sin(x9)))))) - 0.418918*(x0 + x6 + x8 + exp(x11*exp(x9 - exp(x11*(x3 - (x6 + x9 + 0.8576558)) + x11 + x3 + x8)) + (x6*(x2 + x2 - exp((-0.83800757 - (-1)*0.055066586/x9)/sin(-1.1138963)) - 0.10021187) - exp(x9))**2*(-0.055066586) + cos(x3 + x5 + x9 - (-x5 + x6 - exp(1.9212204) - 0.00596378)))) - sin(x4 + x9 + cos(x10/0.5501679)) + 0.030812357),29,53,x10 - x11**2*(cos(0.8855105 - x9) + 0.95181715)**2 + x11 + x3 - x4 - x5 - x5 - x6 - x7 - (x2 - x5*x9) - (x5 + cos(x3 + x9 + (6.71023743823876*(0.386038888167854*x2 + 0.386038888167854*sin(cos(x3 - (x0 + x9 + 0.8576558))) + 1)**2)*(-0.055066586) + (x5 + x8 + 0.7799976)*exp(-(x3*x5 + x4 + 0.8576558) - 0.38487116))) + 83.2045344232992*(0.25121124011534*x9 - 1)**2 - ((x2 + x2 + x3)*cos(x11) - (x6*(-0.418918) + exp(sin(-x7 - 0.418918 + 0.087895386)) - cos(exp(0.04595531 - (x5 + sin(x9)))))) - 0.418918*(x0 + x6 + x8 + exp(x11*exp(x9 - exp(x11*(x3 - (x6 + x9 + 0.8576558)) + x11 + x3 + x8)) + (x6*(x2 + x2 - exp((-0.83800757 - (-1)*0.055066586/x9)/sin(-1.1138963)) - 0.10021187) - exp(x9))**2*(-0.055066586) + cos(x3 + x5 + x9 - (-x5 + x6 - exp(1.9212204) - 0.00596378)))) - sin(x4 + x9 + cos(x10/0.5501679)) + 0.030812357
198,8.678411,(((((x3 + (((((x11 - (x2 - (x5 * x9))) + square((x9 + -3.9807136) * 2.2914615)) - sin((x9 + x4) + cos(x10 / 0.5501679))) - ((cos(x11) * (x2 + (x3 + x2))) - ((x6 * -0.418918) + (exp(sin((-0.418918 - x7) / (x8 / x8)) + 0.087895386) - cos(exp(0.04595531 - (x5 + sin(x9)))))))) - square((cos(0.8855105 - x9) + 0.95181715) * x11))) - (cos(((x8 + (x5 + 0.95181715)) * exp(-0.38487116 - ((x5 * x3) + (x4 + 0.8576558)))) + ((square(2.5904126 - (x2 - ((x2 + sin(cos(x8 - (x0 + (x9 + 0.8576558))))) + x2))) * -0.055066586) + (x3 + x9))) + x5)) - x7) + 0.030812357) + (x10 + ((((((x6 + (x8 + x0)) + exp((x11 * exp(x9 - exp((x11 + x8) + (x3 + (x11 * (x3 - (x6 + (x9 + 0.8576558)))))))) + ((square((((x2 + (x2 + -0.10021187)) - exp((-0.83800757 - (-0.055066586 / x9)) / -0.8974244)) * x6) - exp(x9)) * -0.055066586) + cos((x5 - (((x6 + -0.00596378) - x5) - 6.829288)) + (x3 + x9))))) * -0.418918) - x6) - x4) - x5))) - x5,0.0010916342528599673,x10 - x11**2*(cos(0.8855105 - x9) + 0.95181715)**2 + x11 + x3 - x4 - x5 - x5 - x6 - x7 - (x2 - x5*x9) - (x5 + cos(x3 + x9 + (6.71023743823876*(0.386038888167854*x2 + 0.386038888167854*sin(cos(x8 - (x0 + x9 + 0.8576558))) + 1)**2)*(-0.055066586) + (x5 + x8 + 0.95181715)*exp(-(x3*x5 + x4 + 0.8576558) - 0.38487116))) + 83.2045344232992*(0.25121124011534*x9 - 1)**2 - ((x2 + x2 + x3)*cos(x11) - (x6*(-0.418918) + exp(sin((-x7 - 0.418918)/((x8/x8))) + 0.087895386) - cos(exp(0.04595531 - (x5 + sin(x9)))))) + (x0 + x6 + x8 + exp(x11*exp(x9 - exp(x11*(x3 - (x6 + x9 + 0.8576558)) + x11 + x3 + x8)) + (x6*(x2 + x2 - exp((-0.83800757 - (-1)*0.055066586/x9)/(-0.8974244)) - 0.10021187) - exp(x9))**2*(-0.055066586) + cos(x3 + x5 + x9 - (-x5 + x6 - 1*6.829288 - 0.00596378))))*(-0.418918) - sin(x4 + x9 + cos(x10/0.5501679)) + 0.030812357,PySRFunction(X=>x10 - x11**2*(cos(0.8855105 - x9) + 0.95181715)**2 + x11 + x3 - x4 - x5 - x5 - x6 - x7 - (x2 - x5*x9) - (x5 + cos(x3 + x9 + (6.71023743823876*(0.386038888167854*x2 + 0.386038888167854*sin(cos(x8 - (x0 + x9 + 0.8576558))) + 1)**2)*(-0.055066586) + (x5 + x8 + 0.95181715)*exp(-(x3*x5 + x4 + 0.8576558) - 0.38487116))) + 83.2045344232992*(0.25121124011534*x9 - 1)**2 - ((x2 + x2 + x3)*cos(x11) - (x6*(-0.418918) + exp(sin((-x7 - 0.418918)/((x8/x8))) + 0.087895386) - cos(exp(0.04595531 - (x5 + sin(x9)))))) + (x0 + x6 + x8 + exp(x11*exp(x9 - exp(x11*(x3 - (x6 + x9 + 0.8576558)) + x11 + x3 + x8)) + (x6*(x2 + x2 - exp((-0.83800757 - (-1)*0.055066586/x9)/(-0.8974244)) - 0.10021187) - exp(x9))**2*(-0.055066586) + cos(x3 + x5 + x9 - (-x5 + x6 - 1*6.829288 - 0.00596378))))*(-0.418918) - sin(x4 + x9 + cos(x10/0.5501679)) + 0.030812357),29,54,x10 - x11**2*(cos(0.8855105 - x9) + 0.95181715)**2 + x11 + x3 - x4 - x5 - x5 - x6 - x7 - (x2 - x5*x9) - (x5 + cos(x3 + x9 + (6.71023743823876*(0.386038888167854*x2 + 0.386038888167854*sin(cos(x8 - (x0 + x9 + 0.8576558))) + 1)**2)*(-0.055066586) + (x5 + x8 + 0.95181715)*exp(-(x3*x5 + x4 + 0.8576558) - 0.38487116))) + 83.2045344232992*(0.25121124011534*x9 - 1)**2 - ((x2 + x2 + x3)*cos(x11) - (x6*(-0.418918) + exp(sin((-x7 - 0.418918)/((x8/x8))) + 0.087895386) - cos(exp(0.04595531 - (x5 + sin(x9)))))) + (x0 + x6 + x8 + exp(x11*exp(x9 - exp(x11*(x3 - (x6 + x9 + 0.8576558)) + x11 + x3 + x8)) + (x6*(x2 + x2 - exp((-0.83800757 - (-1)*0.055066586/x9)/(-0.8974244)) - 0.10021187) - exp(x9))**2*(-0.055066586) + cos(x3 + x5 + x9 - (-x5 + x6 - 1*6.829288 - 0.00596378))))*(-0.418918) - sin(x4 + x9 + cos(x10/0.5501679)) + 0.030812357
199,8.674394,(((((x3 + (((((x11 - (x2 - (x5 * x9))) + square((x9 + -3.9807136) * 2.2914615)) - sin((x9 + x4) + cos(x10 / 0.5501679))) - ((cos(x11) * (x2 + (x3 + x2))) - ((x6 * -0.418918) + (exp(0.087895386 + sin((-0.418918 - x7) / (x8 / x8))) - cos(exp(0.04595531 - (x5 + sin(x9)))))))) - square((cos(0.8855105 - x9) + 0.95181715) * x11))) - (cos((((x8 + 0.7799976) + x5) * exp(-0.38487116 - ((x5 * x3) + (x4 + 0.8576558)))) + ((square(2.5904126 - (x2 - ((x2 + cos(x8 - (x0 + (x9 + 0.8576558)))) + x2))) * -0.055066586) + (x3 + x9))) + x5)) - x7) + 0.030812357) + (x10 + ((((-0.418918 * ((x6 + (x8 + x0)) + exp((x11 * exp(x9 - exp((x11 + x8) + (x3 + (x11 * (x3 - ((x6 + 0.8576558) + x9))))))) + ((square((((x2 + (x2 + -0.10021187)) - exp((-0.83800757 - (-0.055066586 / x9)) / sin(-1.1138963))) * x6) - exp(x9)) * -0.055066586) + cos((x5 - (((x6 + -0.00596378) - x5) - exp(1.9212204))) + (x3 + x9)))))) - x6) - x4) - x5))) - x5,0.00046297991267171893,x10 - x11**2*(cos(0.8855105 - x9) + 0.95181715)**2 + x11 + x3 - x4 - x5 - x5 - x6 - x7 - (x2 - x5*x9) - (x5 + cos(x3 + x9 + (6.71023743823876*(0.386038888167854*x2 + 0.386038888167854*cos(x8 - (x0 + x9 + 0.8576558)) + 1)**2)*(-0.055066586) + (x5 + x8 + 0.7799976)*exp(-(x3*x5 + x4 + 0.8576558) - 0.38487116))) + 83.2045344232992*(0.25121124011534*x9 - 1)**2 - ((x2 + x2 + x3)*cos(x11) - (x6*(-0.418918) + exp(sin((-x7 - 0.418918)/((x8/x8))) + 0.087895386) - cos(exp(0.04595531 - (x5 + sin(x9)))))) - 0.418918*(x0 + x6 + x8 + exp(x11*exp(x9 - exp(x11*(x3 - (x6 + x9 + 0.8576558)) + x11 + x3 + x8)) + (x6*(x2 + x2 - exp((-0.83800757 - (-1)*0.055066586/x9)/sin(-1.1138963)) - 0.10021187) - exp(x9))**2*(-0.055066586) + cos(x3 + x5 + x9 - (-x5 + x6 - exp(1.9212204) - 0.00596378)))) - sin(x4 + x9 + cos(x10/0.5501679)) + 0.030812357,PySRFunction(X=>x10 - x11**2*(cos(0.8855105 - x9) + 0.95181715)**2 + x11 + x3 - x4 - x5 - x5 - x6 - x7 - (x2 - x5*x9) - (x5 + cos(x3 + x9 + (6.71023743823876*(0.386038888167854*x2 + 0.386038888167854*cos(x8 - (x0 + x9 + 0.8576558)) + 1)**2)*(-0.055066586) + (x5 + x8 + 0.7799976)*exp(-(x3*x5 + x4 + 0.8576558) - 0.38487116))) + 83.2045344232992*(0.25121124011534*x9 - 1)**2 - ((x2 + x2 + x3)*cos(x11) - (x6*(-0.418918) + exp(sin((-x7 - 0.418918)/((x8/x8))) + 0.087895386) - cos(exp(0.04595531 - (x5 + sin(x9)))))) - 0.418918*(x0 + x6 + x8 + exp(x11*exp(x9 - exp(x11*(x3 - (x6 + x9 + 0.8576558)) + x11 + x3 + x8)) + (x6*(x2 + x2 - exp((-0.83800757 - (-1)*0.055066586/x9)/sin(-1.1138963)) - 0.10021187) - exp(x9))**2*(-0.055066586) + cos(x3 + x5 + x9 - (-x5 + x6 - exp(1.9212204) - 0.00596378)))) - sin(x4 + x9 + cos(x10/0.5501679)) + 0.030812357),29,55,x10 - x11**2*(cos(0.8855105 - x9) + 0.95181715)**2 + x11 + x3 - x4 - x5 - x5 - x6 - x7 - (x2 - x5*x9) - (x5 + cos(x3 + x9 + (6.71023743823876*(0.386038888167854*x2 + 0.386038888167854*cos(x8 - (x0 + x9 + 0.8576558)) + 1)**2)*(-0.055066586) + (x5 + x8 + 0.7799976)*exp(-(x3*x5 + x4 + 0.8576558) - 0.38487116))) + 83.2045344232992*(0.25121124011534*x9 - 1)**2 - ((x2 + x2 + x3)*cos(x11) - (x6*(-0.418918) + exp(sin((-x7 - 0.418918)/((x8/x8))) + 0.087895386) - cos(exp(0.04595531 - (x5 + sin(x9)))))) - 0.418918*(x0 + x6 + x8 + exp(x11*exp(x9 - exp(x11*(x3 - (x6 + x9 + 0.8576558)) + x11 + x3 + x8)) + (x6*(x2 + x2 - exp((-0.83800757 - (-1)*0.055066586/x9)/sin(-1.1138963)) - 0.10021187) - exp(x9))**2*(-0.055066586) + cos(x3 + x5 + x9 - (-x5 + x6 - exp(1.9212204) - 0.00596378)))) - sin(x4 + x9 + cos(x10/0.5501679)) + 0.030812357
200,8.672686,(((((x3 + (((((x11 - (x2 - (x5 * x9))) + square((x9 + -3.9807136) * 2.2914615)) - sin((x9 + x4) + cos(x10 / 0.5501679))) - ((cos(x11) * (x2 + (x3 + x2))) - ((x6 * -0.418918) + ((0.087895386 + exp(sin((-0.418918 - x7) / (x8 / x8)))) - cos(exp(0.04595531 - (x5 + sin(x9)))))))) - square((cos(0.8855105 - x9) + 0.95181715) * x11))) - (cos((((x8 + 0.7799976) + x5) * exp(-0.38487116 - ((x5 * x3) + (x4 + 0.8576558)))) + ((square(2.5904126 - (x2 - ((x2 + sin(cos(x8 - (x0 + (x9 + 0.8576558))))) + x2))) * -0.055066586) + (x3 + x9))) + x5)) - x7) + 0.030812357) + (x10 + ((((-0.418918 * ((x6 + (x8 + x0)) + exp((x11 * exp(x9 - exp((x11 + x8) + (x3 + (x11 * (x3 - (x6 + (0.8576558 + x9)))))))) + ((square((((x2 + (x2 + -0.10021187)) - exp((-0.83800757 - (-0.055066586 / x9)) / sin(-1.1138963))) * x6) - exp(x9)) * -0.055066586) + cos((x5 - (((x6 + -0.00596378) - x5) - exp(1.9212204))) + (x3 + x9)))))) - x6) - x4) - x5))) - x5,0.000196920750410832,x10 - x11**2*(cos(0.8855105 - x9) + 0.95181715)**2 + x11 + x3 - x4 - x5 - x5 - x6 - x7 - (x2 - x5*x9) - (x5 + cos(x3 + x9 + (6.71023743823876*(0.386038888167854*x2 + 0.386038888167854*sin(cos(x8 - (x0 + x9 + 0.8576558))) + 1)**2)*(-0.055066586) + (x5 + x8 + 0.7799976)*exp(-(x3*x5 + x4 + 0.8576558) - 0.38487116))) + 83.2045344232992*(0.25121124011534*x9 - 1)**2 - ((x2 + x2 + x3)*cos(x11) - (x6*(-0.418918) + exp(sin((-x7 - 0.418918)/((x8/x8)))) - cos(exp(0.04595531 - (x5 + sin(x9)))) + 0.087895386)) - 0.418918*(x0 + x6 + x8 + exp(x11*exp(x9 - exp(x11*(x3 - (x6 + x9 + 0.8576558)) + x11 + x3 + x8)) + (x6*(x2 + x2 - exp((-0.83800757 - (-1)*0.055066586/x9)/sin(-1.1138963)) - 0.10021187) - exp(x9))**2*(-0.055066586) + cos(x3 + x5 + x9 - (-x5 + x6 - exp(1.9212204) - 0.00596378)))) - sin(x4 + x9 + cos(x10/0.5501679)) + 0.030812357,PySRFunction(X=>x10 - x11**2*(cos(0.8855105 - x9) + 0.95181715)**2 + x11 + x3 - x4 - x5 - x5 - x6 - x7 - (x2 - x5*x9) - (x5 + cos(x3 + x9 + (6.71023743823876*(0.386038888167854*x2 + 0.386038888167854*sin(cos(x8 - (x0 + x9 + 0.8576558))) + 1)**2)*(-0.055066586) + (x5 + x8 + 0.7799976)*exp(-(x3*x5 + x4 + 0.8576558) - 0.38487116))) + 83.2045344232992*(0.25121124011534*x9 - 1)**2 - ((x2 + x2 + x3)*cos(x11) - (x6*(-0.418918) + exp(sin((-x7 - 0.418918)/((x8/x8)))) - cos(exp(0.04595531 - (x5 + sin(x9)))) + 0.087895386)) - 0.418918*(x0 + x6 + x8 + exp(x11*exp(x9 - exp(x11*(x3 - (x6 + x9 + 0.8576558)) + x11 + x3 + x8)) + (x6*(x2 + x2 - exp((-0.83800757 - (-1)*0.055066586/x9)/sin(-1.1138963)) - 0.10021187) - exp(x9))**2*(-0.055066586) + cos(x3 + x5 + x9 - (-x5 + x6 - exp(1.9212204) - 0.00596378)))) - sin(x4 + x9 + cos(x10/0.5501679)) + 0.030812357),29,56,x10 - x11**2*(cos(0.8855105 - x9) + 0.95181715)**2 + x11 + x3 - x4 - x5 - x5 - x6 - x7 - (x2 - x5*x9) - (x5 + cos(x3 + x9 + (6.71023743823876*(0.386038888167854*x2 + 0.386038888167854*sin(cos(x8 - (x0 + x9 + 0.8576558))) + 1)**2)*(-0.055066586) + (x5 + x8 + 0.7799976)*exp(-(x3*x5 + x4 + 0.8576558) - 0.38487116))) + 83.2045344232992*(0.25121124011534*x9 - 1)**2 - ((x2 + x2 + x3)*cos(x11) - (x6*(-0.418918) + exp(sin((-x7 - 0.418918)/((x8/x8)))) - cos(exp(0.04595531 - (x5 + sin(x9)))) + 0.087895386)) - 0.418918*(x0 + x6 + x8 + exp(x11*exp(x9 - exp(x11*(x3 - (x6 + x9 + 0.8576558)) + x11 + x3 + x8)) + (x6*(x2 + x2 - exp((-0.83800757 - (-1)*0.055066586/x9)/sin(-1.1138963)) - 0.10021187) - exp(x9))**2*(-0.055066586) + cos(x3 + x5 + x9 - (-x5 + x6 - exp(1.9212204) - 0.00596378)))) - sin(x4 + x9 + cos(x10/0.5501679)) + 0.030812357
