Dataset,Run,Method,Weight,Metric,Test_Metric,Spearman
228_elusage,1,SVP,w1.0_0.9_0.6,MSE_Train,MSE_Test_Interpolation,0.26468715290633094
228_elusage,1,SVP,w1.0_0.9_0.6,AIC_Train,MSE_Test_Interpolation,0.2597704553868937
228_elusage,1,SVP,w1.0_0.9_0.6,BIC_Train,MSE_Test_Interpolation,0.24327286190299885
228_elusage,1,SVP,w1.0_0.9_0.6,MDL_Train,MSE_Test_Interpolation,0.14671603109959272
228_elusage,1,SVP,w1.0_0.9_0.6,PSM_Train,MSE_Test_Interpolation,0.19537948907811917
228_elusage,1,SVP,w1.0_0.9_0.6,MSE_Train,MSE_Test_Extrapolation,0.4802221399481672
228_elusage,1,SVP,w1.0_0.9_0.6,AIC_Train,MSE_Test_Extrapolation,0.37475009255831165
228_elusage,1,SVP,w1.0_0.9_0.6,BIC_Train,MSE_Test_Extrapolation,0.46476119955572004
228_elusage,1,SVP,w1.0_0.9_0.6,MDL_Train,MSE_Test_Extrapolation,0.4551055164753794
228_elusage,1,SVP,w1.0_0.9_0.6,PSM_Train,MSE_Test_Extrapolation,0.3494261384672343
228_elusage,2,SVP,w1.0_0.9_0.6,MSE_Train,MSE_Test_Interpolation,0.47701048951048947
228_elusage,2,SVP,w1.0_0.9_0.6,AIC_Train,MSE_Test_Interpolation,0.45852272727272725
228_elusage,2,SVP,w1.0_0.9_0.6,BIC_Train,MSE_Test_Interpolation,0.4731206293706293
228_elusage,2,SVP,w1.0_0.9_0.6,MDL_Train,MSE_Test_Interpolation,0.34895104895104895
228_elusage,2,SVP,w1.0_0.9_0.6,PSM_Train,MSE_Test_Interpolation,0.41158216783216783
228_elusage,2,SVP,w1.0_0.9_0.6,MSE_Train,MSE_Test_Extrapolation,0.6256118881118882
228_elusage,2,SVP,w1.0_0.9_0.6,AIC_Train,MSE_Test_Extrapolation,0.633784965034965
228_elusage,2,SVP,w1.0_0.9_0.6,BIC_Train,MSE_Test_Extrapolation,0.7402534965034965
228_elusage,2,SVP,w1.0_0.9_0.6,MDL_Train,MSE_Test_Extrapolation,0.7627622377622377
228_elusage,2,SVP,w1.0_0.9_0.6,PSM_Train,MSE_Test_Extrapolation,0.5876748251748252
228_elusage,3,SVP,w1.0_0.9_0.6,MSE_Train,MSE_Test_Interpolation,-0.5291980191652198
228_elusage,3,SVP,w1.0_0.9_0.6,AIC_Train,MSE_Test_Interpolation,-0.6484018264840183
228_elusage,3,SVP,w1.0_0.9_0.6,BIC_Train,MSE_Test_Interpolation,-0.6537719467489871
228_elusage,3,SVP,w1.0_0.9_0.6,MDL_Train,MSE_Test_Interpolation,-0.6891118399897102
228_elusage,3,SVP,w1.0_0.9_0.6,PSM_Train,MSE_Test_Interpolation,-0.5981735159817353
228_elusage,3,SVP,w1.0_0.9_0.6,MSE_Train,MSE_Test_Extrapolation,0.14853045211910734
228_elusage,3,SVP,w1.0_0.9_0.6,AIC_Train,MSE_Test_Extrapolation,0.16248633352627181
228_elusage,3,SVP,w1.0_0.9_0.6,BIC_Train,MSE_Test_Extrapolation,0.1576307158016593
228_elusage,3,SVP,w1.0_0.9_0.6,MDL_Train,MSE_Test_Extrapolation,0.18473856839668149
228_elusage,3,SVP,w1.0_0.9_0.6,PSM_Train,MSE_Test_Extrapolation,0.09962055437648724
228_elusage,4,SVP,w1.0_0.9_0.6,MSE_Train,MSE_Test_Interpolation,0.7297469869901828
228_elusage,4,SVP,w1.0_0.9_0.6,AIC_Train,MSE_Test_Interpolation,0.7133051320935431
228_elusage,4,SVP,w1.0_0.9_0.6,BIC_Train,MSE_Test_Interpolation,0.7464681937904064
228_elusage,4,SVP,w1.0_0.9_0.6,MDL_Train,MSE_Test_Interpolation,0.6433873413680262
228_elusage,4,SVP,w1.0_0.9_0.6,PSM_Train,MSE_Test_Interpolation,0.6316944688323091
228_elusage,4,SVP,w1.0_0.9_0.6,MSE_Train,MSE_Test_Extrapolation,0.8620001596296594
228_elusage,4,SVP,w1.0_0.9_0.6,AIC_Train,MSE_Test_Extrapolation,0.7669406975816108
228_elusage,4,SVP,w1.0_0.9_0.6,BIC_Train,MSE_Test_Extrapolation,0.7376486551201215
228_elusage,4,SVP,w1.0_0.9_0.6,MDL_Train,MSE_Test_Extrapolation,0.7154601324926172
228_elusage,4,SVP,w1.0_0.9_0.6,PSM_Train,MSE_Test_Extrapolation,0.8477931199616889
228_elusage,5,SVP,w1.0_0.9_0.6,MSE_Train,MSE_Test_Interpolation,0.8458602130014887
228_elusage,5,SVP,w1.0_0.9_0.6,AIC_Train,MSE_Test_Interpolation,0.8889949230827957
228_elusage,5,SVP,w1.0_0.9_0.6,BIC_Train,MSE_Test_Interpolation,0.9175859831278388
228_elusage,5,SVP,w1.0_0.9_0.6,MDL_Train,MSE_Test_Interpolation,0.8734587929915638
228_elusage,5,SVP,w1.0_0.9_0.6,PSM_Train,MSE_Test_Interpolation,0.8265831965492232
228_elusage,5,SVP,w1.0_0.9_0.6,MSE_Train,MSE_Test_Extrapolation,-0.09417108829255257
228_elusage,5,SVP,w1.0_0.9_0.6,AIC_Train,MSE_Test_Extrapolation,-0.08607855861358168
228_elusage,5,SVP,w1.0_0.9_0.6,BIC_Train,MSE_Test_Extrapolation,-0.06309882811008895
228_elusage,5,SVP,w1.0_0.9_0.6,MDL_Train,MSE_Test_Extrapolation,-0.0582509447646677
228_elusage,5,SVP,w1.0_0.9_0.6,PSM_Train,MSE_Test_Extrapolation,-0.170324846356453
228_elusage,6,SVP,w1.0_0.9_0.6,MSE_Train,MSE_Test_Interpolation,0.2661713286713287
228_elusage,6,SVP,w1.0_0.9_0.6,AIC_Train,MSE_Test_Interpolation,0.5954982517482518
228_elusage,6,SVP,w1.0_0.9_0.6,BIC_Train,MSE_Test_Interpolation,0.6040209790209791
228_elusage,6,SVP,w1.0_0.9_0.6,MDL_Train,MSE_Test_Interpolation,0.5769667832167833
228_elusage,6,SVP,w1.0_0.9_0.6,PSM_Train,MSE_Test_Interpolation,0.2931381118881119
228_elusage,6,SVP,w1.0_0.9_0.6,MSE_Train,MSE_Test_Extrapolation,0.5913024475524475
228_elusage,6,SVP,w1.0_0.9_0.6,AIC_Train,MSE_Test_Extrapolation,0.27119755244755245
228_elusage,6,SVP,w1.0_0.9_0.6,BIC_Train,MSE_Test_Extrapolation,0.25388986013986015
228_elusage,6,SVP,w1.0_0.9_0.6,MDL_Train,MSE_Test_Extrapolation,0.3055506993006993
228_elusage,6,SVP,w1.0_0.9_0.6,PSM_Train,MSE_Test_Extrapolation,0.43059440559440554
228_elusage,7,SVP,w1.0_0.9_0.6,MSE_Train,MSE_Test_Interpolation,0.23365576102418206
228_elusage,7,SVP,w1.0_0.9_0.6,AIC_Train,MSE_Test_Interpolation,0.2223328591749644
228_elusage,7,SVP,w1.0_0.9_0.6,BIC_Train,MSE_Test_Interpolation,0.1910953058321479
228_elusage,7,SVP,w1.0_0.9_0.6,MDL_Train,MSE_Test_Interpolation,-0.0024466571834992888
228_elusage,7,SVP,w1.0_0.9_0.6,PSM_Train,MSE_Test_Interpolation,0.1948221906116643
228_elusage,7,SVP,w1.0_0.9_0.6,MSE_Train,MSE_Test_Extrapolation,-0.2179800853485064
228_elusage,7,SVP,w1.0_0.9_0.6,AIC_Train,MSE_Test_Extrapolation,-0.13903271692745378
228_elusage,7,SVP,w1.0_0.9_0.6,BIC_Train,MSE_Test_Extrapolation,0.0415647226173542
228_elusage,7,SVP,w1.0_0.9_0.6,MDL_Train,MSE_Test_Extrapolation,0.15800853485064012
228_elusage,7,SVP,w1.0_0.9_0.6,PSM_Train,MSE_Test_Extrapolation,-0.17223328591749645
228_elusage,8,SVP,w1.0_0.9_0.6,MSE_Train,MSE_Test_Interpolation,0.09858808330000925
228_elusage,8,SVP,w1.0_0.9_0.6,AIC_Train,MSE_Test_Interpolation,0.06388999969239288
228_elusage,8,SVP,w1.0_0.9_0.6,BIC_Train,MSE_Test_Interpolation,0.11310713956135227
228_elusage,8,SVP,w1.0_0.9_0.6,MDL_Train,MSE_Test_Interpolation,0.15075825156110617
228_elusage,8,SVP,w1.0_0.9_0.6,PSM_Train,MSE_Test_Interpolation,0.07207234919560737
228_elusage,8,SVP,w1.0_0.9_0.6,MSE_Train,MSE_Test_Extrapolation,0.564243747885201
228_elusage,8,SVP,w1.0_0.9_0.6,AIC_Train,MSE_Test_Extrapolation,0.5773478113753115
228_elusage,8,SVP,w1.0_0.9_0.6,BIC_Train,MSE_Test_Extrapolation,0.6378233719892953
228_elusage,8,SVP,w1.0_0.9_0.6,MDL_Train,MSE_Test_Extrapolation,0.6631701990218094
228_elusage,8,SVP,w1.0_0.9_0.6,PSM_Train,MSE_Test_Extrapolation,0.6058322310744717
228_elusage,9,SVP,w1.0_0.9_0.6,MSE_Train,MSE_Test_Interpolation,0.1281007034431692
228_elusage,9,SVP,w1.0_0.9_0.6,AIC_Train,MSE_Test_Interpolation,0.12658891768480812
228_elusage,9,SVP,w1.0_0.9_0.6,BIC_Train,MSE_Test_Interpolation,0.16654325558435149
228_elusage,9,SVP,w1.0_0.9_0.6,MDL_Train,MSE_Test_Interpolation,0.15466493891151428
228_elusage,9,SVP,w1.0_0.9_0.6,PSM_Train,MSE_Test_Interpolation,0.05217203504874739
228_elusage,9,SVP,w1.0_0.9_0.6,MSE_Train,MSE_Test_Extrapolation,-0.073460446748118
228_elusage,9,SVP,w1.0_0.9_0.6,AIC_Train,MSE_Test_Extrapolation,-0.07873627051709245
228_elusage,9,SVP,w1.0_0.9_0.6,BIC_Train,MSE_Test_Extrapolation,-0.015765765765765768
228_elusage,9,SVP,w1.0_0.9_0.6,MDL_Train,MSE_Test_Extrapolation,0.00811427866222387
228_elusage,9,SVP,w1.0_0.9_0.6,PSM_Train,MSE_Test_Extrapolation,-0.14867950141922748
228_elusage,10,SVP,w1.0_0.9_0.6,MSE_Train,MSE_Test_Interpolation,-0.34837398373983736
228_elusage,10,SVP,w1.0_0.9_0.6,AIC_Train,MSE_Test_Interpolation,0.02260614272809395
228_elusage,10,SVP,w1.0_0.9_0.6,BIC_Train,MSE_Test_Interpolation,0.05128726287262872
228_elusage,10,SVP,w1.0_0.9_0.6,MDL_Train,MSE_Test_Interpolation,0.006594399277326107
228_elusage,10,SVP,w1.0_0.9_0.6,PSM_Train,MSE_Test_Interpolation,-0.21163053297199638
228_elusage,10,SVP,w1.0_0.9_0.6,MSE_Train,MSE_Test_Extrapolation,0.49042457091237573
228_elusage,10,SVP,w1.0_0.9_0.6,AIC_Train,MSE_Test_Extrapolation,0.5199864498644986
228_elusage,10,SVP,w1.0_0.9_0.6,BIC_Train,MSE_Test_Extrapolation,0.5264227642276422
228_elusage,10,SVP,w1.0_0.9_0.6,MDL_Train,MSE_Test_Extrapolation,0.4886178861788617
228_elusage,10,SVP,w1.0_0.9_0.6,PSM_Train,MSE_Test_Extrapolation,0.5664408310749774
228_elusage,11,SVP,w1.0_0.9_0.6,MSE_Train,MSE_Test_Interpolation,-0.11005963183821625
228_elusage,11,SVP,w1.0_0.9_0.6,AIC_Train,MSE_Test_Interpolation,-0.16217267306196526
228_elusage,11,SVP,w1.0_0.9_0.6,BIC_Train,MSE_Test_Interpolation,-0.22504537205081673
228_elusage,11,SVP,w1.0_0.9_0.6,MDL_Train,MSE_Test_Interpolation,-0.3166969147005445
228_elusage,11,SVP,w1.0_0.9_0.6,PSM_Train,MSE_Test_Interpolation,-0.26724137931034486
228_elusage,11,SVP,w1.0_0.9_0.6,MSE_Train,MSE_Test_Extrapolation,-0.17837697692507132
228_elusage,11,SVP,w1.0_0.9_0.6,AIC_Train,MSE_Test_Extrapolation,-0.1958776250972258
228_elusage,11,SVP,w1.0_0.9_0.6,BIC_Train,MSE_Test_Extrapolation,-0.14363494944257194
228_elusage,11,SVP,w1.0_0.9_0.6,MDL_Train,MSE_Test_Extrapolation,-0.10597614726471352
228_elusage,11,SVP,w1.0_0.9_0.6,PSM_Train,MSE_Test_Extrapolation,-0.22135079077002853
228_elusage,12,SVP,w1.0_0.9_0.6,MSE_Train,MSE_Test_Interpolation,-0.47274537695590324
228_elusage,12,SVP,w1.0_0.9_0.6,AIC_Train,MSE_Test_Interpolation,-0.4907539118065434
228_elusage,12,SVP,w1.0_0.9_0.6,BIC_Train,MSE_Test_Interpolation,-0.5165576102418208
228_elusage,12,SVP,w1.0_0.9_0.6,MDL_Train,MSE_Test_Interpolation,-0.6450640113798009
228_elusage,12,SVP,w1.0_0.9_0.6,PSM_Train,MSE_Test_Interpolation,-0.5409388335704124
228_elusage,12,SVP,w1.0_0.9_0.6,MSE_Train,MSE_Test_Extrapolation,0.04091038406827881
228_elusage,12,SVP,w1.0_0.9_0.6,AIC_Train,MSE_Test_Extrapolation,0.025917496443812235
228_elusage,12,SVP,w1.0_0.9_0.6,BIC_Train,MSE_Test_Extrapolation,0.01906116642958748
228_elusage,12,SVP,w1.0_0.9_0.6,MDL_Train,MSE_Test_Extrapolation,-0.0036415362731152204
228_elusage,12,SVP,w1.0_0.9_0.6,PSM_Train,MSE_Test_Extrapolation,-0.012859174964438124
228_elusage,13,SVP,w1.0_0.9_0.6,MSE_Train,MSE_Test_Interpolation,-0.5167567567567567
228_elusage,13,SVP,w1.0_0.9_0.6,AIC_Train,MSE_Test_Interpolation,-0.5789758179231863
228_elusage,13,SVP,w1.0_0.9_0.6,BIC_Train,MSE_Test_Interpolation,-0.572773826458037
228_elusage,13,SVP,w1.0_0.9_0.6,MDL_Train,MSE_Test_Interpolation,-0.5376671408250355
228_elusage,13,SVP,w1.0_0.9_0.6,PSM_Train,MSE_Test_Interpolation,-0.5181792318634424
228_elusage,13,SVP,w1.0_0.9_0.6,MSE_Train,MSE_Test_Extrapolation,0.522873399715505
228_elusage,13,SVP,w1.0_0.9_0.6,AIC_Train,MSE_Test_Extrapolation,0.5102133712660029
228_elusage,13,SVP,w1.0_0.9_0.6,BIC_Train,MSE_Test_Extrapolation,0.5099857752489332
228_elusage,13,SVP,w1.0_0.9_0.6,MDL_Train,MSE_Test_Extrapolation,0.4454054054054054
228_elusage,13,SVP,w1.0_0.9_0.6,PSM_Train,MSE_Test_Extrapolation,0.4260597439544808
228_elusage,14,SVP,w1.0_0.9_0.6,MSE_Train,MSE_Test_Interpolation,0.020923520923520927
228_elusage,14,SVP,w1.0_0.9_0.6,AIC_Train,MSE_Test_Interpolation,-0.016161616161616165
228_elusage,14,SVP,w1.0_0.9_0.6,BIC_Train,MSE_Test_Interpolation,-0.019913419913419918
228_elusage,14,SVP,w1.0_0.9_0.6,MDL_Train,MSE_Test_Interpolation,-0.08066378066378069
228_elusage,14,SVP,w1.0_0.9_0.6,PSM_Train,MSE_Test_Interpolation,-0.15129870129870132
228_elusage,14,SVP,w1.0_0.9_0.6,MSE_Train,MSE_Test_Extrapolation,0.2523809523809524
228_elusage,14,SVP,w1.0_0.9_0.6,AIC_Train,MSE_Test_Extrapolation,0.29466089466089473
228_elusage,14,SVP,w1.0_0.9_0.6,BIC_Train,MSE_Test_Extrapolation,0.3290764790764792
228_elusage,14,SVP,w1.0_0.9_0.6,MDL_Train,MSE_Test_Extrapolation,0.46457431457431464
228_elusage,14,SVP,w1.0_0.9_0.6,PSM_Train,MSE_Test_Extrapolation,0.2911255411255411
228_elusage,15,SVP,w1.0_0.9_0.6,MSE_Train,MSE_Test_Interpolation,0.6462237775902928
228_elusage,15,SVP,w1.0_0.9_0.6,AIC_Train,MSE_Test_Interpolation,0.6482079403641143
228_elusage,15,SVP,w1.0_0.9_0.6,BIC_Train,MSE_Test_Interpolation,0.6412453328123404
228_elusage,15,SVP,w1.0_0.9_0.6,MDL_Train,MSE_Test_Interpolation,0.3712909685122142
228_elusage,15,SVP,w1.0_0.9_0.6,PSM_Train,MSE_Test_Interpolation,0.4329082415610737
228_elusage,15,SVP,w1.0_0.9_0.6,MSE_Train,MSE_Test_Extrapolation,0.5235664424813219
228_elusage,15,SVP,w1.0_0.9_0.6,AIC_Train,MSE_Test_Extrapolation,0.4803116940120113
228_elusage,15,SVP,w1.0_0.9_0.6,BIC_Train,MSE_Test_Extrapolation,0.5094247732569935
228_elusage,15,SVP,w1.0_0.9_0.6,MDL_Train,MSE_Test_Extrapolation,0.42035390255580257
228_elusage,15,SVP,w1.0_0.9_0.6,PSM_Train,MSE_Test_Extrapolation,0.3589530836277236
228_elusage,16,SVP,w1.0_0.9_0.6,MSE_Train,MSE_Test_Interpolation,0.44428495882752894
228_elusage,16,SVP,w1.0_0.9_0.6,AIC_Train,MSE_Test_Interpolation,0.3750849890458563
228_elusage,16,SVP,w1.0_0.9_0.6,BIC_Train,MSE_Test_Interpolation,0.3601772808541714
228_elusage,16,SVP,w1.0_0.9_0.6,MDL_Train,MSE_Test_Interpolation,0.3552416207096271
228_elusage,16,SVP,w1.0_0.9_0.6,PSM_Train,MSE_Test_Interpolation,0.38838105310871046
228_elusage,16,SVP,w1.0_0.9_0.6,MSE_Train,MSE_Test_Extrapolation,-0.1927173830928458
228_elusage,16,SVP,w1.0_0.9_0.6,AIC_Train,MSE_Test_Extrapolation,-0.29122913046762866
228_elusage,16,SVP,w1.0_0.9_0.6,BIC_Train,MSE_Test_Extrapolation,-0.27526378081639846
228_elusage,16,SVP,w1.0_0.9_0.6,MDL_Train,MSE_Test_Extrapolation,-0.2606582558988694
228_elusage,16,SVP,w1.0_0.9_0.6,PSM_Train,MSE_Test_Extrapolation,-0.28815693384704494
228_elusage,17,SVP,w1.0_0.9_0.6,MSE_Train,MSE_Test_Interpolation,0.7079108391608391
228_elusage,17,SVP,w1.0_0.9_0.6,AIC_Train,MSE_Test_Interpolation,0.6930506993006993
228_elusage,17,SVP,w1.0_0.9_0.6,BIC_Train,MSE_Test_Interpolation,0.6456293706293706
228_elusage,17,SVP,w1.0_0.9_0.6,MDL_Train,MSE_Test_Interpolation,0.5288898601398602
228_elusage,17,SVP,w1.0_0.9_0.6,PSM_Train,MSE_Test_Interpolation,0.5931818181818181
228_elusage,17,SVP,w1.0_0.9_0.6,MSE_Train,MSE_Test_Extrapolation,0.5576923076923076
228_elusage,17,SVP,w1.0_0.9_0.6,AIC_Train,MSE_Test_Extrapolation,0.49790209790209794
228_elusage,17,SVP,w1.0_0.9_0.6,BIC_Train,MSE_Test_Extrapolation,0.5920017482517482
228_elusage,17,SVP,w1.0_0.9_0.6,MDL_Train,MSE_Test_Extrapolation,0.6426136363636363
228_elusage,17,SVP,w1.0_0.9_0.6,PSM_Train,MSE_Test_Extrapolation,0.5253496503496503
228_elusage,18,SVP,w1.0_0.9_0.6,MSE_Train,MSE_Test_Interpolation,-0.4087882266986745
228_elusage,18,SVP,w1.0_0.9_0.6,AIC_Train,MSE_Test_Interpolation,-0.40945621542636473
228_elusage,18,SVP,w1.0_0.9_0.6,BIC_Train,MSE_Test_Interpolation,-0.3314685314685315
228_elusage,18,SVP,w1.0_0.9_0.6,MDL_Train,MSE_Test_Interpolation,-0.11871412169919633
228_elusage,18,SVP,w1.0_0.9_0.6,PSM_Train,MSE_Test_Interpolation,-0.4090387224715583
228_elusage,18,SVP,w1.0_0.9_0.6,MSE_Train,MSE_Test_Extrapolation,0.3225759315311555
228_elusage,18,SVP,w1.0_0.9_0.6,AIC_Train,MSE_Test_Extrapolation,0.2819121177330133
228_elusage,18,SVP,w1.0_0.9_0.6,BIC_Train,MSE_Test_Extrapolation,0.38002296211251446
228_elusage,18,SVP,w1.0_0.9_0.6,MDL_Train,MSE_Test_Extrapolation,0.5898549211982048
228_elusage,18,SVP,w1.0_0.9_0.6,PSM_Train,MSE_Test_Extrapolation,0.24767769543888948
228_elusage,19,SVP,w1.0_0.9_0.6,MSE_Train,MSE_Test_Interpolation,0.06689086658737646
228_elusage,19,SVP,w1.0_0.9_0.6,AIC_Train,MSE_Test_Interpolation,-0.10325500006835366
228_elusage,19,SVP,w1.0_0.9_0.6,BIC_Train,MSE_Test_Interpolation,-0.17458885288930812
228_elusage,19,SVP,w1.0_0.9_0.6,MDL_Train,MSE_Test_Interpolation,-0.36264337174807587
228_elusage,19,SVP,w1.0_0.9_0.6,PSM_Train,MSE_Test_Interpolation,-0.1693244656530714
228_elusage,19,SVP,w1.0_0.9_0.6,MSE_Train,MSE_Test_Extrapolation,0.300058784125552
228_elusage,19,SVP,w1.0_0.9_0.6,AIC_Train,MSE_Test_Extrapolation,0.2908720556671998
228_elusage,19,SVP,w1.0_0.9_0.6,BIC_Train,MSE_Test_Extrapolation,0.2858138867243571
228_elusage,19,SVP,w1.0_0.9_0.6,MDL_Train,MSE_Test_Extrapolation,0.18506062967367976
228_elusage,19,SVP,w1.0_0.9_0.6,PSM_Train,MSE_Test_Extrapolation,0.17525752056130917
228_elusage,20,SVP,w1.0_0.9_0.6,MSE_Train,MSE_Test_Interpolation,-0.20225446195595453
228_elusage,20,SVP,w1.0_0.9_0.6,AIC_Train,MSE_Test_Interpolation,-0.21565598580523956
228_elusage,20,SVP,w1.0_0.9_0.6,BIC_Train,MSE_Test_Interpolation,-0.19970775493163556
228_elusage,20,SVP,w1.0_0.9_0.6,MDL_Train,MSE_Test_Interpolation,-0.29523014299133704
228_elusage,20,SVP,w1.0_0.9_0.6,PSM_Train,MSE_Test_Interpolation,-0.29080471767038935
228_elusage,20,SVP,w1.0_0.9_0.6,MSE_Train,MSE_Test_Extrapolation,0.6657551403820062
228_elusage,20,SVP,w1.0_0.9_0.6,AIC_Train,MSE_Test_Extrapolation,0.6036739380022963
228_elusage,20,SVP,w1.0_0.9_0.6,BIC_Train,MSE_Test_Extrapolation,0.6337751800438368
228_elusage,20,SVP,w1.0_0.9_0.6,MDL_Train,MSE_Test_Extrapolation,0.6491806700761926
228_elusage,20,SVP,w1.0_0.9_0.6,PSM_Train,MSE_Test_Extrapolation,0.5512785721740946
228_elusage,21,SVP,w1.0_0.9_0.6,MSE_Train,MSE_Test_Interpolation,0.41592890677397715
228_elusage,21,SVP,w1.0_0.9_0.6,AIC_Train,MSE_Test_Interpolation,0.365459423205902
228_elusage,21,SVP,w1.0_0.9_0.6,BIC_Train,MSE_Test_Interpolation,0.39014084507042246
228_elusage,21,SVP,w1.0_0.9_0.6,MDL_Train,MSE_Test_Interpolation,0.36250838363514415
228_elusage,21,SVP,w1.0_0.9_0.6,PSM_Train,MSE_Test_Interpolation,0.36576123407109323
228_elusage,21,SVP,w1.0_0.9_0.6,MSE_Train,MSE_Test_Extrapolation,0.43839704896042914
228_elusage,21,SVP,w1.0_0.9_0.6,AIC_Train,MSE_Test_Extrapolation,0.41086519114688125
228_elusage,21,SVP,w1.0_0.9_0.6,BIC_Train,MSE_Test_Extrapolation,0.3733065057008718
228_elusage,21,SVP,w1.0_0.9_0.6,MDL_Train,MSE_Test_Extrapolation,0.3178068410462776
228_elusage,21,SVP,w1.0_0.9_0.6,PSM_Train,MSE_Test_Extrapolation,0.3423205902079141
228_elusage,22,SVP,w1.0_0.9_0.6,MSE_Train,MSE_Test_Interpolation,-0.14139644288697403
228_elusage,22,SVP,w1.0_0.9_0.6,AIC_Train,MSE_Test_Interpolation,-0.12209874468953268
228_elusage,22,SVP,w1.0_0.9_0.6,BIC_Train,MSE_Test_Interpolation,-0.18882461656625782
228_elusage,22,SVP,w1.0_0.9_0.6,MDL_Train,MSE_Test_Interpolation,-0.4539039435470321
228_elusage,22,SVP,w1.0_0.9_0.6,PSM_Train,MSE_Test_Interpolation,-0.26013177003325344
228_elusage,22,SVP,w1.0_0.9_0.6,MSE_Train,MSE_Test_Extrapolation,0.41396442886974055
228_elusage,22,SVP,w1.0_0.9_0.6,AIC_Train,MSE_Test_Extrapolation,0.4476153901543335
228_elusage,22,SVP,w1.0_0.9_0.6,BIC_Train,MSE_Test_Extrapolation,0.5334949475553848
228_elusage,22,SVP,w1.0_0.9_0.6,MDL_Train,MSE_Test_Extrapolation,0.5735784749057917
228_elusage,22,SVP,w1.0_0.9_0.6,PSM_Train,MSE_Test_Extrapolation,0.3309851548956048
228_elusage,23,SVP,w1.0_0.9_0.6,MSE_Train,MSE_Test_Interpolation,-0.42198426573426573
228_elusage,23,SVP,w1.0_0.9_0.6,AIC_Train,MSE_Test_Interpolation,-0.3720716783216783
228_elusage,23,SVP,w1.0_0.9_0.6,BIC_Train,MSE_Test_Interpolation,-0.5105332167832168
228_elusage,23,SVP,w1.0_0.9_0.6,MDL_Train,MSE_Test_Interpolation,-0.7211101398601398
228_elusage,23,SVP,w1.0_0.9_0.6,PSM_Train,MSE_Test_Interpolation,-0.5643793706293706
228_elusage,23,SVP,w1.0_0.9_0.6,MSE_Train,MSE_Test_Extrapolation,0.09851398601398602
228_elusage,23,SVP,w1.0_0.9_0.6,AIC_Train,MSE_Test_Extrapolation,0.20236013986013987
228_elusage,23,SVP,w1.0_0.9_0.6,BIC_Train,MSE_Test_Extrapolation,0.3515734265734266
228_elusage,23,SVP,w1.0_0.9_0.6,MDL_Train,MSE_Test_Extrapolation,0.5104458041958042
228_elusage,23,SVP,w1.0_0.9_0.6,PSM_Train,MSE_Test_Extrapolation,0.31617132867132863
228_elusage,24,SVP,w1.0_0.9_0.6,MSE_Train,MSE_Test_Interpolation,-0.22530007306126712
228_elusage,24,SVP,w1.0_0.9_0.6,AIC_Train,MSE_Test_Interpolation,-0.25479860974782875
228_elusage,24,SVP,w1.0_0.9_0.6,BIC_Train,MSE_Test_Interpolation,-0.26248056029569056
228_elusage,24,SVP,w1.0_0.9_0.6,MDL_Train,MSE_Test_Interpolation,-0.3888152470230263
228_elusage,24,SVP,w1.0_0.9_0.6,PSM_Train,MSE_Test_Interpolation,-0.4348815363740737
228_elusage,24,SVP,w1.0_0.9_0.6,MSE_Train,MSE_Test_Extrapolation,0.6153637407368752
228_elusage,24,SVP,w1.0_0.9_0.6,AIC_Train,MSE_Test_Extrapolation,0.6200252586211707
228_elusage,24,SVP,w1.0_0.9_0.6,BIC_Train,MSE_Test_Extrapolation,0.6649479694336667
228_elusage,24,SVP,w1.0_0.9_0.6,MDL_Train,MSE_Test_Extrapolation,0.5647903641927948
228_elusage,24,SVP,w1.0_0.9_0.6,PSM_Train,MSE_Test_Extrapolation,0.4975889781859932
228_elusage,25,SVP,w1.0_0.9_0.6,MSE_Train,MSE_Test_Interpolation,0.3826180955679398
228_elusage,25,SVP,w1.0_0.9_0.6,AIC_Train,MSE_Test_Interpolation,0.3268054112485963
228_elusage,25,SVP,w1.0_0.9_0.6,BIC_Train,MSE_Test_Interpolation,0.30789332829570865
228_elusage,25,SVP,w1.0_0.9_0.6,MDL_Train,MSE_Test_Interpolation,0.202397069781598
228_elusage,25,SVP,w1.0_0.9_0.6,PSM_Train,MSE_Test_Interpolation,0.29299931258176265
228_elusage,25,SVP,w1.0_0.9_0.6,MSE_Train,MSE_Test_Extrapolation,0.9252542426246027
228_elusage,25,SVP,w1.0_0.9_0.6,AIC_Train,MSE_Test_Extrapolation,0.8908514635349434
228_elusage,25,SVP,w1.0_0.9_0.6,BIC_Train,MSE_Test_Extrapolation,0.8908934437412761
228_elusage,25,SVP,w1.0_0.9_0.6,MDL_Train,MSE_Test_Extrapolation,0.8951544346840465
228_elusage,25,SVP,w1.0_0.9_0.6,PSM_Train,MSE_Test_Extrapolation,0.916926855134445
228_elusage,26,SVP,w1.0_0.9_0.6,MSE_Train,MSE_Test_Interpolation,0.6714436805922791
228_elusage,26,SVP,w1.0_0.9_0.6,AIC_Train,MSE_Test_Interpolation,0.6560021152829191
228_elusage,26,SVP,w1.0_0.9_0.6,BIC_Train,MSE_Test_Interpolation,0.7042305658381807
228_elusage,26,SVP,w1.0_0.9_0.6,MDL_Train,MSE_Test_Interpolation,0.572236911686938
228_elusage,26,SVP,w1.0_0.9_0.6,PSM_Train,MSE_Test_Interpolation,0.604494976203067
228_elusage,26,SVP,w1.0_0.9_0.6,MSE_Train,MSE_Test_Extrapolation,0.028820729772607082
228_elusage,26,SVP,w1.0_0.9_0.6,AIC_Train,MSE_Test_Extrapolation,0.08836594394500263
228_elusage,26,SVP,w1.0_0.9_0.6,BIC_Train,MSE_Test_Extrapolation,0.10063458487572711
228_elusage,26,SVP,w1.0_0.9_0.6,MDL_Train,MSE_Test_Extrapolation,0.05304071919619248
228_elusage,26,SVP,w1.0_0.9_0.6,PSM_Train,MSE_Test_Extrapolation,0.002485457429931253
228_elusage,27,SVP,w1.0_0.9_0.6,MSE_Train,MSE_Test_Interpolation,0.6375725259616395
228_elusage,27,SVP,w1.0_0.9_0.6,AIC_Train,MSE_Test_Interpolation,0.560298954348945
228_elusage,27,SVP,w1.0_0.9_0.6,BIC_Train,MSE_Test_Interpolation,0.4995028355066047
228_elusage,27,SVP,w1.0_0.9_0.6,MDL_Train,MSE_Test_Interpolation,0.24010314799453408
228_elusage,27,SVP,w1.0_0.9_0.6,PSM_Train,MSE_Test_Interpolation,0.35798031012091225
228_elusage,27,SVP,w1.0_0.9_0.6,MSE_Train,MSE_Test_Extrapolation,0.7498552213649265
228_elusage,27,SVP,w1.0_0.9_0.6,AIC_Train,MSE_Test_Extrapolation,0.7539636578646965
228_elusage,27,SVP,w1.0_0.9_0.6,BIC_Train,MSE_Test_Extrapolation,0.7844709842140521
228_elusage,27,SVP,w1.0_0.9_0.6,MDL_Train,MSE_Test_Extrapolation,0.8018662791811632
228_elusage,27,SVP,w1.0_0.9_0.6,PSM_Train,MSE_Test_Extrapolation,0.7203531507548765
228_elusage,28,SVP,w1.0_0.9_0.6,MSE_Train,MSE_Test_Interpolation,0.3059701492537314
228_elusage,28,SVP,w1.0_0.9_0.6,AIC_Train,MSE_Test_Interpolation,0.2649054194269295
228_elusage,28,SVP,w1.0_0.9_0.6,BIC_Train,MSE_Test_Interpolation,0.26438662303455984
228_elusage,28,SVP,w1.0_0.9_0.6,MDL_Train,MSE_Test_Interpolation,0.20947402027296672
228_elusage,28,SVP,w1.0_0.9_0.6,PSM_Train,MSE_Test_Interpolation,0.23002633889376653
228_elusage,28,SVP,w1.0_0.9_0.6,MSE_Train,MSE_Test_Extrapolation,0.1615053076861681
228_elusage,28,SVP,w1.0_0.9_0.6,AIC_Train,MSE_Test_Extrapolation,0.17431558783622
228_elusage,28,SVP,w1.0_0.9_0.6,BIC_Train,MSE_Test_Extrapolation,0.1680501237129859
228_elusage,28,SVP,w1.0_0.9_0.6,MDL_Train,MSE_Test_Extrapolation,0.19514725836060343
228_elusage,28,SVP,w1.0_0.9_0.6,PSM_Train,MSE_Test_Extrapolation,0.22507781945885547
228_elusage,29,SVP,w1.0_0.9_0.6,MSE_Train,MSE_Test_Interpolation,0.5780759433682838
228_elusage,29,SVP,w1.0_0.9_0.6,AIC_Train,MSE_Test_Interpolation,0.31597654167407146
228_elusage,29,SVP,w1.0_0.9_0.6,BIC_Train,MSE_Test_Interpolation,0.2099994076180321
228_elusage,29,SVP,w1.0_0.9_0.6,MDL_Train,MSE_Test_Interpolation,-0.030137209458134296
228_elusage,29,SVP,w1.0_0.9_0.6,PSM_Train,MSE_Test_Interpolation,0.2100570903951729
228_elusage,29,SVP,w1.0_0.9_0.6,MSE_Train,MSE_Test_Extrapolation,0.7886973520526036
228_elusage,29,SVP,w1.0_0.9_0.6,AIC_Train,MSE_Test_Extrapolation,0.5590901012973165
228_elusage,29,SVP,w1.0_0.9_0.6,BIC_Train,MSE_Test_Extrapolation,0.5038801018896985
228_elusage,29,SVP,w1.0_0.9_0.6,MDL_Train,MSE_Test_Extrapolation,0.49802664219537995
228_elusage,29,SVP,w1.0_0.9_0.6,PSM_Train,MSE_Test_Extrapolation,0.5884382705697828
228_elusage,30,SVP,w1.0_0.9_0.6,MSE_Train,MSE_Test_Interpolation,0.6567765567765567
228_elusage,30,SVP,w1.0_0.9_0.6,AIC_Train,MSE_Test_Interpolation,0.6914835164835164
228_elusage,30,SVP,w1.0_0.9_0.6,BIC_Train,MSE_Test_Interpolation,0.6945970695970696
228_elusage,30,SVP,w1.0_0.9_0.6,MDL_Train,MSE_Test_Interpolation,0.5678113553113552
228_elusage,30,SVP,w1.0_0.9_0.6,PSM_Train,MSE_Test_Interpolation,0.5275641025641026
228_elusage,30,SVP,w1.0_0.9_0.6,MSE_Train,MSE_Test_Extrapolation,0.6254120879120879
228_elusage,30,SVP,w1.0_0.9_0.6,AIC_Train,MSE_Test_Extrapolation,0.6310897435897436
228_elusage,30,SVP,w1.0_0.9_0.6,BIC_Train,MSE_Test_Extrapolation,0.6632783882783883
228_elusage,30,SVP,w1.0_0.9_0.6,MDL_Train,MSE_Test_Extrapolation,0.49711538461538457
228_elusage,30,SVP,w1.0_0.9_0.6,PSM_Train,MSE_Test_Extrapolation,0.42010073260073255
