feature_1,feature_2,feature_3,feature_4,target
-0.20330391784981186,-0.7346043471804855,-2.519068677397427,-0.5203596226880143,1.7358064524328423
-0.39169239576205794,1.1078668047370592,2.700550023034367,0.17543117548645776,2.476034688022591
-1.9094201671083066,-2.4382998293724207,-0.10536929437082698,1.311615026066126,2.9171842841517805
-2.342361904809475,-0.5129705083812472,-0.10190264561041601,2.0601977393980686,4.75783825377528
2.0524679090844993,1.6163649899452868,1.1019569702498762,-1.4351074757974087,-4.067696325061619
-1.450337083260004,-1.513596965341419,0.9777864649500896,1.6481390735926702,0.67749914140383
1.4866239584888767,-0.15103687130718602,-1.1718607657975768,-2.0074646367299547,-1.4811664721593276
-0.13523516313149647,0.21079655068580433,2.3182864612619234,1.6415766507963692,-3.868584591037458
-1.7255239855433826,-1.1775480002470877,-1.4052971884740353,1.636573386575576,2.3629054825205573
1.9341645203583697,1.6287825807389207,0.3056688437805697,-1.299135286942258,-3.8809688619437623
1.742773429008306,1.6871750831046628,0.12745427184780206,-1.6737895600705914,-1.8286263737574282
-1.725839673406404,-1.6627126623748507,-0.9380968232921384,1.3748166701125102,2.632853485451003
0.0596411660025985,0.9748217947988708,2.341762534128102,0.5805883088248733,-0.9819329047427917
-1.1742413465754489,-0.3557924126507802,-0.9340560170492387,1.2968723832859526,1.5262016868476556
-0.4681997152710739,-0.29198347833534816,2.145631999251969,1.8876967816660357,-3.4875729305477403
-1.4792292115652912,-1.6687401250186589,-1.9097386797355262,1.6073760080795918,0.7778879881971716
1.2169773865157034,2.5693608877208183,0.8903825145821789,-0.6336798261253151,-1.426359798904596
1.449468553753021,1.6756763665624481,-0.33012927549612636,-2.14834879687137,0.9288479048192637
0.7986915383010196,1.7996642116278394,1.9486306105317712,-0.37099511351503733,-0.9519122239993358
-0.23866066388827062,-1.7946234608657232,-1.0392367794821473,-0.546054315570478,0.9188537152325396
-1.8493398277596436,0.07277348297318453,1.0120030716204678,2.062966170343354,2.9777729073368047
-1.5253835473109545,0.0323365094419453,-0.5190341298200019,1.6974521796084772,2.4403629409375447
2.758699793558369,1.1374810854414559,-1.4672753290661582,-2.0711101623726167,-6.093013511013575
0.03881228239721113,1.87268257907236,0.6760891133213629,0.17497687064507755,1.183303946743695
1.7682909787652954,-1.5246629704100583,-0.8239693769002346,-1.7084868169392347,-5.062605975966538
-1.754682603832103,-1.6686535682477974,-0.3204989416523795,2.3275999323388774,0.021769206940903008
-1.5065890044083734,-0.2764914682389317,-1.3072119239186213,1.3858057569866808,2.9388879450022873
1.3871275399007394,-0.6097403133655658,-2.2607878469306293,-1.9216377288906843,-1.7111336001000614
-1.4212222462619943,-0.5776637694748802,-1.0046415579391597,1.1922468290502133,2.7867159876925793
0.6796823278475294,2.1270769791181943,-0.4870530386339148,-1.4594274449395659,3.078271480185361
-2.0719355160881485,-2.1841254053363515,0.4843668230781863,2.0801469468061833,1.7359564334322308
-1.92255687404764,0.2590754404567941,1.8543334231830237,1.805299831492914,4.25605621241895
0.6322284615124439,-1.5237120190412823,1.3928503741002374,0.37833076417483297,-5.636516445634019
1.003407291802383,0.7738884861278891,-2.762153088710818,-1.151500771438877,-0.7096331283363971
0.5260540772855777,1.3490393262138294,0.9809236483543222,0.44186713283230594,-2.43891702953123
1.764336606856116,1.4000841152409766,-0.16879140969700213,-1.669317277019131,-2.2317173228346814
0.25507180481949865,0.8143587550568797,-1.587327855955567,-1.6790959436369985,4.428649472872578
-1.0189896104523293,-0.6897258686992364,1.2612321256693606,1.7547670894604952,-0.8684990563327623
1.8543757638588794,-0.7843914482539154,-0.4058040582559983,-1.9087610583851302,-4.15743449255708
1.994142104961098,1.690093644220011,0.42737832825284783,-1.5458823381991798,-3.3961060570492956
-1.8887810218465286,0.9857222559596094,-0.3540672449310502,2.513393501218025,2.782556611069081
1.7262512127539742,1.5474410766483644,1.6916457895696255,-1.5137853291380217,-2.3499996284010596
2.1367303399812174,0.7838139225120904,0.8027680050227218,-1.309623638080658,-5.664496305279371
-1.4523621321883031,-1.6477015594132371,-0.4103699877780907,2.1558482597122652,-0.9086258944874648
1.1446180114797344,-1.6305692050844303,0.44341763771819187,-0.7734902427447254,-4.877719887054038
1.1712400203219442,-0.4423298212210441,-1.6565898315902199,-1.6586869247916534,-1.2682988888631126
0.01947225765928548,1.6604135136977378,2.174752269742535,-0.26458211950720073,2.329026292059977
1.4204753032551372,1.8517299843349964,-0.9218076686037194,-1.6815551307354366,-0.10034902020973502
-2.3963760834070507,-1.1769130530029344,-0.25390493200986886,2.906163780225464,1.9166607878105788
-0.8785586109415816,-1.9933161722807426,0.6763809340134931,0.9010490876079871,-0.38581797503971926
-0.10965485662435881,0.6242769130665006,-2.0402496019037217,0.2375600787194868,0.46475226473906167
-1.2110746062515707,0.07507927513197213,-1.9460633945041337,0.5014233190590331,4.42333955843815
-1.4486508833704193,-1.8781427228627858,-1.460159026263696,1.062430525039244,1.991156095917345
-2.2686153721813684,1.0868272648169068,-0.8408158939938125,1.840560958394919,6.637287847139771
-0.8543149074639685,1.8673111590208407,-1.1306996227211912,0.0955019661528815,5.678052321662961
-2.1963435555020183,-0.5322244931660234,-0.030359428580796544,2.8476830449761463,1.7730768795962595
-1.5961200654998686,0.037621014215454884,2.3912017987378387,2.0297429529502424,1.8272673340777288
-0.2123307760561294,-2.3106487546118935,1.1341692597093727,0.4962687833812579,-2.7239615891229554
-1.1555875584705217,-1.932155842104288,0.175055361782402,0.25871326371443915,2.849509225324773
1.3678004469295881,1.293875133864845,-1.580965540404412,-0.7709514506314727,-3.027937073249544
-0.16483788587789427,-1.8812457261119668,-0.9040381306370627,0.3857643979141615,-2.203545165680604
-1.8490063626969777,-1.0467278398670135,-1.5749912764886205,0.7564577797802134,5.618141055435096
-0.512914422287867,-1.3108809396589398,-1.917926330184301,0.5603169928185394,-0.4710724315840332
1.9609578725365988,-0.4711987461180347,0.8142142120122257,-1.4361984420728877,-5.714479657328583
-1.3020132780982314,1.9768469607508288,-0.12075011902015248,1.7190735013956286,3.254374575812102
1.4206985359620288,0.753391837130052,0.48104688500569637,-1.748449938740227,-1.0071632467096174
-2.5142313979460775,-0.2523644815288342,-0.2554741714910955,1.7070802370112204,6.85702897057768
0.6774542384772373,0.11881433153248189,-2.145389425952586,-0.9183697377808894,-0.4770516550587217
0.06599130785484486,-1.9332639025081728,0.8964970584199048,-0.2884248066106293,-1.4184812097208892
0.8200187506962625,2.0049339106079986,1.783815795201988,-1.0980917567967232,1.2446878046342764
0.8526088691915512,1.8003887217473542,-0.5469521362292671,-0.44840539324561485,-0.986177300761613
1.8986671084219606,0.05159011908364819,0.9767239101393199,-2.1324247869260464,-2.8893403411070238
0.3802703067694364,0.39402397951353296,2.6599181772160767,0.5049606231680654,-2.878380502231641
-1.2662582241707523,0.7593690136014185,-1.133588464258375,2.024052598885503,0.9878598925806384
-1.5979556351018578,-0.8424036180834138,2.0828215655575226,2.590775610398803,-0.6592032688632536
-0.9744298746991482,-0.19170974833994378,-1.3407119238046263,0.7100312597229801,2.4242293750107624
-1.2460104661009967,-1.0991435794850564,1.255153990902314,1.9201177815785877,-0.6682555432023186
2.32171102064278,0.5997464870604805,-0.29205341104353044,-2.5467711460290348,-3.171446321499058
-0.7473945784057596,1.6937616744462813,1.5949370813257866,1.033097304464066,2.293808788966289
0.43495678279466776,0.38592180019655886,1.9896019964324432,-0.5400051565793934,-0.13953867173616108
0.7182379143038382,2.8141172863703625,1.0069430063333291,-0.8898701192299819,1.9411556240630563
-1.742769426437525,-1.8383707482808056,1.2122887923890215,0.5234157570661303,4.989361153155
-1.71284129612247,0.9324086174394216,-1.8110111688233843,0.1457821928278576,8.70422632553641
-1.669068856962564,-0.30932503315778526,-1.726545202817516,1.2163428002432277,4.17098868499743
-0.7281210548836625,-1.2450881765136774,2.050856522677038,1.7890532042719784,-2.9136275768098496
-1.5886949154285952,-2.339366720026269,-0.46066908263221185,0.45133955765719774,3.959024900963496
1.6600963161718758,1.0536032726344868,-1.718493360247392,-1.0813523684216806,-3.7724401810278247
-0.5975747869161158,-2.000226990694119,-1.5312349610793552,0.8810456570027947,-1.6789213557985727
-0.30942461477084093,0.22882584455084537,-2.3883870119155874,0.5545632799132292,0.11202554890611953
0.4723853701820997,-1.9398441681775511,0.30891527714911693,0.5664152398385577,-5.829710724460293
-0.39864730267774473,-0.4016464828832414,-1.6223252920395577,0.7792990208035221,-0.7387651231680629
1.4343584252704389,0.20982178495211956,2.085538292066216,-0.5932510505553621,-4.941901740740828
2.0857667483018636,0.9377596766871074,0.01970887588066894,-1.8305924096614166,-3.766941523172617
1.3532383792891378,2.186623360322767,0.38732633384071063,-1.0170986729204285,-1.356884052055766
-0.5118576636475888,-0.37574157737133274,-2.06364280816825,-1.4624675389735775,6.28265089281055
2.1701554050102523,0.7817323116743292,-1.4545643040931466,-2.339401639538946,-2.861678817758591
-0.8652703127829441,-2.573193599055883,0.9792348369776825,0.9948758201192779,-1.299374705587241
-1.725103648141202,1.7033276182265267,0.6934899800142045,1.5205908091671896,5.575687071078042
-1.4857230146425022,-0.5759638535667373,2.384608671292929,0.9548691925588774,3.7803007567024824
-0.24149514039784944,0.9289853860097583,0.7732319594659687,-0.6155485025943038,3.8560933996401694
-0.16999594325745404,1.4785752986394218,-1.8683760874080053,0.5319541060639666,0.7600607148474048
0.9324719390380561,0.4906098067791078,1.391171267701699,-1.6539442289944555,0.7928758271128841
-3.1185790437891807,-1.1596615373153418,0.5189552194677498,2.204871399122128,7.406825699390282
1.3898316490454137,1.4347293379838122,0.893572382442715,-0.800324193146823,-2.9078806219921125
2.0348248751346305,0.19129400003450073,-2.191849229918656,-1.2363831615321805,-5.9805222492402
-0.31084980584602395,-2.059607119909789,-1.2790770333194317,0.6994235743213876,-2.5866472875124695
-1.028541390372455,-1.7153609627331952,-1.092177283294838,1.3862576853027149,-0.7875074477390147
0.9926660130032323,-1.08882620661527,-2.1622120722645297,-2.052654040775508,0.07346009160486111
-0.7271345637331332,0.7001274857395122,-0.5050280034655746,1.3267507067079292,0.3578485671567352
-1.0231679810988414,1.1673643074919153,-0.8388124490591891,0.43900310845032914,4.796685120350978
-1.2780799845221473,0.6900175304369294,0.385019050430968,2.007541213945006,1.0225816536136474
-1.1027696008430539,-1.6356624201815517,-0.6909487459244548,0.283708710540869,2.8214425552757296
0.21270868626244918,1.174979079284816,1.2737632784785309,0.01541026138569096,0.11335020673376794
-1.6831591025930608,-0.963271949168668,-0.24563898682627874,1.2904219937988715,3.371151745238115
1.4468901018929377,-1.2804186116028435,-0.9431673086977923,-1.682320116785491,-3.3566218845671836
-0.9511982100474791,1.6980634122318166,-1.165318839724059,1.2510723895356834,2.6452305207221505
0.3715499047867716,1.6372094776830721,-1.3515892181200786,-0.8667989402800218,2.355833322177847
-2.467176408434673,-0.7323345758262583,0.38849893726171936,1.841077248058265,5.766242000763928
0.38386800746868077,1.8111426728525377,-1.058479380405589,-0.707934152231307,2.013481211189665
0.1088976147969637,-1.2522308167645417,-1.7159798880163581,0.2810382913373914,-2.5821399792606394
-0.8278919256665094,-0.5849314298517256,1.6638123326194123,1.499677894926252,-0.9432071523271182
-1.0134129779618912,1.430507247194829,-0.6870301387323161,0.44144493177879063,5.006145472432082
1.7845973793023726,-1.1485680146024642,-0.36379242262218187,-1.0312336455327213,-6.714320748197315
-0.41196140312521257,-0.39275295413615674,-1.9073412998060486,0.2551305976375899,0.8428935906987978
0.6516858810145492,2.291295752521748,-1.3544803267574874,-0.45902496554864647,0.49620194515853044
-2.2714757783885924,-0.4707273132798307,0.684335600562077,1.9182060452630638,4.869871149785504
-0.8402761221716454,-1.2315976755658038,-1.3140401638096781,1.6957420656458784,-2.0951196977737205
-0.07423968273564219,0.8063403258418607,-2.3441824352175504,-1.143193386633292,4.452662740309034
-1.7547811777965814,-0.7438243800822988,-0.1484829175485438,1.431251716515823,3.5276745694371954
-0.37233259657881496,1.6454972108414243,1.4174053015654997,1.0020515787913382,0.5412214293635347
-1.5052303922679142,-0.8362530306991024,-2.0857553090964207,0.8580855266988143,3.891946208769927
1.9870013168884768,0.670989030858349,-0.32384395226906654,-0.42189563513198813,-7.617041006889092
0.6310141614469988,2.3367283468098283,1.1574269863772997,-0.4445035796076018,0.5986880326492872
-1.8657506807825917,0.9504292705602339,-0.44899188382940053,1.471330951216443,5.637242131929741
1.8695699747692978,-0.1564675639481073,0.1339060305034181,-1.5087002457774916,-4.753958936370785
1.408045189266595,-0.6916090209746021,-0.5733474689532669,-0.6382474539816942,-5.587946022036109
-1.1153343170877572,2.097964342752591,-0.6902833699487607,0.40827090399543187,6.2565419872718175
-0.7285551810630426,-0.2453565861609584,-1.8717168213902968,0.2804790410509317,2.4313958997963243
-1.5956008183599082,-1.0562297254927024,-0.531630343905233,1.452674155874924,2.392326145041061
-1.2897527503061639,1.4082214282406453,-0.46510222362927733,1.0997709959081998,4.410098556654715
-1.9226080499715528,1.9166051852480868,0.24869071409291266,0.9734313810515756,8.308796897610097
2.0266475520295875,0.32933520431390095,-1.1284996286715872,-2.460880096178568,-2.278022055173629
-1.6897605217979454,-0.0579755092795034,0.49480905062605657,2.6004757678313872,0.5363474764459804
-1.5222575881177105,1.478213742724027,-0.42533625056832347,0.8690471380057991,6.256285493465313
1.6737483695923767,0.10221410056284855,-1.041520435134234,-1.1179842488012064,-4.68365528647998
0.970803848594033,-1.5369239960061882,-1.4220185139334258,-0.5027363752512005,-4.732328127597584
1.207779732508306,-1.7456453780184624,-0.4918845406001459,-0.29852636751567074,-6.662292641073709
1.4978563415226582,0.263241500357903,1.282642713292988,-1.475457686972219,-2.6522649147949764
-2.0426881874308247,0.3630427873184659,-0.9184419512409956,1.4293155001938254,6.017008575024357
-1.7319567512326657,0.7644201551306797,-0.8469119357898616,1.0521984060103602,6.018065289309215
2.3651373943315774,1.515945611698515,-0.8355877214098693,-2.579261503566748,-2.3693899832626775
-1.0061761874485513,-2.069825976910619,-0.2725419204366473,1.1623002610969237,-0.6041542891659903
2.4440373178814117,-0.7442199875138449,-0.15636495982403975,-2.1138730071484644,-6.3467511580671685
-0.1560198441973405,1.7031761262795848,-0.3787815937051021,-0.6535814631321877,4.331002984434703
0.8352779429266562,-0.8780440457134885,-1.3025072339010246,-1.2400079698968476,-1.3026863627024379
-1.480071150634436,0.32853347173280645,2.540914507801568,1.2955314449605577,3.6769949343545827
0.9398467373658113,-1.2734868477381722,-1.3738382180039619,-1.6802910338617192,-0.9306372279998416
2.3307232996064258,-1.186768307280147,0.693191787881841,-1.8204915063703027,-7.092035485828544
0.050862056951263224,2.2558657647030778,1.150080569640567,-0.012959835219908289,2.049933641862655
-0.9630561713297877,2.032298498060289,0.4204112589459677,0.8171419461988275,4.2854699415561495
2.268718777665473,-0.2872121637773255,0.03836688330607459,-2.0023306275526083,-5.372429105444635
-0.08331998499524301,-2.0158560144734206,-1.478429767353002,0.910789840727522,-4.239567280685392
-1.5668859410145615,1.8827436768246888,-1.3547636049264598,-0.14389416212510936,9.79052559894499
0.9613114875775914,-1.4715714881303634,-1.307012098515875,-0.44791441011869126,-4.7794127093816074
0.13752059280734877,1.0122573889915722,-2.289448476292682,-1.1218744483840954,3.5844754290105247
2.221015540138695,-0.22780058900586958,0.0024975169698990968,-1.7628265545405482,-5.774417681425263
1.0142793276542121,1.0136470809006608,2.077766494079351,-0.5762295028175948,-2.178086870401974
0.3597273098458681,-2.15960568921806,-0.6474403869278665,-0.9175188816511499,-1.2384174791313072
-2.2804172538993757,-0.8827148791235543,0.5129315532329541,2.094451009654944,3.9932326424847053
0.9671755413897886,1.1715865360005886,-0.7542812933428846,-1.604564453890601,1.1657199540556913
0.6435591464920262,1.4387643590827965,1.1619348717609634,-0.6615200866201606,0.2655235887427516
-0.20287713627455817,-1.2934780709204166,-1.2127967681854086,-0.9818665861966794,2.5035796183116727
0.1403031174404235,0.02695509666504059,-1.3996685513505296,-1.4327218226848646,3.4808018490883996
1.883589032449744,0.8599860096160845,-2.095328422574598,-2.0198401448525622,-2.3329682238731095
2.2805890686658628,-0.03302944541570121,-0.2847453436241935,-1.7498475850320014,-5.90191892896194
-1.9018034807606587,-0.43991553266332817,1.7180372243806887,2.4435897880478343,1.6201640096212344
2.0108384994838167,0.8291655486743347,-1.0885913621804102,-2.1757814753030376,-2.523390901911706
-1.7416314837469011,-0.3893620302775731,0.2651366901144597,2.62517809477515,0.3819112137885269
-1.352336239820632,0.5444150175567709,0.2854511942611433,0.30003102016514793,6.148060382609461
0.9343281911798157,0.7848568543239979,-0.5960853039393508,-0.7279080053051117,-1.5878316348434844
-2.3385096383527517,-0.8817173599155145,1.2970047514350262,1.864101410407422,4.9352335648519245
-2.1348513581337087,1.234487188329254,0.7119334443878507,1.4456126111322203,7.282296314000484
1.1598033367093343,0.9441446150773884,2.008298473500534,-0.6308303438374265,-2.78634943183462
-0.5807466525735344,-0.6952075826358848,-2.3032842914023623,0.9157977571548371,-0.554433168616179
-1.8783556982283116,-1.0651084443023158,-0.46021869488383754,2.1223662767132963,1.8076429636486755
-0.7805708010587049,-0.48930823569126036,1.5956950543430144,1.4428537966627206,-0.910295747151594
0.5512818261339933,0.3510166812955798,-1.7622328443567647,-0.9031907470417974,0.3148596234405529
-1.368229355370269,0.19653341152915255,1.6822700435865112,1.6546766316317036,1.9761340611740015
1.0262338352078308,1.3119956668997677,1.7472947243809696,-0.34158362608820797,-2.6124600220042113
-0.09983010345129151,1.7026552845221734,-0.6813399062875121,-1.3394916481308192,6.036508544914103
1.8798791822226881,-0.24633433032254531,0.6705153084175732,-1.9341258505612657,-3.6683196967992173
-1.606307309971542,-0.05815659432473415,-1.0134752284725017,0.6966709467974385,5.6181508449427975
-0.9030237684243952,1.7737117095137283,0.7711406054172195,0.847219944613801,3.6531877794233596
0.5051340745659432,1.7012499613662166,1.1664623606421807,-0.810673994398552,1.619433250794927
-0.06461892805348185,-2.129287312930261,-1.208821449618145,0.561689006092022,-3.437366493899447
0.6875516321415991,0.8867523652369635,1.9983492638652451,-1.2149850475046495,1.0965579067352988
-2.2328018902139144,0.46952072304282555,-0.11888847322019452,2.6010167054849416,3.6593385996218473
1.5545700347384457,-1.9698978489617307,-0.7588045327894613,-1.7867852252433924,-4.260314684897524
1.3854679606264695,-1.644496376932342,-0.7692202815713762,-1.389581302896245,-4.269754134126661
-0.5595432991962268,0.9263291418052995,2.191889830068769,1.2835810814590447,-0.0931554737921978
-1.5987923365330223,0.16356136731742815,0.5261780419531067,2.3311265511147856,1.0982980997450715
0.9190392113891783,-1.3531962645523357,-1.0054469794166352,-1.0854133776200163,-2.6235011794662957
-1.3041021915931357,-1.8092850783436558,-0.6245278867426985,0.6702592929107578,2.49779004718326
0.2783066293364196,-0.3240576067878644,-1.8515899718429676,0.06838274898992441,-1.851912307460894
-2.75394623887498,-0.7765064246111588,0.3470775488756284,2.092242347004425,6.3704146841509415
-0.9420396079190598,1.614925521168522,0.09934327868605058,1.6083740040992798,1.4896137229233104
1.0093104756262028,2.4280692403698345,0.4451743768837469,-1.350883850903062,1.4903440604130538
0.7198677510773995,1.955547182782609,-0.05447666749870245,-0.8862714856026941,1.0644304159739093
1.1314252856434805,1.8754222950407995,0.8153494756259313,-0.6188772631113304,-1.7537691366989627
-0.921035344558896,-0.3764552208343898,1.790951363189723,0.5590515293366823,2.418802514167756
-1.1768066789905212,0.33272296509680405,-0.7066587880457498,0.9041124342100735,3.3577494485784656
1.2673777368039367,-0.7620492160872315,-0.5992375177135699,-2.3115046770564938,-0.16831369331335522
-1.3711352443495013,0.5680817598897797,-0.19828950268188159,2.196068253542264,0.802902097366523
-2.029264105593897,0.4566375864577581,0.428869188151038,2.2829077039920906,3.5888944442488495
1.3288721692606398,-1.0273462504397657,-0.9222230379795349,-0.34191420431668085,-6.3981940201926335
-0.7226775390743682,0.08724781622611733,-0.49278421993220445,1.6006864915133472,-1.0650131676569163
-0.41529028407383756,0.6323322137061455,0.6376644304270978,1.535796862236521,-1.8031653670848824
-0.2392441407789303,-0.5934232857068819,2.4499938779229473,0.45893619194268453,-0.7705437982555977
2.44709804179875,0.359996264463424,-0.31447221637750483,-1.8577542151762954,-5.994543788966641
-1.5182791620485994,0.1822685759708455,-0.6734257553067124,1.4978766557649392,3.130900842677453
2.136685752140161,-0.7492394421859139,0.8372761804126847,-1.5004719430760345,-6.6478802787194065
2.086476285834999,0.5614009832121848,-0.25659977628657843,-1.494913100577895,-5.1131210848308095
1.1231912313663805,-0.3372122532959671,2.2929220684420786,-0.22505562469029483,-5.060845484178693
1.7389634302137833,-0.5047328320586422,-0.5019583489746122,-1.8383941594593765,-3.528413280958812
-1.0017480461284762,0.9361401525969045,-1.6716847502760448,-0.9697967116268136,8.518985173978297
0.5768965262252045,0.3987570070043346,1.960070237028529,0.06145792678383433,-2.5371434823794576
1.9796303448224482,0.1664081131634569,-1.717846862170798,-1.6967371596316487,-4.41607614607302
-0.5971729008842878,-0.3399231397503717,-1.9416927779575168,0.6138172549829387,0.7488165140365326
-2.0687625328645654,-1.6237765402109436,0.8788868471886547,2.6306001680918047,0.696364733371541
-0.757360801602161,1.0532888493646166,-0.4293411557116313,1.418303906108638,0.5919809913511567
1.0770269458428012,0.2514070242001173,-1.2721321173231943,-1.6462481490380847,-0.1598069777929914
-0.6127347586616013,-2.1303913738461606,-0.432012683906951,0.747187784845052,-1.3512048391493408
1.8302550646624969,-0.9258601640298139,-0.455030044631844,-1.5505019592518423,-5.214983114309971
-0.8990354970996923,-1.52141243820744,-1.1284440173985573,0.7123014805145632,0.7274230439581857
1.3692152711211154,1.0739295883724345,1.6835883717417683,-1.1319844443834737,-2.215227567912125
2.3632792990284925,1.2373183689084009,-1.2921936990757723,-1.9353556983198006,-4.4929489481233285
-0.7242144719415183,-0.03172091529979698,2.5219112847136413,0.37251906721171035,2.359287365522199
-0.8124626574322159,-2.1969935586252505,-0.21241246216704984,1.626305047194109,-2.99362068030155
-0.2647351171202599,-1.7230693083184714,-1.0152387001481564,0.17840321546908988,-0.9706211013566456
-0.6591033055046637,-0.6413223941660704,-1.9333596831090616,0.7267875416118245,0.4183507524531589
-0.6718389275054021,2.2027246950408865,-0.5356080802474349,0.5071824942439181,3.9555523433526805
0.2803707655996067,-1.3884808759626148,-1.2213130591573242,-0.052527365140568105,-2.5781044657030283
1.6065996053639118,-1.7401543103486454,-0.33764196273101793,-1.6492910893526678,-4.675246854896285
1.6681346116117457,1.2041078364621964,-0.22499986079288387,-1.782850613846747,-1.6407504048088457
-0.9944910673462581,-1.0657226068019685,1.6356229916210954,1.5344570843742533,-0.7273811457167272
-2.3268347367360627,0.7731058791569854,1.0404963664765263,0.8065845603131232,9.578835042867988
-0.5186376259898218,-0.5270452382056521,1.695724720998082,0.6968230263969202,-0.05286961077043206
1.592965665816746,0.9021641709946417,0.6602496283028295,-0.6555953629154395,-4.8285953553824665
1.4360266235690198,-0.41209778793139046,-1.081028325838696,-1.6889873228678272,-2.4171523157088513
2.7152803928691793,0.8666552840527049,0.2629769360362658,-1.9303941842315107,-6.561313637700294
-1.323139104992059,1.228597479570316,-0.5909696187373018,1.1345216211340516,4.290094443380285
-1.367819350160986,-0.13929535083330452,-0.5110587466097603,0.9410392663646452,3.692920977058383
1.6948762455182431,-0.12752293054260302,0.09495751280301981,-2.1791816093373617,-1.959225913855376
2.282496296969073,0.2887096674208918,-0.3698081841462806,-2.3576473045549187,-3.8394332242126783
-1.2174901579269362,-0.16289450176744952,1.4144966268517407,2.160553831327047,-0.5606228562179751
-1.4547786837414511,-0.4121626124793264,1.1658283113986476,2.2545044204809184,0.05443692422876517
1.3081426224211734,1.5333439314812427,-1.4551221877544709,-1.7003970853214514,0.17273343157359533
-0.09881758879194405,-2.4177862739591474,-0.38488540374645697,0.43566113392641315,-3.1994762647854778
1.004339645189452,-1.3647181243529807,-1.1633929198981217,0.1073740823860294,-6.477024964553584
-0.6178382791609005,1.2240447659976363,1.8013260569531182,0.9391141744713266,1.4750785015514305
1.1979790979466702,2.03687560900619,1.0549675977655517,-0.482379486214086,-2.3035840270483665
1.3603504057468427,-0.21909073106206856,-0.9549019037268024,-1.0539720809671331,-3.6904515536670024
-1.8634472196835914,0.4286640488772388,-0.043811794823604644,2.6178027527585903,1.803745145346319
1.6148670465039046,0.1518843100115888,-0.8166732286155307,-2.174895788002617,-1.3095199935073534
-1.5262018345988346,0.0015086544582513794,1.2591040024090963,2.2503249768489746,0.8217164469273879
-0.9012087208735943,-1.6916297511463776,0.10708740349102905,1.6043978885972383,-2.000764709864622
-1.5897761532245596,0.9064836092115868,0.728986821221917,1.2687626928452553,4.856668325121048
0.6808196181859373,0.9832678822407792,-0.6327976837405798,-0.07207433256171064,-2.0651944577769497
0.9800002830504764,0.9532283292412564,-1.3286758651434416,-1.9285680222700963,1.8188413039357765
-1.134225137113786,0.42732489718838584,0.6647290408485204,2.0570753047517556,-0.07069502975114289
2.1839448401826385,0.3072230861204479,0.7728913440296099,-0.9428639308748319,-7.4227954028825165
1.987642291087195,-0.5011961303063441,0.6325878630481643,-1.7395968296458206,-4.998603024837525
1.4208521188328513,1.4547842671432574,-0.19957778080692537,-1.9986040785508283,0.41369354403694114
-2.198501367513244,0.02611360596259038,1.7572844156148915,1.203274221135669,7.076021007592274
1.2097233853602012,0.9943961354468025,-1.9774985835316767,-1.4917641775482906,-0.49619055819183133
-1.334916233758527,0.3706394671209304,2.1071609956972686,2.2808966642207777,0.1880225395171995
0.7563735778865095,-0.13781083927091664,1.7836076231836444,-0.3626621747381817,-2.710995686877459
0.31403632864323033,-0.8644112464264581,-2.144109070299702,-0.4583048006610701,-1.0467962269242042
-0.2763361939860987,0.8649022150052161,2.9019027527807184,0.48079192380928143,0.8022484073980817
-2.0884831865794675,-1.9862237540880623,-0.5069078466893332,1.6867624487556805,3.145557980407707
-2.786287060395451,-0.569502009027633,-0.05472439910601229,1.9752131420177093,7.0690159752999335
1.534928557827553,1.6012829047536117,1.0416192399230242,-0.9803821230929234,-2.916851065852738
-1.526741380469015,-1.8662383637303077,1.3943156158655499,1.221309022659693,1.9191076344907998
0.8536563531791871,0.35689462416578804,-1.5806914570182429,-2.5287128768429006,3.5545666677730905
-0.7133037951330747,0.043095282873371554,2.141220150155509,0.5977410592894213,1.7335054194873045
-1.5668975264989407,-0.9099821146189319,-1.4387232281895648,1.8908586440818949,1.1397604821270293
2.032250334113522,1.8220566586825377,0.32002804174818755,-1.6530955166661145,-3.1377237027586373
1.6817229396139328,1.3613954450900354,-0.058850468097676134,-1.5264989300184124,-2.2864896107614356
-0.9549882864646839,-1.944034660480647,-1.3470505978967537,1.324428344677415,-1.1899350997103273
0.44530341247805694,0.963512832108098,2.4708748319894376,0.16543951139618504,-1.6424191288438328
-0.9865074908673419,-0.5019339652106495,-2.1731911012950285,0.7683960141150956,2.0037320837712147
-0.07278047705509139,-0.6225125450905913,2.150797030739373,1.773817286017596,-5.381301747650818
-1.4950252872136822,-1.4374763710019707,-1.3090852493466894,1.2720236812581547,2.0501813934319624
0.8804433667348915,3.016945319966075,0.9737689442156972,-0.7801824943952473,1.0524560464318844
1.7229952934069874,0.9990211541260909,0.1444950363014897,-2.0899648154300525,-1.2240159098777892
0.9510571086327063,1.2330610946133376,1.4871344267978883,0.015278493691573247,-3.3592811679587467
0.023778242145403805,-2.4130586885531704,-1.6581942177514042,0.2876371170468578,-3.354889357919123
-2.456590659661306,-0.21196287858241436,1.2743598624141865,2.729468401496902,3.6782919866851254
-2.2258506088983054,0.2499323243264114,-0.1948292802014171,1.8584852836213166,5.544269322011856
2.2231787226072015,1.0158363354882325,-1.7679534939599377,-2.261313034843812,-3.1059732855166655
0.31244250094931336,2.692776396668197,0.9022387413393006,-0.08578286319836115,1.445515532670155
1.8418452882190366,-1.4121491619533009,-1.6124163037381685,-1.7470536154725782,-5.190825219188423
-1.788839873170256,-1.8298001310536252,-1.114519107221436,2.001278327797944,0.9634636142569384
-1.8002084038661175,-0.6514343715988794,-0.85828383006349,1.8195032140136906,2.7195327211517535
1.2546087149104084,-0.32641847624749964,-2.1934548975050996,-1.9477717079341823,-0.7188107386276466
-1.1053279470392134,-0.685558048644514,-0.7083228010313543,1.7773290325205604,-0.5163812845041524
1.2212176018416023,1.6979649517116702,-0.6269655405467071,-0.8477160805078359,-1.701819496747933
-1.6320295462579126,-1.1925593966186838,0.6665792301001824,2.019936992549912,0.7970527255542803
-1.9430844453674843,0.33361183938295413,1.5657252985874262,1.7880122812221542,4.478535301588487
0.3787056750721832,-1.099546218407279,1.2209683843297001,0.1031469329106749,-3.2076381828736826
2.229111547071027,0.8759985499294384,-1.8518404560904933,-1.121426766379182,-6.555940094594629
0.6928641909997885,1.6376264172344426,1.0998149442912697,0.7273459858123521,-3.7699854998199953
2.0863131060927476,1.4078437811025248,0.3211349247214705,-1.2523288995523896,-4.964302743602883
1.0401689814807729,1.1634626459396928,-1.7130107297175143,-1.2636982837101691,-0.17284991204831313
-0.8430719880572097,-0.7012807562842174,2.1908746392476277,1.7138860539492178,-1.603668683226594
2.223913147968755,-0.7792136238265596,0.3369813654904687,-1.3927925513692616,-7.405023720354944
2.3321982555081897,1.2567040459109138,0.36800252866389777,-2.3215162161773155,-3.213156657880179
-2.0722666224294675,1.1705485415016261,-0.6008664618728298,2.1128552871910053,4.9980458925644715
1.7705642996712374,1.8235316423722905,0.9323544021469479,-0.9473009809894142,-3.9167528502985904
2.2115956143018325,0.7100383913761086,0.9939185781699518,-1.3725267809897792,-5.91520964291068
-2.291557852903769,-1.9046572234284505,-0.7110044172949317,2.0858878464780726,3.049222850089163
1.2505700733239997,-1.6687953151970774,0.6648127898575947,-1.0659132599914694,-4.5807615102047565
1.7260619716310184,-0.7352682908629877,-1.9610627757333496,-1.2067545625279534,-5.515751789760017
0.2744724286045259,1.4266473631482601,1.9915684677036836,-0.2818405154992532,0.925429328058203
1.588195479714254,1.4192261169978257,-0.3699142017770336,-2.139771990991506,-0.015745660673240014
-2.3987687421342705,-0.9483112713578384,-0.20199776055823382,2.723084341601294,2.683794699075752
-1.3715307010817055,-1.8063528675802951,0.4540862523261936,0.714901002018645,2.6946693661364582
-1.5375768313381493,0.5529994656984067,-2.329175887033257,0.978699082807668,5.088644101491627
-0.9931835050429786,0.811517291547329,-2.0623425958087083,0.3827466737766299,4.459403146663558
-1.6582878017704088,-1.7067523489870813,-0.7311747440399012,1.1658361040953162,2.8674116339599576
-2.270567666504114,1.4039276364540936,-0.7410683290203086,1.3564259670964511,8.357559402569867
-0.8983719104728334,1.7283052991827053,-1.496137652338046,0.34936677816851713,5.018863623968564
-2.122418226721418,-0.11352297197826372,0.48308924482494636,2.6882453707500558,2.297260689199062
-1.1755033682513147,0.5119930311828077,2.2980492347741492,1.5260027989741332,1.740351520130453
0.08003257814424877,-2.669269597804513,1.3480085491934686,0.07454407455703282,-3.266632960728266
-0.5783130213462386,-2.467000882991133,0.8724892487224563,0.9910023087399201,-2.5543805515086158
1.3345713464165478,1.3848137064023784,-1.855032400090934,-1.0114825726957442,-2.085588969065652
0.660171565848624,-2.2118919820437926,-1.4972686027909108,0.5235603185360369,-6.876450930335568
-1.498172736917534,-1.5709915516730484,-1.9028995761670788,0.8200068985721543,3.2330841562106376
-0.2796198307956035,-1.1326711123334372,-2.2076875598828276,0.7645369261609154,-1.9965288227996147
1.8930072145217274,-1.1512758729135841,0.979772990804556,-1.0949483998284362,-7.052053968492216
-0.6851246725037683,1.5421450351209427,0.5098720810863123,0.32097229363712043,3.894613661376016
1.6964430387314597,0.508911939695333,0.791185073266681,-2.239364851368947,-1.157015329443473
-2.440170571315538,-0.5231330427063963,-0.4965798363539623,1.1455137531925341,7.848831715395146
0.8508012091950279,-0.4131433594086899,-2.140858973414699,-1.4815430192191577,-0.2166401440300915
0.5359196133495379,-2.0499513697421574,-0.19225552359819442,-0.6254355410600182,-2.812302753501168
0.6998748394206422,1.7821885941012596,1.5630875890049292,-0.8746541468439177,0.9532397864452534
0.8038948958122349,1.9130128267461086,-0.5628643338134409,-0.0367101499785194,-1.8258614653830305
2.4023467337009397,0.2306187233860264,0.4231011214181444,-1.5626681218624492,-6.759460616520677
0.44667918609824026,1.1853379577632404,2.5443794136069946,0.4519940620926665,-2.2521699136189404
-1.2653846152627723,0.9958756156309846,-1.08501910963637,1.008605061650644,4.143682651249901
-1.7668397453518416,-0.5505406258547706,1.3583567629346094,2.3050270241999913,1.2630105759884946
-0.8822828015120059,-0.2432745733174721,-2.209656284496572,0.050018231030975135,3.832169422645155
-1.5490843929193456,-0.7753677758358111,1.3206396747457676,2.06885787742232,0.6767215081008968
2.0139394010089453,0.80272707256075,-0.38197215846704335,-2.4687708297640443,-1.721136880340208
-0.21101245446771746,1.0551620590112487,1.620762425049706,1.3073278087738562,-1.6995109813654368
0.2739768866200923,0.5232752508477925,2.3166465090615476,-0.16178645485764967,-0.32121097745259086
0.5906466372177264,2.2966077679268837,0.9448358373297391,-0.12973858145281508,-0.15459289872846638
-1.771798249036364,-1.0098102661463126,0.8923063348314403,1.115337048132508,4.252596234978358
-0.7618798818184804,0.3586270866812352,-1.6034988171191893,1.1069252304160049,0.8153969144975715
-1.582532280342796,-1.3377765001224398,-1.166555893839062,0.9100134213752443,3.6106114207941835
-1.0873608675702024,-0.5891465907044666,2.2060076214644546,1.0803657581223174,1.500675490060884
-1.0344875507569442,-2.2500671798253205,-0.11971850620521848,0.34364033125771015,1.707939952837486
1.2026763496294048,1.091770889688593,-1.3712977338729944,-1.0352699045704166,-1.6793702152628054
-0.4812880357706267,-1.7014234309147092,-2.206788383439804,0.9905754174933995,-2.2515883667249215
0.013596882450290546,-0.40354159499257103,-2.222201977658917,0.005378938425537289,-0.48405367975721814
0.45574477865597907,-1.7040821874327305,0.8930798383248416,0.7423655538136692,-6.020930969105891
-0.5470306847526221,-0.5766102087376022,-1.694336216711845,1.169186554656336,-1.3265912398483142
1.146861275647407,-0.21822423985884945,1.5862484134810593,-0.5464472717944729,-4.129764487952698
2.214626140196104,1.0277165554218404,-0.23914571415941868,-1.620514145556154,-4.898064059911684
0.45319754576473703,2.3622457075131695,-0.09432137922621757,-0.9444514606140952,2.913959372789528
-0.1529872997469643,-0.6542971285005353,-1.3675058241655758,-0.6219952391632446,1.8680894448923961
2.391513042564041,0.4544133805537522,-0.7714333527265287,-2.169604123185617,-4.736473593311799
-0.6335513266957256,-1.8772700519767942,-0.17054438239750513,1.3127230968715984,-2.6267176029589034
-1.002032801808674,1.7467098824115845,0.21557209414733175,2.4558741411500185,-0.5316593651401822
-1.479955783916426,-0.9346949484527324,2.4046493274369,1.3821682304254133,2.163785713762253
0.0010853987443549262,1.6599992603156049,1.7695273121211026,-0.5313425290173638,3.184554379682873
0.5047442317949229,1.5748358064439223,-1.515562852449451,0.13544854480888824,-1.2290225539970219
0.8212579461686259,0.6560526210569685,1.8531832277733316,-1.1404285747122906,0.011768721294911355
-1.9521987320806269,-0.6420219325500381,0.08952310327293742,3.196396312365236,-0.5082764005664682
1.5432642693766816,1.9609672288846363,0.8728046141609725,-0.3502608786736442,-4.411163505210606
2.1569469921261106,0.4491831106618088,-2.0113921752095654,-1.8145684715677428,-4.6420652019104285
-0.33047125343875705,-2.3532127345529545,-1.9304171513355697,0.2875813228831861,-1.6007126637242566
-1.520284362752324,-1.390424037846783,-0.7103386623053282,1.2052819912852037,2.410183934866145
1.0746048894195817,-1.011932497539064,-1.6342394369220106,-1.8489648446145084,-0.8279377154206427
-1.0065712903866757,0.7673636901607505,-0.26674637192429784,1.2599207379164927,1.9538735872247286
-1.1447488317319543,1.5953931784387894,-0.7894918571407952,0.8435179974678901,4.641558167119451
-1.3024449539651173,0.7082486222057982,0.6232354054942164,2.0455058732963285,1.0480352519345288
-0.939891328195633,-1.4376168846264419,-0.603377874446341,-0.11843248408684338,3.3983083561769396
-0.1294491372921186,1.7303458825828235,1.0184506109682492,0.3178877876632493,1.434220702587003
-1.769535298746316,-1.570355380240866,-0.28233281973711655,1.4797416629903377,2.632100439609038
0.7605625305497586,-1.56721905795843,-0.5525622519549428,-2.4627826595255655,1.8858523694232174
-1.0976949729041863,0.9879311615681728,-0.8072431977120351,0.6889526147911283,4.254061685309364
0.13703263459867374,1.0909298253575876,-0.8263569388325002,-0.9159332098072395,3.0725724704602753
-2.3000018470848334,-1.029665937610055,-0.13660177278815405,2.526235528157535,2.6968269324506866
0.0715534406189319,1.515270055732425,-0.5904215419832259,-0.5581575712502018,2.780018407751445
-0.337735788704959,-2.0132801181356976,-2.3179269731839103,0.3326301404727965,-1.3557344462300125
0.021111812390906093,-0.49663814593663175,1.484805343221708,1.4162290196686544,-4.674955878680421
-0.8196492839511833,1.3277170115164767,-1.3388252746648686,-0.308015715940789,6.134408197451845
1.9687413255755504,-1.108365756105433,-0.009501961249349655,-1.0812564843614658,-7.4107555325393815
0.3938337912725515,-0.48435630609621566,-1.8917673529827261,-0.5265749977307393,-0.8518150342358205
0.43855982826506135,2.0078751571477897,-0.7170272196827796,-0.9460327031081519,2.6341449743742085
-3.160680162657865,-0.46573588979133607,-0.018247436062790334,2.6256073202995287,7.090789329576102
-1.1305438337349576,-1.4302060087096298,-0.5660604727596505,1.3428217902900885,0.11051892470429947
0.9869857079489428,0.6295624912072255,-2.1378620823097534,-1.4487879736385938,0.08047170299435047
-2.0305759815847773,0.12725725285617567,1.19513257677385,2.1031973705272833,3.7831777602684347
-0.5524157298057464,1.6500562828193834,1.3655030326018374,1.245068742381713,0.7073624399386047
-1.359745005379529,-0.9403819825955687,-2.308441258090707,0.22144784950459712,4.924937763290793
2.176511898133093,1.1073774745551725,0.6022018174902865,-0.6567503646744149,-7.410820337704295
0.18794280397854016,2.00619506530089,1.7863046255223867,-0.5241528000257186,2.616420092713785
-1.59646614900501,1.2981061464446513,-0.7373730383142886,1.48266561170739,4.6644543805311045
2.0844712056484216,-0.7089500661289911,0.43029416254196917,-1.9444900555399354,-5.079541795969495
1.3648562523566448,-1.0304570736111278,-0.9625677513831615,-0.578861779722341,-5.891218974933428
-1.2802476852470253,2.146180322015184,-0.8985404617265776,0.15283831311863297,7.828838692734875
-1.013678080638153,-0.8179134514260391,-2.00838008623481,-0.4067311986443798,5.200908944426821
-2.016047906113843,-0.9434562443533561,-0.24264166584082236,1.3483456101987956,4.816218472368428
-1.2431743257692969,1.386589925608216,-0.7776791517582005,1.2697372835297585,3.676373033530033
-1.400159534902358,1.3043411017222,0.6335793873137238,1.1727294694806911,4.624180988195313
2.7574981714811737,0.25239080484589266,-1.3661656085727838,-2.5930335966356584,-5.4697289420639565
-2.121017529234834,0.5458731458497923,1.0035347702754096,2.4762569611995544,3.5602770270408683
-1.8795090277375488,2.2580426843136014,-0.4157767639390342,1.4022208046614935,7.209623266632651
2.2009046132509216,0.005434044079527696,-0.997017518935157,-1.1521875489586457,-7.203046258329717
0.9732804837281374,-0.7719288165280839,-1.2699991711872403,-0.09942815066597605,-5.140309844220174
0.5470100541385838,-1.7509785743969026,-0.09826823988063622,-0.7736622106361403,-2.139621513538689
1.1833108546315538,0.4623398736645443,1.6977983001204577,-1.5593918687876906,-0.7072294880857857
-1.563909940162441,-0.012916611113816312,-0.9693059182673479,1.495827940340083,3.159839525124292
-1.2368112634475454,0.5445006142074302,-0.08356099766026204,0.28423151243451905,5.6411440493641525
2.254425459009399,1.132793928356314,-0.9221823004407598,-2.3016965804108103,-3.0221856810725427
-0.4089533842519639,-2.003001814459107,-0.32051788845927487,0.898400410790366,-2.6337277625015667
2.3665886797494657,-0.20096873567721632,-0.24299099953551756,-2.2140709075852802,-5.144636144704872
-0.21786386177460298,2.252534465947796,-0.877954873917844,-0.44516374039577233,4.576086567045918
0.11558773870062589,-0.3234261119200075,-0.9121801057573846,-1.9240241385169032,4.663089342746112
-2.1459761679634597,-0.04384781871957766,2.36792938462411,1.5248680734533508,5.828986738651822
1.6942819836046736,-1.3549273136002742,-1.644166466355398,-1.778931282289231,-4.336117122286819
1.5024561813905475,-0.5753952594635372,0.9025968541408739,-1.0294646831301393,-4.796922976934956
-0.21596024992080173,2.004685489972625,1.8085015307293928,-0.27779104921758757,3.8372643348199063
-0.4198027973062266,2.3520317651106706,0.7795648264174664,0.6915886127822831,2.3686076488969583
2.0362889273121545,-0.6615042924420295,0.07331344621823384,-1.7017932910086364,-5.500397022217214
0.24758584489467,-2.0017517858833833,-1.283464639724207,0.6695380018353103,-5.11342497744199
-1.0741453497649778,2.024546765970938,-1.3226712061331076,0.11677839245680346,6.8253543140464705
0.2723811947102603,-1.5479063898259555,-1.2826236006171698,0.11502508864631174,-3.181707414448333
-0.09369072653248504,1.065387734114712,-2.069307129370142,-0.0767523162646696,1.7344276809228203
2.4198009773958393,-0.13420718852353242,0.1962468687177163,-2.863121257833093,-3.4637290241787055
0.6788628980541249,1.4236273388555476,1.5255460535153573,-0.4605154294079406,-0.4971473205871557
0.6541231838983592,-2.2386067899652384,-0.7188187169349917,-0.35999996530328454,-4.330451795660884
-1.784457514355646,-1.7260694939834833,-0.0018139127926944665,2.005740974178982,1.0333879182413583
1.2518936928665414,1.832081725341542,-0.8589722399868973,-1.8010686897370567,1.0303128659962888
1.3319214190191397,1.1426603577314316,1.2043487951971559,-1.0745702303860905,-2.13343860000246
-0.3729118569023933,-0.8994780889598106,-1.5073151382074406,-0.6597844729132889,2.7834762038490624
0.059487130995648896,0.7956733604140217,-1.7272756070794035,-1.9410822059459252,6.099596043818932
2.349915423614427,1.1617151506319774,-0.8961167601150458,-1.697091853653001,-5.190606949443787
1.9652964478668178,-0.31322983487211026,-0.6139913528561687,-1.7811463525418423,-4.5841475851826905
-2.0996531960191307,-0.5663989698296212,1.791817041213081,2.423391414232605,2.4980326681532015
2.156975514833625,1.0032386226348937,-1.6835347966715073,-1.682379943591553,-4.468719559326681
-1.9608837809587671,0.020887136613354285,0.24843149117962016,2.8160463615419666,1.2912034735601805
-1.2219989613440931,0.5469346240904699,0.020860166333233343,0.13980930829269642,5.988533864010022
0.7918250494113692,0.7295829205780461,-0.6709637421886168,-0.3123346371513484,-2.1580397817676946
-2.613382608969181,-0.38304226207421205,0.860610146412863,2.3740688591267225,5.280260175531031
-1.5837237825434523,0.8824426680430947,0.5093475751410127,2.1137748587111562,2.3708751815866855
0.6691196266059334,0.8538453267719063,1.7774176859169195,-0.544209157074987,-0.7793769650226082
-0.9546384871752539,0.18024030190703638,-1.532654346983893,0.4861335078500362,3.3461348681003633
-2.2213131913547333,-0.609478729643846,-0.18791891122029164,2.078282008403039,4.030359185572723
-1.1728312904506826,-0.05313149162286468,2.097384295951014,1.2246142456169262,2.030151774979121
0.19719169303722459,0.3153265341002563,-2.2703913910469913,-1.167529120756631,2.7336130021128002
-0.7070481079621622,0.4526832679998245,1.4537516257133691,0.946569586572962,1.1088916490438194
1.036589627842639,0.989551120485864,1.2471083521048996,-0.3460112485375063,-2.971683109975777
0.2686760227656064,1.6764266122346299,-0.2105570907871554,-1.1772222635112541,3.780751699874353
2.2493888881943964,0.0027006993393741408,0.6781568424747144,-1.3751580414305589,-6.795715216597116
-1.331348214220912,0.046689770768990446,-0.8836793223262427,0.7584467030489042,4.23017348968793
-1.5390070192060004,1.7518644540350194,1.1822389506137532,1.429621505311284,4.99613402012374
0.36330468482044903,1.565722670865164,1.2329306231818138,-0.7561919822904173,2.005338943028375
-0.029986526846923378,-2.0410535491951,-1.6104831308522345,0.8645751381636713,-4.386774778649505
1.3935910964730294,1.083686039751434,1.8873562596793918,-0.47734769264163746,-4.206759096135852
-2.1520071412409343,0.1427601691750538,0.3800042077336531,2.3110407910558277,3.7810301268205584
0.7941636750583626,-1.569681315559312,-0.8647322002484475,-1.8652864156656872,0.00249146014066981
1.2394614667659234,-1.0967766675099124,-1.210524138090264,-2.2566347212691498,-0.5275055172632636
-0.6629188559560484,0.26706939299189103,1.9184299572089791,1.3488436177431489,-0.4459219937904396
-1.5339936953488953,-0.3038924577013029,1.1714752422750139,2.344214052730207,0.28327073071644193
1.2832942329255772,-1.6152710295997181,-0.8574281635202043,-1.1673577348623703,-4.391677214340433
-0.4073609022747754,-2.1578484174929535,-0.1441920509466968,1.0837354130266785,-3.3297735268671707
0.7972925012820494,0.24689809844236488,-0.6991576111177847,0.718603178173945,-5.634963206455605
-1.9073614223710995,-1.3313148954012477,0.6050898254275474,2.330060336393542,1.0821986630863876
-1.2764130567485803,1.3625138790932334,-0.7287051577741223,1.0071495592275403,4.567253982250944
0.5472971944788779,2.5358562529165933,0.03268148432346828,-0.8959151311471512,2.4978087336205657
1.2838725192466514,1.3877000069663556,0.35900816139664543,-0.41334053738348525,-3.562302640440375
0.8675817320257735,1.8365088802872354,0.5376133541362687,0.28198246420578826,-3.1244651742975913
-1.1345697817536375,-0.4796051746231077,1.9396323988895168,0.38487942189693136,3.8383091065126416
-0.7735652961410899,0.7039619575179731,-0.9437140041252081,2.114206987446358,-1.6833683223170475
1.3275053477166054,-0.8450836140810349,-0.7609472403136157,-2.7517196293614417,0.7284841849659607
-1.28584700727293,0.29165104217427223,-0.13641565189837684,1.8920404717062365,0.9938893225509959
-1.7261401101084481,-0.30818870167553714,0.08059391557458946,2.592435779806526,0.4832640680306908
1.7737635753481718,-0.9287727160353559,-0.6545664535272313,0.28231085147781926,-10.224434976513784
-0.11923766004746383,-0.28922819941220873,-0.4850870709719295,2.0543698453624444,-5.633556137080469
-0.28698762471442907,0.815849693760524,1.135229586504383,1.7142329091795245,-2.746966186262677
-0.7313298540116858,-1.074869925773478,1.8875793546365054,0.8150643086145624,0.0760703504195348
2.127561149489452,0.886232340323132,-1.207833511952169,-1.8945051589562703,-3.834341161677684
-2.0230851078868852,-0.07456281831184136,-0.7669966010868521,1.7620440125845938,4.527720639215464
1.8866715131132041,0.2474871638268713,0.22918601233869246,-1.9366537315356216,-3.199704165490637
2.4042802817568005,0.5296175326556671,0.07000413835457203,-1.6520958209292411,-6.212244682147014
0.8447381502452092,-0.17991913797165635,1.8452695297996031,-0.5500887629915316,-2.6360955810138207
1.6029228365446049,-0.6586717194052225,-0.967037635206044,-1.9645404162006577,-2.668571182117183
-0.8758212065931843,1.333957718707955,-2.242482354305769,-0.21740102414312884,6.148405126681454
-0.38723905590304714,0.40057499244313116,2.098483732670017,0.22657073627780802,1.6002132950646109
1.5362787867653007,-0.3363821846936024,-1.6669815335768958,-1.1548409752039912,-4.358702932971532
-0.7911209917166758,-0.5469989705016975,-1.5689919146781557,0.23871688094466836,2.5492036498631645
-1.6168702389209748,-0.9374507775887574,1.3870670781093895,2.594739905088633,-0.6752061213021465
-0.4896717572186565,0.9531889565753784,-0.6709309251989721,0.994769435906421,0.43104383910338206
1.6957443875403415,0.5266114910445465,-1.186169398689625,-2.5471652972148835,-0.24981078751557217
-1.2903396610267068,-1.95095617353372,-0.6984581181249823,1.0455816392637898,1.2097400692571507
1.9917138880197056,-0.6899638522404401,-0.05576885435761164,-1.857150498719312,-4.86840343084058
-0.8066719023949491,-1.6056914634157788,-1.6318576009346604,0.4716710128064428,0.8942024677512812
0.703566716716316,1.0120996455693443,1.7690391533719312,-1.320623235909278,1.4494488096054294
2.2664525692972246,0.556878663510901,-0.5897766054772459,-1.811026478702759,-5.0682688536067095
-0.09416245626548037,0.550240692926851,2.252981331237665,0.4156124130188547,-0.19599142444225826
-0.4758966154706569,-2.7424323108954383,0.29616802231163936,1.3686130418978155,-4.406759299488386
0.4142014687728518,-2.1060135709349592,-0.6513872701826098,-0.35175643123692857,-3.0741853109443054
-0.5819739392236364,-0.3888103343962877,-1.8016216268483958,1.0706088593223444,-0.6878708325637048
-1.1709868521089886,2.3578775233796163,0.019646729270091534,0.5978620622282257,6.236772199016269
-0.24887224388892748,-1.421773515470608,-1.7691538947278582,0.6155375164359312,-2.003706788482738
1.4176161901984363,-1.1633859658475556,-0.7607443968710353,-1.4580536948413396,-3.745256670756984
1.7965350297228633,0.9704642752512832,-0.8216076859735858,-2.270442444258855,-1.0846719775463423
-1.1408433836576999,-1.4724171501464007,2.3045237464415087,1.0837925612956956,0.863314984619183
-2.1686194544412243,1.1074102307359652,1.247620127308561,1.5962257957826356,6.883094174678297
-0.33642484310574977,-0.7428598749653066,2.2674201601717914,0.4850033747503354,-0.5302693383434933
2.0973040841077752,0.3758904240315214,0.83599609304503,-0.32799844986200205,-8.70998575389355
1.9450568040330822,-0.15063047958725245,-1.347004001924461,-1.832085622061942,-4.17809854555261
2.738680892434486,0.8922392786932245,-0.17203368697350446,-2.187650511744608,-5.906994474175088
-1.129265112097041,1.4130577518405334,-0.6765472042587963,0.9865095520306734,3.973497484628359
-1.6661709466143881,0.22019940228162643,-0.8435372795198278,-0.18467025498696882,8.720199187800624
2.2968924840850735,0.05092268166947522,0.35155463287708916,-1.8847602106859285,-5.507520398213294
2.4442877012262385,0.18423813690197025,-0.41113717153024376,-2.129827396446005,-5.373557460707334
-0.9981620573322191,-0.09137214093843032,1.0472105407058003,3.129272813741174,-4.326981397501557
-1.8789794185494675,-0.8761494515244416,1.1003189209328634,1.8742567397634307,2.7138972547674567
2.17496841421282,1.4686689917686473,-1.6648295776254385,-1.5177157845817006,-4.563410268338156
0.4462069097329538,-2.1956741831564357,-1.1202221786310997,-0.3483955531325589,-3.326585441802245
0.030854494292979706,-2.460104212852891,-0.14111718207938762,-0.49301459215816434,-1.188264341277528
-0.5431125658477017,1.2474547652511507,1.180028514097482,0.2753834471138946,3.052012974966784
1.0567642433678663,1.96786558912333,0.7943965116635001,-0.24501751665479962,-2.3806151486027955
1.9791654158285639,0.20299092803947028,-0.8697398079987714,-1.3152317827924709,-5.475631587926224
-1.376348140978088,0.48518892299575056,0.5426842422048732,2.2292508123382064,0.6494062630557481
1.43486422706326,-0.256945905331986,-0.17011057137755775,-2.1294873855673524,-0.9882327202743205
-1.1839333742741844,0.19781735272308965,0.6672799998687224,1.971182568473687,0.18481006180014445
-0.6136923556747702,-1.4452108327115676,-0.09564793264388408,2.0730054515653578,-4.478500706376363
-1.807306649963972,1.636353881172501,0.49673621715869665,1.5072091214329657,5.94036881980662
0.7749990184431993,1.1731278535329948,-0.7272585901072037,0.4394774371984186,-3.798507950484848
1.3217046608931329,0.7724709190053878,-0.8948406996783547,-2.1144450459405912,0.539053549704918
-1.8306697885657681,0.07005353075257986,0.23126728423591347,2.4829891827549657,1.6765101745669753
1.7990881695554795,0.1516095923683288,1.1081765308033134,-1.3663979159824988,-4.518499441444341
1.7344074192799046,-0.3995827709775192,-0.005439843163155045,-1.0291098918869106,-5.731420332628562
1.3640856368524588,1.578756225692433,0.09757594847362687,-1.0781701622100113,-1.8408012750557838
-2.2077827324679755,0.19887995202827735,1.464560339901396,1.4954525421755742,6.45198741370986
1.8389837222417538,0.6916219401480391,-1.9986024466670034,-2.031760814961154,-2.253691084304092
-1.035103601782385,0.5146158688186733,1.7494787021734055,2.1953150283620344,-0.8554399140357478
1.4658105628018694,-0.03429200902415375,1.7107915560012588,-0.45542633699300944,-5.733233041944562
