Run,Equation_Index,Hybrid_MSE_Train,Hybrid_AIC_Train,Hybrid_BIC_Train,Hybrid_MDL_Train,Hybrid_PSM_Train,Extrapolation_Divergence,Sensitivity_Interpolation,Sensitivity_Extrapolation,Lambda1,Lambda2,Lambda3,Complexity,MSE_Test_Interpolation,MSE_Test_Extrapolation
1,0,1.0,0.6569735481524963,0.6549622960425902,0.15112994132297058,0.0,0.0,0.0,0.0,0.7,0.2,0.5,1,14.061850930098686,14.780191390625005
1,1,0.5862004353135383,0.581276603309472,0.5786523021726775,0.15702947981631848,0.14714578444146345,0.04113508959756933,9.217545798124e-05,9.483608635362e-05,0.7,0.2,0.5,3,7.898982553953981,9.7677933474913
1,2,1.385577444814854,2.202739101565077,2.202739101565077,1.4557668603812506,1.6312999672565338,1.0,0.01369550782538521,1.0,0.7,0.2,0.5,4,6.471265882615239,2.1589239291196177e+21
1,3,0.25757250178479374,0.3013036488122418,0.29576139590149586,0.25104032846885105,0.9512105767443143,0.34888922906041925,0.00134958483388042,0.00412261531310423,0.7,0.2,0.5,5,1.2697155061113918,17.103815407599775
1,4,1.2091489814632448,1.2364781656530979,1.2366759782668635,1.207681792979979,1.2548436188433603,1.0,0.013695507825385232,1.0,0.7,0.2,0.5,6,1.899484365537367,2.1589239291700325e+21
1,5,1.4040191843555196,1.4153653805797557,1.409592220981794,1.4,1.429805251420961,1.0,1.0,1.0,0.7,0.2,0.5,7,1.5565957687287657,0.7459879245740602
1,6,1.4039729830005023,1.4151006959001369,1.4093259687889763,1.4003721595491345,1.40059804801056,1.0,1.0,1.0,0.7,0.2,0.5,8,1.588948300194319,0.7336460295386275
1,7,1.403947514480981,1.4200448162111288,1.4201623383214212,1.4065083328997157,1.4003296462102073,1.0,1.0,1.0,0.7,0.2,0.5,9,1.584524825069246,0.735023557978837
1,8,0.3121336657910756,0.3280826688670457,0.3281991436571902,0.332890306695614,0.30835295460604684,0.34788901288065555,0.02303841205469265,0.12017508161566459,0.7,0.2,0.5,12,1.5846657069387706,0.7458614807413861
1,9,0.29834221210128736,0.31937922939365954,0.32538884276847235,0.31852551323335315,0.2944282252552754,0.3329169694108372,0.020243051065188162,0.11467199256712471,0.7,0.2,0.5,15,1.587859697534458,0.8832243163231733
1,10,0.30778505474354917,0.32882197120448964,0.3348315730842861,0.34526072049721346,0.3038694052483796,0.3414135722369525,0.020303164887380938,0.12163841970042352,0.7,0.2,0.5,19,1.5869020784205787,0.8789828798994721
1,13,0.2754809937826952,0.31178751002665034,0.3354764520087784,0.3953244137717217,0.27156531326393024,0.3415097884645131,0.01015781834829462,0.06095377334537574,0.7,0.2,0.5,35,1.5873799272227929,0.93091318116239
2,0,0.9584187915834251,0.6493066239981709,0.6472504283752291,0.14912440134636987,0.0,0.0,0.0,0.0,0.7,0.2,0.5,1,17.005309364167353,12.965368947062093
2,1,0.551336035825861,0.5622544148445275,0.5595856332941531,0.14360357738704568,0.13560570125965682,0.02479068642297599,9.036738947553e-05,9.38453115645e-05,0.7,0.2,0.5,3,9.47668444600879,8.538677747940186
2,2,0.10176761838078376,0.22879283814274878,0.22395616084746087,0.08625139069803224,0.891875913622336,0.0681440889963886,0.0049710963009909,0.010024283618174621,0.7,0.2,0.5,4,0.387789229011328,2.172699515862156
2,3,0.1760031025514729,0.2583140465431148,0.25307874099306266,0.16922990868041154,0.3034742029526976,0.2140274805760225,0.00132311204071659,0.00225684257543039,0.7,0.2,0.5,5,0.2538126195921658,15.470234111222002
2,4,0.07598897528665936,0.1621944129435945,0.16284241864642823,0.0728442218386398,0.055435779169057606,0.06719480398493018,0.0038376100862936397,0.00773859317778801,0.7,0.2,0.5,6,0.2647120919860585,1.9623321321072609
2,5,0.09114544306055174,0.18244026203432337,0.18898142689392292,0.1087922454122536,0.06683011417442992,0.0917081544271159,0.00196254423707565,0.00448322743117047,0.7,0.2,0.5,11,0.2646527489347187,6.990257397182312
2,6,0.09202443910677092,0.18331747891219935,0.1898586204002797,0.122455189549232,0.06771141619053969,0.0929164318650346,0.00198022254386347,0.00454397205543316,0.7,0.2,0.5,14,0.2645499978082701,5.885910232110393
2,7,0.07597389007047375,0.17235605124869774,0.18479027944520837,0.10959725844069912,0.051661789649881225,0.06717032037466147,0.00384064719071682,0.0077438799644324995,0.7,0.2,0.5,15,0.2642102751814066,1.963914175072976
2,8,0.07596801035674118,0.17743984480782832,0.1957672278133073,0.12467872029370591,0.05165367249097433,0.0671604114982838,0.00384173121069155,0.0077457295960059805,0.7,0.2,0.5,19,0.2639942403132339,1.9644059301676504
2,9,0.07596801088396817,0.1774398453235269,0.1957672283290059,0.1346040453430356,0.05165350568004354,0.06716041240461149,0.0038417310995643396,0.0077457294029953105,0.7,0.2,0.5,24,0.2639946186002013,1.9644074981753112
2,10,0.08627161522140514,0.27427173039271063,0.39278219964510164,0.9071845243720646,0.06195710496233643,0.05600509840445973,0.00354392368982673,0.0440895023756599,0.7,0.2,0.5,156,0.2639941302533483,7.266837311987506
3,0,0.954516002124912,0.6485705085658269,0.64650998566037,0.1489318378210209,0.0,0.0,0.0,0.0,0.7,0.2,0.5,1,17.124237171080672,16.19172409871225
3,1,0.5460707689809392,0.561601507651261,0.558919318926429,0.14464653124668886,0.1390137192053355,0.02714369303423273,9.262747510766001e-05,8.513469385328e-05,0.7,0.2,0.5,3,10.034240020860748,10.70651015045051
3,2,0.07920409328597007,0.29738850000304434,0.2932198403229585,0.07127998638405167,0.7318941742434196,0.0105895477332485,0.00452530365056424,0.00010185903407841999,0.7,0.2,0.5,4,1.0817484268997022,1.9611749032621115
3,3,0.13831958024531602,0.23322723656003472,0.22808798030833397,0.13222097710389885,0.3426195233032249,0.15559368563344483,0.00135620303217138,0.00111402680329395,0.7,0.2,0.5,5,0.9266263629316008,18.610768687914472
3,4,0.02308921201358488,0.09375149369697777,0.09427488724752259,0.023918212645414605,0.0851713917502474,0.00303716951879042,0.011772375652049,8.300119247387169e-06,0.7,0.2,0.5,6,0.6333369081342728,1.288307762206359
3,5,0.0230892120111376,0.10393129132814309,0.11624093634272716,0.04870225999480832,0.004484665139487551,0.00303716951879042,0.011772375652049,8.300119247387211e-06,0.7,0.2,0.5,10,0.6333369164612267,1.2883077778475402
3,6,0.03023132883827416,0.10598345067378054,0.11239997082590449,0.04802964016313672,0.011626921588809397,0.01490004902639796,0.005894300082601301,3.577069020087e-05,0.7,0.2,0.5,11,0.6334078773282438,2.4080323504407706
3,7,0.030040391327669707,0.10572536915407256,0.11214138593210506,0.05368882645872855,0.011560294649602664,0.014648414605821138,0.00593612106584722,3.504118983795e-05,0.7,0.2,0.5,13,0.6257701429711464,2.4641568754176384
3,8,0.02688184415676067,0.11273477590539303,0.13093692758719844,0.07023357160913841,0.008313142737491782,0.01016994963775303,0.00590618139969854,7.851520085020469e-06,0.7,0.2,0.5,17,0.6250224690008999,97312.68356770184
3,9,0.02745188348690371,0.11330396283386027,0.13150611432492226,0.09447263892140785,0.008875272875384399,0.01098785209031131,0.00589320266538966,8.605742240228321e-06,0.7,0.2,0.5,20,0.6248805559439742,265990.02193508146
3,10,0.026676626164359393,0.11761844462588053,0.14171369885892962,0.08791433810466948,0.008099823802981248,0.009887405640425919,0.005870814620634849,7.817937011294425e-06,0.7,0.2,0.5,21,0.6237890825146154,89962.97179705121
3,11,0.025910326888260508,0.11685201669072774,0.14094727266289583,0.10080807082863366,0.007333116708377162,0.00876619628976861,0.0059695128628549496,5.48652350744402e-06,0.7,0.2,0.5,23,0.6240507519334022,91118.53710257803
3,12,0.03010146670339048,0.12613312496909562,0.15612153140243504,0.11014344098903653,0.01152413207313988,0.01474262949237778,0.00593456826690575,3.4721472420300005e-05,0.7,0.2,0.5,24,0.6244483773591478,2.4015929027791025
3,13,0.02941569881277491,0.12544728908991779,0.15543569639281646,0.13860061232976698,0.010838368991403183,0.01377096704650467,0.00591073784414924,3.306463877403e-05,0.7,0.2,0.5,31,0.6242564406336273,2.3157987774756186
3,14,0.030015063622097275,0.13113655407614025,0.1670180615123476,0.14971794780877667,0.011437730090946799,0.01461743161588859,0.00594040036781467,3.4881573449930005e-05,0.7,0.2,0.5,35,0.6242057583774504,2.456185683236124
4,0,0.9713348975672607,0.651722182362463,0.6496801300271163,0.1497566167953413,0.0,0.0,0.0,0.0,0.7,0.2,0.5,1,16.010931742318892,15.921185729160998
4,1,0.5607818702225923,0.568909555767189,0.5662488710518523,0.14924805358208257,0.14207605591142092,0.03232493985503887,9.217545798124e-05,0.00011773346832705,0.7,0.2,0.5,3,9.062169371664528,9.7682165853421
4,2,0.08228208912451804,0.19363208574663104,0.19449338195666388,0.08908922154176452,0.9629814059020537,0.06238926048236552,0.00237517564322474,0.00516991884058021,0.7,0.2,0.5,4,1.1157423382280975,2.974445174419935
4,3,0.06273070800246583,0.12882040687577817,0.13516190076032802,0.08031826854219884,0.1263090479409728,0.06368208540034012,0.00203996003507586,0.0045554910597329305,0.7,0.2,0.5,6,0.8359675287830125,2.7152111957968863
4,4,0.17664644822713382,0.24110643465685394,0.2474354293275385,0.18952747481643592,0.16409186920376426,0.19099853527880145,0.02151661497057094,0.04735669167530655,0.7,0.2,0.5,8,0.8279273009339642,1.286177140743708
4,5,0.17664644824156275,0.2461963334724367,0.25841842827642997,0.20812401718442156,0.1616806527539963,0.19099853527880156,0.021516614970571,0.04735669167530655,0.7,0.2,0.5,10,0.8279273153711684,1.2861771127615005
4,6,0.17748605462939707,0.24702683870076353,0.25924886175766637,0.21202910168604308,0.1625319554902612,0.1918929781792991,0.02160412432029886,0.04775424403323946,0.7,0.2,0.5,13,0.8258022590017692,1.292408838336097
4,7,0.1768753264514309,0.2514849765456855,0.2695999847464356,0.21448319703697408,0.16198083216788428,0.19138122567993607,0.0215033442396629,0.04730239726779101,0.7,0.2,0.5,14,0.827665978360954,1.2834517966125687
4,8,0.17687532528515656,0.25657487536126816,0.28058298369532686,0.23208638393557932,0.1619187685265435,0.19138122567993607,0.0215033442396629,0.047302397267790966,0.7,0.2,0.5,16,0.8276713980595592,1.283441507387469
4,9,0.16472800281351727,0.23933769547377803,0.2574527160391038,0.25301871920060764,0.1497714117057108,0.19373375704633436,0.0108259442601374,0.02398517353713624,0.7,0.2,0.5,27,0.8276792077155649,1.3554339696455904
5,0,0.9600352488132731,0.6496106851838246,0.64755628177392,0.1492039301076231,0.0,0.0,0.0,0.0,0.7,0.2,0.5,1,16.553824095497053,13.883579227076
5,1,0.5502978966666495,0.5628854446232732,0.5602118580150033,0.1448447875742079,0.13834116538912325,0.02685230972340107,9.127142372838001e-05,0.00012137524299084,0.7,0.2,0.5,3,9.53372856275459,8.785878009983275
5,2,0.10934570310642527,0.22072959177067591,0.21574507466674864,0.09677848200975425,0.9632967616242523,0.08752398213534004,0.00527111630531344,0.01707527619179427,0.7,0.2,0.5,4,0.9642237305663824,2.171974127425369
5,3,0.08250762327345995,0.14360631223235124,0.1382016510942477,0.075844113269287,0.22685625511901417,0.09164169943038183,0.00133634843729851,0.00194935158723319,0.7,0.2,0.5,5,0.6969732782077791,15.802799249372196
5,5,0.08799770803703502,0.1592178347573904,0.1655989600315788,0.1216998873927151,0.07091663881405595,0.09080442146614304,0.00589105984839014,0.01231781601969233,0.7,0.2,0.5,13,0.7024354581093665,1.3252989796062964
5,6,0.08421613674183388,0.15543330027679925,0.161814405466963,0.13172195532990624,0.06712258739721466,0.09064372637733904,0.00294580017006174,0.00615966828909697,0.7,0.2,0.5,16,0.7008182926316868,6.599675955789483
5,7,0.08453549049546932,0.16084243852925698,0.17311664559184825,0.13887133176484523,0.06743917039962649,0.09108975166785817,0.00294869023108198,0.0061728663944816,0.7,0.2,0.5,18,0.7015009051498681,1.3107453257659476
5,8,0.08450438501361049,0.15572131341451553,0.16210242208291709,0.14225523218972108,0.06740827828483587,0.09104451140636428,0.00294881700357775,0.00617401011602685,0.7,0.2,0.5,19,0.701387694656558,1.6112764346467272
5,9,0.08457804078065666,0.15579491930491324,0.1621760288428743,0.1491589175966466,0.06748173900797332,0.09112846634323943,0.00295267124784578,0.00620229861887462,0.7,0.2,0.5,21,0.7012271712169494,1.6049445914065528
5,10,0.056333308765486215,0.1479098201453628,0.1778633937785562,0.20115775213445333,0.0392368779790802,0.05304563659161189,0.00083140170097137,0.0038773015804483705,0.7,0.2,0.5,40,0.701206835043016,5.725783855353221e+17
5,11,0.05631634389214664,0.14789285214082737,0.17784642577402077,0.20868514887435846,0.03921992633211383,0.05301197005215376,0.00083219959793429,0.0038901795678337402,0.7,0.2,0.5,42,0.7012215571230345,5.72527524043324e+17
6,0,0.9752329770488832,0.6524452499584878,0.6504074662019579,0.14994675891023285,0.0,0.0,0.0,0.0,0.7,0.2,0.5,1,15.588867891810729,14.13885891286336
6,1,0.6702564678718794,0.6058143753306856,0.6033582349171465,0.16054549060710563,0.10840647623680529,0.03518868746116345,9.081940660196e-05,0.00013573310429306,0.7,0.2,0.5,3,8.251799318805794,15.661029135119517
6,2,0.14815171769927327,0.265783482112172,0.260855423085007,0.13475523335640166,1.055994894198055,0.1308843482537735,0.00500660835124086,0.027326207077560737,0.7,0.2,0.5,4,0.6995171920841357,2.133145685319513
6,3,0.07891940764706915,0.169797928209885,0.17633567116131252,0.09658128072402077,0.1157181578063673,0.07350665814634386,0.00193965625639615,0.00585277584529127,0.7,0.2,0.5,6,0.379174477298758,2.7351736166229577
6,4,0.07673661326959134,0.15722596898492325,0.15197575063182145,0.09147774194020812,0.05332875736141138,0.07287310880229814,0.0009700564266909399,0.00292723001222308,0.7,0.2,0.5,7,0.3822699894857334,5.739332404655791
6,5,1.316521049014523,1.3993763290157584,1.399997032496211,1.3296072749972625,1.3020758354622766,1.0,0.46756742848253385,1.0,0.7,0.2,0.5,8,0.3575600922010684,0.8189360468737332
6,6,1.227445725272874,1.3046115491006314,1.299334277168736,1.2460817197689598,1.206542924933528,1.0,0.023337652658482318,1.0,0.7,0.2,0.5,9,0.3553511878042008,4.762578279342217e+42
6,7,1.227445282315343,1.3096998557695203,1.3103156889975471,1.2591406382514285,1.204668721175603,1.0,0.023337652658482318,1.0,0.7,0.2,0.5,12,0.3554270968389211,4.762578279342217e+42
6,8,1.2274198270368744,1.3096253956023487,1.3102408219100967,1.256871575084578,1.2048138613742094,1.0,0.02330378007715447,1.0,0.7,0.2,0.5,13,0.3580557806701786,4.762578279342217e+42
6,9,1.2273789397059165,1.3095682860605429,1.310183592054886,1.267491105364872,1.2046767805613081,1.0,0.02313026512937747,1.0,0.7,0.2,0.5,14,0.3620001629618962,1.3656753858427917e+48
6,10,1.2276914162580221,1.314967080292053,1.3214755032386643,1.2911514684462146,1.2049454103592696,1.0,0.02469940106634471,1.0,0.7,0.2,0.5,16,0.359052252708989,1.9128811957361374e+52
6,11,1.2276913118106103,1.3149669761520295,1.321475412332776,1.3004752064426,1.204939971421775,1.0,0.02469907453045795,1.0,0.7,0.2,0.5,18,0.3590565167741051,1.912833613976528e+52
6,12,1.2276898074278608,1.3200539952316492,1.3324555144518448,1.3026219197855413,1.2049431891397329,1.0,0.02469418989795999,1.0,0.7,0.2,0.5,19,0.3591162941605126,1.9146132108562929e+52
7,0,0.968311345472117,0.651159572086888,0.6491142193236631,0.14960934008828852,0.0,0.0,0.0,0.0,0.7,0.2,0.5,1,16.0015595457213,15.089439052300252
7,1,0.5584933926342861,0.5663706586798799,0.5637106496965915,0.14661994991376007,0.1386397923038245,0.028519273510103686,9.172344085481e-05,0.00012294005832886,0.7,0.2,0.5,3,9.089549670179611,10.020835996063688
7,2,0.09445081172766745,0.2305508343680126,0.23165056803376943,0.09591457824937023,0.8662557414765676,0.056598378980048235,0.0024684867844969602,0.00575055028070127,0.7,0.2,0.5,4,0.8471707608937986,3.3098141931744496
7,3,0.047265312657815216,0.14949602781913007,0.15027258497605367,0.06024764486442574,0.14689034903840947,0.02378416756429142,0.00050967083891387,0.0006079362409736201,0.7,0.2,0.5,5,0.6253215529693011,2.762462791751989
7,4,0.06475682643056022,0.14177928985201482,0.14235303453908868,0.07515331460129265,0.11703994791818648,0.05890480791682841,0.00189131155963224,0.00462150716121124,0.7,0.2,0.5,6,0.4806730345472986,2.6232824180048606
7,5,0.0594222970297723,0.14151433616368422,0.14798108183741893,0.09002268387821788,0.038607870710626366,0.05317604804916343,0.0009648400256395699,0.0023581078860697097,0.7,0.2,0.5,11,0.476203248277709,3.864409844519863
7,6,1.2216516968565374,1.2985224822925314,1.2990950321148094,1.2618296083026639,1.201006848234912,1.0,0.00436043475428783,1.0,0.7,0.2,0.5,14,0.4742808523947062,3.0197334708927164
8,0,0.9721722125065988,0.6518776690786007,0.649836538151154,0.14979700415966649,0.0,0.0,0.0,0.0,0.7,0.2,0.5,1,16.090896399206503,16.273526217627563
8,1,0.5675979448980137,0.5737819648984321,0.5711267788523012,0.1534229958744905,0.14511093472966144,0.03796304659195041,9.262747510766001e-05,7.957052815273e-05,0.7,0.2,0.5,3,9.10856730987062,10.525205198009164
8,2,0.056130364094721594,0.17599171765551702,0.17108118278651047,0.0427987433511272,0.8878371160869444,0.01765195082244498,0.005447893825781451,0.00011297071054067,0.7,0.2,0.5,4,0.659947069650167,2.092041106718036
8,3,0.038337391534972204,0.12402015949527945,0.11881203846288207,0.031558465321187536,0.12376288533706177,0.01717466167314343,0.00111551599460911,7.455600341038e-05,0.7,0.2,0.5,5,0.3933825287359564,2.183142855904149
8,4,0.035496602389933775,0.11888908735283561,0.1195141600229715,0.03625371852660052,0.023517831383750777,0.01717445073472447,0.001115271723355,7.453967743339e-05,0.7,0.2,0.5,7,0.3676168640426911,2.368018746993706
8,5,0.03464651438809869,0.1176993547060047,0.11832165543299186,0.03800049110253717,0.012626472811346235,0.01632326693353017,0.000533097211561,6.028837622496e-05,0.7,0.2,0.5,8,0.3645052452310186,2.522423310335291
8,6,1.281119179799678,1.3628114164994796,1.363422705571188,1.3128254554674572,1.2628092696295687,1.0,0.2927764109563285,1.0,0.7,0.2,0.5,9,0.3700830321488024,14.63020359635796
8,7,1.3377328408725662,1.42449864432578,1.4310029273210874,1.3725049909016591,1.3152006892020012,1.0,0.5758756712638647,1.0,0.7,0.2,0.5,11,0.3668027038401656,0.7001384417132831
8,8,1.2809886387673641,1.3626394583634616,1.3632504014457814,1.3126954059457745,1.2585187998189558,1.0,0.2922022358599542,1.0,0.7,0.2,0.5,12,0.3687992968354347,14.554968608282891
8,9,1.2810370228922294,1.4034070349301797,1.4511630094673675,1.5977092617310216,1.2584888336093658,1.0,0.29244416607023843,1.0,0.7,0.2,0.5,65,0.3688503230461176,14.58077506850285
9,0,0.9672985039385299,0.6509707667887209,0.6489243280856742,0.1495597989765414,0.0,0.0,0.0,0.0,0.7,0.2,0.5,1,16.14334036568977,15.530347651216086
9,1,0.6546644640765846,0.6017201978258352,0.5992359781457549,0.15998138327732653,0.11257554993740455,0.0362016507253314,9.217545798124e-05,0.00010906092160914,0.7,0.2,0.5,3,9.836494546216278,5.402366874834431
9,2,0.08301235321446832,0.18993079823119904,0.19074780138129235,0.09104154538505096,1.050589303890465,0.06824517465669436,0.00232572550470647,0.00470507305967574,0.7,0.2,0.5,4,1.4255272751677768,2.90038234570903
9,3,0.06321314351279679,0.116976060819453,0.12322408026169199,0.08024699463195695,0.13793012070874086,0.06998322095015526,0.00190581543615643,0.0039868469928296,0.7,0.2,0.5,6,1.0517020112971336,2.6123090923426138
9,4,0.06290810948597317,0.11574466988456222,0.12198573098663935,0.08573963412540173,0.05265160573713207,0.06988156420539018,0.0019265676947634199,0.004023003995139119,0.7,0.2,0.5,8,1.0468770616237677,2.6238866507504075
9,5,0.06542132848574302,0.11253040714996769,0.11287356708887923,0.08711457318425166,0.055841418847192126,0.07538974410219056,0.0009863699909281299,0.00206429099318317,0.7,0.2,0.5,9,1.04204607241733,3.865364936363811
9,6,0.06261975625318111,0.1147618308270851,0.12099772465757777,0.09044083117535928,0.05138005826965806,0.06967605511648671,0.00196978791049788,0.00409806231038458,0.7,0.2,0.5,10,1.0415892439047452,2.6603831677403385
9,7,0.06258524445510238,0.11969096165944854,0.13181901654926026,0.10507174796833531,0.05139799831700265,0.06967605511648674,0.00196978791049788,0.00409806231038458,0.7,0.2,0.5,12,1.042047906101505,2.636524146373666
9,8,0.060697572812223294,0.11271256737129481,0.11894749546878419,0.12685307262254314,0.04932917152403535,0.06879571126959547,0.00093834122660211,0.00196822839814274,0.7,0.2,0.5,18,1.0419726018785949,2.702541769125056
9,9,0.06209541135552467,0.1293797059124476,0.15329397846006598,0.16086021514788293,0.050727018972395746,0.07077674531659357,0.00094550634409245,0.00198780852815977,0.7,0.2,0.5,22,1.0419886807372318,15.859620175171656
9,10,0.06210689323491284,0.1344807321450357,0.16428816124074147,0.17862396900839858,0.05073894434017754,0.0707934994299742,0.00094538824840024,0.0019875868300232,0.7,0.2,0.5,24,1.0420395521785073,11.140242607821952
9,11,0.062091608082156934,0.13955526908188748,0.17525579918046139,0.19288897960267462,0.05072304315882283,0.07077167275381252,0.0009453841053707101,0.00198757740778451,0.7,0.2,0.5,29,1.042043338327952,16.45198718880328
9,12,0.06208302011019176,0.14463655143285464,0.18623022049758334,0.21940688627401336,0.05071449235180952,0.0707602654996343,0.0009450230352890801,0.00198653672812792,0.7,0.2,0.5,32,1.0420513677639858,15.722738775333234
9,13,0.06201325713452785,0.13947692961824926,0.17517745971682316,0.23985387649092105,0.0506446992243935,0.07065923451844272,0.00094548734490306,0.0019882707142128203,0.7,0.2,0.5,41,1.0420503129193783,2.554398690900176
9,14,0.06210948985134969,0.14975295941215647,0.1972397665734806,0.3031931756005848,0.050740932085697056,0.07079529944295354,0.00094577603891503,0.00199012866777667,0.7,0.2,0.5,57,1.0420608870282817,21.37077717247966
10,0,0.9963556652791198,0.6563140887585279,0.6542989822438892,0.15095740231746507,0.0,0.0,0.0,0.0,0.7,0.2,0.5,1,14.397948447150474,15.567958381361
10,1,0.5732337302151658,0.5674752820612609,0.5648532549857808,0.1429422379003163,0.13177386736271,0.02085544258341942,9.217545798124e-05,0.00011014911367146,0.7,0.2,0.5,3,8.009549838666182,10.43656883945157
10,2,0.09577624559359728,0.2086847651522495,0.20370912141701794,0.08369432531259059,0.9697051903335371,0.07098923472538518,0.00538714874347039,0.01306130198739791,0.7,0.2,0.5,4,0.8966252468503845,2.114884372947766
10,3,0.750916908823229,0.8373688189202125,0.8321647154892663,0.7444579961764581,0.8117976451271878,1.0,0.00134958483388042,0.04935298384352585,0.7,0.2,0.5,5,0.7248999093318824,17.97459240077447
10,6,0.04006607811292334,0.11489269428536729,0.11544897343382395,0.05204025647628073,0.023574113572468972,0.0280263355869246,0.00017268979261541,0.0007294968484828701,0.7,0.2,0.5,9,0.5321566410628283,27.71631955306536
10,7,0.12248794533943794,0.2020479119562061,0.20849449787559482,0.15493699688469373,0.10365376785395794,0.12000084099474695,0.011210374123028121,0.03264505049242476,0.7,0.2,0.5,10,0.5483264189856613,1.162853387463519
10,8,0.12078467382178049,0.20527847369066562,0.21761693851688277,0.16735227184154197,0.10107587903048887,0.11827632121911646,0.01091993050248761,0.031878916836651075,0.7,0.2,0.5,13,0.542592155560968,1.2423157175666948
10,9,0.11310565613181062,0.20268780331348332,0.22091939175111464,0.19771809442432584,0.0932388293557472,0.12023183233115722,0.00546700681203934,0.015965426317831898,0.7,0.2,0.5,24,0.5416929511054256,1.5616539221746415
10,10,0.09981057101062493,0.18939275782259465,0.2076243330260907,0.19145038027663297,0.07994332664990998,0.1006494439750045,0.00553076155943834,0.016765099470016278,0.7,0.2,0.5,26,0.5414785015191883,272.675097907986
10,11,0.10021925717097394,0.18980143853965747,0.2080330137431535,0.1953727413202064,0.08035207646953874,0.10122670583571688,0.00553043345440077,0.01677442554115953,0.7,0.2,0.5,27,0.5417261829112624,2.0620747534001787
10,12,0.22743811928222735,0.3322898355342377,0.3682007649437602,0.33274215047438,0.20757142463017675,0.13806574329097482,0.007714138436871849,0.21876415820062894,0.7,0.2,0.5,28,0.5416842474506339,0.7173570450569937
10,13,0.17429335023019865,0.2638752488558832,0.28210682840717666,0.2862103768392835,0.15442629538448227,0.13935874345624166,0.0041823986525188605,0.11207718408255307,0.7,0.2,0.5,31,0.5420119449239668,2.699488405130441
10,14,0.17430002722235308,0.2537021346251387,0.26014746271239286,0.24837144157480473,0.15443288664800314,0.1393691971915032,0.0041820369221929905,0.11207606034615883,0.7,0.2,0.5,33,0.542055759049938,3.356075758376616
10,15,0.17375717124095982,0.2786087710761874,0.3145197022248288,0.33288503867294755,0.15389003344371358,0.13874834145379775,0.00409940524727987,0.11189259579518267,0.7,0.2,0.5,38,0.5419310845543406,3.03029826415132
10,16,0.17369492882071835,0.27854649617458405,0.3144574661560715,0.33282279244587987,0.15382781506525667,0.13867177767414438,0.00409662932877165,0.1118764233165861,0.7,0.2,0.5,40,0.5420167626249509,2.991223805644979
10,17,0.17534949525936575,0.3005606185296226,0.360044079074613,0.4878620446000283,0.15548234858401552,0.14085698737744157,0.0041527986020607,0.11210379387376276,0.7,0.2,0.5,69,0.5421275590027125,7.250652449589985
10,18,0.17550556166122744,0.30071672466937005,0.3602001975789361,0.5221137731448134,0.15563842015405754,0.14104411963536037,0.0041530502735580305,0.11215384265787989,0.7,0.2,0.5,80,0.542102948037504,7.631036757805655
11,0,0.955951174367016,0.6488414841665283,0.6467825607347977,0.14900286742876592,0.0,0.0,0.0,0.0,0.7,0.2,0.5,1,17.733828469257944,12.16349282583689
11,1,0.5553637805165378,0.5656223002200674,0.5629554708985405,0.14673351803226758,0.1377528895655592,0.0291405068681181,8.991537234910001e-05,8.734576756396001e-05,0.7,0.2,0.5,3,9.319254925149831,8.799756123738732
11,2,0.08859968347009006,0.22347447052821656,0.22454870122526221,0.09221031081863895,0.8776395140534268,0.05443848066887398,0.00205580454913915,0.00348523301136563,0.7,0.2,0.5,4,0.4679331840844983,2.8993127780205663
11,3,0.4502063705288419,0.529592117510619,0.5243329052846735,0.4435129257733761,0.5895775387439062,0.587265618618323,0.00131649384242564,0.030445058130683426,0.7,0.2,0.5,5,0.3032033081890762,15.82140392529923
11,4,1.2251901776431806,1.3096332871573617,1.310266913187002,1.2428883527065508,1.201585252697525,1.0,0.00784116565388033,1.0,0.7,0.2,0.5,11,0.3024014025734847,127.47811438424344
11,8,1.2281800619940464,1.3278890109538488,1.346201971784307,1.344293160883189,1.204559625826085,1.0,0.02279809706644655,1.0,0.7,0.2,0.5,30,0.3025936556609079,10.144287451943748
11,9,1.2281804291820202,1.3278891648115672,1.3462021291202633,1.3513896918291604,1.2045608534699954,1.0,0.02280041966888588,1.0,0.7,0.2,0.5,31,0.3025353963720463,10.142842970016789
11,10,1.2281790065265528,1.32788771287197,1.3462006904148014,1.365374201186723,1.2045587016085073,1.0,0.0227933541351304,1.0,0.7,0.2,0.5,35,0.3024849334962916,10.146998288707596
11,11,1.228163790006322,1.3227825579569812,1.335202371804506,1.3723863337978757,1.2045434689512096,1.0,0.02271726780233007,1.0,0.7,0.2,0.5,37,0.3024785341299064,10.1706801043755
11,12,1.2281609595080767,1.3329595303072153,1.3571655956187794,1.4031355203218283,1.2045406436702795,1.0,0.02270314139767424,1.0,0.7,0.2,0.5,39,0.3024870527442745,10.202770428636574
11,13,1.2281595987918965,1.3380480689015835,1.3681472855438783,1.4647395959910918,1.2045392699238653,1.0,0.02269634029160199,1.0,0.7,0.2,0.5,50,0.3024956182080799,10.175002133405004
11,14,1.2281197723623611,1.3838173318536497,1.466954705682832,2.2044994416701424,1.2044994420941302,1.0,0.02249720835071345,1.0,0.7,0.2,0.5,171,0.3025006991580639,10.17720797041711
12,0,0.9520550644117961,0.6481048250743378,0.6460416060457193,0.14881002345244657,0.0,0.0,0.0,0.0,0.7,0.2,0.5,1,16.986349639038252,14.15312522588036
12,1,0.5360903420214249,0.5531402922628833,0.5504535973225905,0.13675046858126366,0.13165788221798772,0.01612286374543192,9.127142372838001e-05,0.00012413012701923,0.7,0.2,0.5,3,9.855775947400309,9.18030391939352
12,2,0.08485709515609938,0.19564230235944302,0.19064572617350284,0.07330245417690634,0.9444446995382975,0.055610672209779576,0.00507189828524117,0.01576955290785776,0.7,0.2,0.5,4,0.9851413725197404,2.107917431937976
12,3,0.1644472919230608,0.24558987650292807,0.2403448765122465,0.15988588318692049,0.23088134557872925,0.12565046624332513,0.01597740412954396,0.09798432920592468,0.7,0.2,0.5,5,0.8755403260258681,1.4143670728094615
12,4,0.07018340265924491,0.12986338459142338,0.12444770416274924,0.06563572829854299,0.11926994816191437,0.06381365569442628,0.004876486871232219,0.01576339170239028,0.7,0.2,0.5,6,0.9549237265438082,1.7019722246151407
12,5,0.13350080573773845,0.19152690658006657,0.1919524934857583,0.14437634280253225,0.13894550443251344,0.1161255440305552,0.01232248997645829,0.07038154693811212,0.7,0.2,0.5,7,0.8541539262104597,1.3976389504618876
12,6,0.11788663888950524,0.18073102611431655,0.18704766805548112,0.12793830504755538,0.10381081900635841,0.10522488592544661,0.01062613990804524,0.05525644054766658,0.7,0.2,0.5,9,0.8563923333588089,1.4524674324194118
12,7,1.2160451161735346,1.2788592373309164,1.2851756545722424,1.249491094636876,1.201596271396104,1.0,0.00789228062944845,1.0,0.7,0.2,0.5,14,0.8651505111214209,14.246917256613774
12,8,1.215849246061722,1.2786347142472088,1.284950908909302,1.262064490345975,1.2014123100279943,1.0,0.00695606287261515,1.0,0.7,0.2,0.5,18,0.8615998243699361,6.0070107179317285
12,9,1.2159699869688585,1.278753754365542,1.2850699354120134,1.268844292350276,1.2015141342237303,1.0,0.00756233082544482,1.0,0.7,0.2,0.5,21,0.8617849388104805,10814.533747473262
12,10,1.2159714283383445,1.2838440482135898,1.2960533318113048,1.2777372741733206,1.2015172701850978,1.0,0.00757110173585126,1.0,0.7,0.2,0.5,22,0.8614201694935196,117.339629657741
12,12,1.2160357606637824,1.3144475895348995,1.3620156301334108,1.3930546570866686,1.2015786037524854,1.0,0.00789300886030723,1.0,0.7,0.2,0.5,49,0.8612030454123338,14.911520691407752
12,13,1.2160357544430345,1.3144475834864169,1.3620156240849282,1.4232745128398276,1.2015786035038163,1.0,0.007892978617893941,1.0,0.7,0.2,0.5,53,0.861206611626296,15.030221597555087
13,0,0.9741255457147855,0.6522402901963062,0.6502012941837911,0.14989356694112277,0.0,0.0,0.0,0.0,0.7,0.2,0.5,1,16.56225029118289,12.247653778024995
13,1,0.5679145633830514,0.5727492624620196,0.5700979491879562,0.15191101636547397,0.14309709737405413,0.03552889246783086,9.081940660196e-05,0.00011621237934071999,0.7,0.2,0.5,3,9.492484877035476,7.739605846224616
13,2,0.12960765756362447,0.23194847236296698,0.2268821449391227,0.11831124744743911,1.029001519713156,0.1228525574137425,0.00502602850214261,0.018047729486883927,0.7,0.2,0.5,4,1.2059957863825932,2.139538931667217
13,3,0.04732290276427896,0.10975348451803837,0.1043591827588416,0.04069590672409871,0.15530105173834557,0.041054099302907134,0.00102772785628547,0.00165817020573562,0.7,0.2,0.5,5,0.8431368209205912,2.235598507505878
13,4,0.11133735290798633,0.1787034090315043,0.17920102634718504,0.11730353690247035,0.09428066986037918,0.121818977088944,0.0042910201850641,0.015408422672052368,0.7,0.2,0.5,6,0.8247146725762663,1.8941683272272691
13,5,0.046924391013264545,0.11322164601110858,0.11371092944976663,0.057234882130993106,0.03297974280786348,0.04105409930290714,0.00102772785628547,0.00165817020573562,0.7,0.2,0.5,7,0.7967820259029122,2.275401176284455
13,6,0.1361487078477581,0.1900515096733346,0.17873736666009207,0.13586449439084386,0.12633839932713595,0.16740096357663464,0.00048211648818035003,0.004868139869727671,0.7,0.2,0.5,8,0.777853405829853,12.307119296074989
13,7,0.4885439205451608,0.5575754685138099,0.5639396225463913,0.5285792854126287,0.47220388016617065,0.5217406711476499,0.02879032712051094,0.20234957547423482,0.7,0.2,0.5,16,0.7639456122745422,12.802018052480866
13,8,0.48912712341215014,0.5632338230193298,0.5754909750259777,0.5477895839900029,0.47275025297517237,0.5226181546329405,0.02878302066494376,0.20229984306880983,0.7,0.2,0.5,20,0.7624629132299896,14.040337396633548
13,9,0.48912229728929213,0.5734087376174255,0.5974521419576722,0.5798567471048076,0.4727344806630181,0.5226109974573905,0.02878307879398942,0.202300229128207,0.7,0.2,0.5,24,0.762704579738163,14.037894632949795
13,10,0.4891539966327657,0.5683505007601731,0.5865007926025354,0.626760432961882,0.4727661316252384,0.5223130177554051,0.028580564659345283,0.20286180794719724,0.7,0.2,0.5,37,0.7627929419958991,190.0786241893227
13,11,0.4901775135629185,0.615183071271415,0.6863714823373782,0.848463711863289,0.4737896507563256,0.5222382780471166,0.02887621648618291,0.20489522281575417,0.7,0.2,0.5,79,0.7629424316365865,14.315925695750106
14,0,0.9889763243215496,0.6549715596001088,0.6529485734439945,0.15060622383108596,0.0,0.0,0.0,0.0,0.7,0.2,0.5,1,15.511824203385302,17.14372891128004
14,1,0.5927374129388524,0.5905196129283355,0.5878879170950941,0.1672058738306486,0.15681486443121184,0.05614878469905844,9.353150936052e-05,8.589608921785e-05,0.7,0.2,0.5,3,9.016229885918444,11.622531202174269
14,2,0.05133001138082804,0.1491262044465258,0.14987032907419562,0.0593159757181793,0.9941413232549727,0.03079304247024211,0.00252445319913227,0.00030706097559638,0.7,0.2,0.5,4,1.5208521489857727,2.951706313359072
14,3,0.34454782773240555,0.39776599397386964,0.3923006313974113,0.33765209176344935,0.45147287242401973,0.46290965385817034,0.00136943942875329,0.01118912269003899,0.7,0.2,0.5,5,0.8465364592037347,15.909302265718432
14,4,0.0245448480447915,0.08162231318321829,0.08204064530181936,0.02760998543182962,0.012082187662012038,0.01053232811609326,0.014433992868079221,2.5700314813349998e-05,0.7,0.2,0.5,7,0.8796328415819011,1.3488266095385228
14,5,1.2467807958703738,1.2987514745249724,1.2932765809795037,1.2602085151471543,1.2325628215497304,1.0,0.16256639563860542,1.0,0.7,0.2,0.5,8,0.8873262964468898,1.4269996957802833
14,6,1.2305821413742914,1.2825506186295708,1.27707570606038,1.2516803919332604,1.21631861970928,1.0,0.0815764843146852,1.0,0.7,0.2,0.5,10,0.8882970577665397,14.620317374944264
14,8,1.2466567696346424,1.3138811687878125,1.326085513864249,1.3120015004624324,1.2323941150412887,1.0,0.16197026258261824,1.0,0.7,0.2,0.5,17,0.8856726868971423,1.402913316348812
14,9,1.2305183771088153,1.2977426535083423,1.309947000323898,1.322034243492297,1.2162557851051827,1.0,0.08127846284219147,1.0,0.7,0.2,0.5,22,0.8855336524483908,3.074015204280764
14,11,1.2305807153096686,1.3079845472729916,1.3319751234321136,1.360576626760567,1.216318280687024,1.0,0.08159049682345951,1.0,0.7,0.2,0.5,28,0.8844995883241012,1.4589441104893104
14,12,1.2305720455314118,1.3028858486327082,1.3209833263976403,1.3597548107912516,1.2163095278171765,1.0,0.08154727435687928,1.0,0.7,0.2,0.5,31,0.8845674684915451,48887.10555227224
14,13,0.024153685865186864,0.12191699117012707,0.1694800719964464,0.1910642459709938,0.00989110874971421,0.012812479281085958,0.00455555257759469,2.251463720453e-05,0.7,0.2,0.5,46,0.8847607109024873,32913616351.152195
14,14,0.02415388525257551,0.1371869258790474,0.20242937066729044,0.2377870816557238,0.00989130823114538,0.01281277777584281,0.00455552253289217,2.250762107833e-05,0.7,0.2,0.5,54,0.8848108308295684,18809726118.733124
15,0,0.9719303493225083,0.6518328559740995,0.6497914588211328,0.14978520707679444,0.0,0.0,0.0,0.0,0.7,0.2,0.5,1,15.800327850150223,14.06213370804496
15,1,0.5714895607170504,0.5774003311392572,0.5747459169199295,0.15694352119446633,0.14839660855648196,0.04291946719759595,9.127142372838001e-05,0.00011332723421643,0.7,0.2,0.5,3,8.851198211111146,9.175020952528486
15,2,0.14934412967957594,0.2679272619109315,0.2630039713584368,0.1363472977831977,0.9875858944326186,0.1393346421015143,0.00502304117869384,0.01815015189612909,0.7,0.2,0.5,4,0.7119972348515964,2.093805894332142
15,3,0.06270218862001696,0.14233789889133028,0.14293258703605627,0.056103104238470286,0.1812394894837616,0.05685961281548322,0.00135019048916633,0.0016764650703588201,0.7,0.2,0.5,5,0.4131530853320513,3.762008548304937
15,4,0.0627021886216519,0.1474278365397592,0.1539156883797915,0.06352466216560428,0.04091002618723826,0.056859612815483226,0.00135019048916635,0.0016764650703588201,0.7,0.2,0.5,7,0.4131530803115644,3.7620086074684047
15,5,0.06307754781112693,0.14271244368060784,0.14330713163459044,0.08729338962478146,0.04128603511896645,0.058196117495464696,0.00067305947924155,0.0008275528059885901,0.7,0.2,0.5,14,0.4146248468115722,23.999703654983023
15,6,0.06268404150621804,0.15248822841066792,0.16486908594421554,0.0896685475512136,0.04092871049804211,0.05684622189693402,0.00134463348467896,0.00166956521141767,0.7,0.2,0.5,15,0.413504619137222,3.758833089505227
15,7,0.30192753325101046,0.39682159744128803,0.41509559394099044,0.435964550590942,0.28013958431263075,0.39532221173353954,0.00134473535167052,0.0062901567891406095,0.7,0.2,0.5,35,0.4135936491916734,11.53736208790626
16,0,0.9659297675319732,0.6507150136637253,0.6486670610404079,0.1494927958083335,0.0,0.0,0.0,0.0,0.7,0.2,0.5,1,16.249468200081246,15.624473319818089
16,1,0.5610283299265614,0.5702497069702062,0.5675858430941121,0.1509828389344988,0.1434162941814717,0.034986299575828286,9.217545798124e-05,0.00014127818651046002,0.7,0.2,0.5,3,9.203029740022217,9.99028260614946
16,2,0.14541822038186086,0.27014221232972635,0.2652819971247941,0.1305757417954524,0.9486416114051017,0.12065809794591746,0.00549010650349281,0.02702559365089694,0.7,0.2,0.5,4,0.4424105442690932,2.145504076856161
16,3,0.07735656492705524,0.16234154166290451,0.16297956506718836,0.08762092049101945,0.12870374921454525,0.07165993800063139,0.00202763781468372,0.00591028285977654,0.7,0.2,0.5,6,0.3233619950551224,2.720337369322592
16,4,0.0726241880322632,0.15760871582871375,0.15824673382489768,0.09505663228005048,0.04879102705255771,0.06729542781291059,0.00101691775159029,0.00296055379621212,0.7,0.2,0.5,9,0.3244471914148925,15.740104457320442
16,5,0.33360790291274184,0.4175574416138353,0.41818704550348396,0.34666836772211385,0.31343323198730616,0.30327648461478673,0.02418788332172431,0.18609380884970664,0.7,0.2,0.5,10,0.3294828934773209,0.7476020030672209
16,6,0.32805600519709005,0.4166819653064464,0.42320132642212716,0.3438965084425051,0.30608468843248826,0.30116689552676973,0.02321606621159866,0.17865256544451483,0.7,0.2,0.5,11,0.3284785223130041,0.7271172225012349
16,7,0.30118521973673795,0.38458830769757485,0.38521347026896346,0.3276855797928561,0.2781057002313471,0.31993167699327335,0.01402600354638014,0.10241890258124575,0.7,0.2,0.5,14,0.3396749338245013,13.32829925847691
16,8,0.35729721618583077,0.45083956878638165,0.4632506263977073,0.4037691429381358,0.3341580746632859,0.32357008341609045,0.027579705375241147,0.2041589620299092,0.7,0.2,0.5,16,0.342477944914619,0.7246006186205224
16,9,0.3020442275959175,0.39049614423682283,0.3970140971762991,0.3453235746676206,0.278842540727234,0.3211500002848394,0.01404084888465509,0.10245704519009775,0.7,0.2,0.5,18,0.3422714957622064,13.265106702688067
16,10,0.3020674280106422,0.3956081797860836,0.4080192237817873,0.35416479678889395,0.27886694697199915,0.32119394969285237,0.014035846689137672,0.10244474166075317,0.7,0.2,0.5,20,0.3448153351832305,13.23649582572516
16,11,0.3021204244897176,0.39566089839142343,0.4080719467349245,0.36083468298448307,0.27891890320220725,0.3212675676077668,0.014036450207718851,0.10244764904004389,0.7,0.2,0.5,22,0.3444812022976562,13.381574980959696
16,12,0.30215064157145516,0.3956908769157081,0.408101928737447,0.4007221748672156,0.2789488045090212,0.32136603272290676,0.014016149542531239,0.10237849651903157,0.7,0.2,0.5,27,0.3437787308002867,5.749064081996412
16,13,0.3021024001121956,0.40582244573639237,0.4300197490221706,0.4112149859936339,0.2789005308767705,0.3212540397109246,0.014028857663352151,0.1024337458665161,0.7,0.2,0.5,30,0.3440452389251394,13.35439132136908
17,0,0.9632805104033592,0.650219584212056,0.64816873093392,0.14936320302214579,0.0,0.0,0.0,0.0,0.7,0.2,0.5,1,16.495816660950762,13.42790081095076
17,1,0.5514699754301333,0.5617620925925141,0.5590951560851315,0.14288348229057268,0.13548864074966882,0.02364566864339074,9.081940660196e-05,9.506863186768e-05,0.7,0.2,0.5,3,9.338747848150252,8.748079348804957
17,2,0.07283988905030934,0.19041516798956262,0.19133385363089847,0.07862621388498865,0.9248428400619148,0.04474530818337892,0.00222520359043404,0.00392569555589224,0.7,0.2,0.5,4,0.8981308678097051,2.999886205150968
17,3,0.6588083352870033,0.724052964372729,0.718680665840065,0.6522169622229599,0.79318199310368,0.8956329242206176,0.00132973023900755,0.02621313865658295,0.7,0.2,0.5,5,0.6390899925929481,15.427169999495456
17,4,0.658603894645278,0.7283313732015165,0.7288474498896209,0.657985223209846,0.6412315611807431,0.8956329242206177,0.00132973023900755,0.02621313865658295,0.7,0.2,0.5,7,0.6275782407998266,15.74059728648453
17,5,0.6587537329808888,0.7284798859692936,0.7289959314598435,0.6718906117502558,0.6404679387126531,0.8958611432327246,0.0013299889406257598,0.026194126716389238,0.7,0.2,0.5,9,0.6272065375130382,12.456325629544606
17,6,0.1009617169576529,0.1808436535961138,0.1931457465071191,0.12962914287355218,0.08275433095863506,0.11178390331579238,0.0039216777962698,0.00729767891104949,0.7,0.2,0.5,10,0.6254365747993481,233.72141413100556
17,7,0.10096171972765577,0.18084365640605063,0.19314574931705594,0.12962914568378162,0.08268196158744001,0.11178390758703376,0.0039216776851191595,0.0072976785956455304,0.7,0.2,0.5,12,0.6254366096010366,233.7214009614297
17,8,0.10150272513519754,0.18647046363399472,0.20466567958418436,0.16027878453178274,0.08322736910352112,0.11258357244462032,0.0038916010230441904,0.007274946147202479,0.7,0.2,0.5,16,0.6261212728864782,217.68568777461988
17,9,0.10843012123649307,0.18830793343054156,0.20061001128413572,0.19036527263447048,0.09015171442512446,0.12187164677688196,0.004361491008279339,0.00793850097789326,0.7,0.2,0.5,27,0.6260435399566923,320.01988467536154
18,0,0.9755390632589043,0.6525017905825378,0.6504642953403152,0.14996047471415017,0.0,0.0,0.0,0.0,0.7,0.2,0.5,1,15.539361490483024,14.79187134837776
18,1,0.19422987543202508,0.2951425086600662,0.2900627257703505,0.18322359336953406,0.5534567690557016,0.20641757292556767,0.00524999282773195,0.03195478993390188,0.7,0.2,0.5,4,1.244912866797477,2.117474460137177
18,2,0.05129075528686614,0.13029718566589665,0.12503018389047163,0.045338376415628476,0.10374952426317922,0.03924763800235877,0.0009956473611977801,0.00186184361335163,0.7,0.2,0.5,5,1.0658169923817002,2.0624731385203496
18,3,0.1741544249213829,0.23808906934023774,0.23856004124844993,0.1710411919014977,0.21293119276627925,0.20464911134674724,0.00447389731119401,0.02723097982341719,0.7,0.2,0.5,6,0.7945487085251396,1.9574244966830427
18,4,0.14228784556550197,0.20372993578021625,0.20418169377380474,0.14693351217080275,0.13038842541769563,0.1743119707907244,0.00174430489839527,0.00863122022072839,0.7,0.2,0.5,8,0.8107565644920565,15.649447388476512
18,5,0.1559951351082669,0.22760617406176947,0.23984408666166884,0.17360980232247247,0.1404042145149107,0.18476708509604362,0.00381582755371781,0.02058675807533792,0.7,0.2,0.5,11,0.7996516551479212,2.021341138454946
18,6,0.16183209595175116,0.22826467746523438,0.23460880645789875,0.18582924814371887,0.1463895545047271,0.19924320242413532,0.00212041341140703,0.012727461996926908,0.7,0.2,0.5,13,0.805388315131159,1.9141871503515449
18,7,0.1448903627470341,0.21640134996212876,0.2286384917955276,0.17336879378127587,0.1293369468389704,0.17114532610566668,0.00335667236329329,0.017693666913294027,0.7,0.2,0.5,15,0.8039742795953659,2.2163373848810357
18,8,0.14229812001147038,0.21380237803759874,0.2260394521743751,0.1758723131738192,0.12674965779559952,0.17423494552542365,0.0016660883260961798,0.00886411960362267,0.7,0.2,0.5,16,0.8010535930685164,3.359857652400522
18,9,0.1448878373421006,0.22148060857785581,0.2396108160819436,0.18165460038679918,0.1293240826583466,0.17114532610566663,0.00335667236329329,0.017693666913294027,0.7,0.2,0.5,17,0.7990271240064869,2.225145563812044
18,10,0.14271119331246823,0.2193028592641737,0.2374330700557562,0.188064206457152,0.12714518245939369,0.1747866694803143,0.00168665054865838,0.00891116991789528,0.7,0.2,0.5,19,0.8013468121675759,3.216625238357916
18,13,0.1536709018654237,0.2404413055517609,0.27035775786074184,0.25059892887122465,0.13810402472755762,0.18210266301625744,0.00369917934656415,0.019783860726181622,0.7,0.2,0.5,23,0.8003826182525776,2.060356459288621
19,0,0.9872604126732744,0.654658023199985,0.6526331973248221,0.15052421256070395,0.0,0.0,0.0,0.0,0.7,0.2,0.5,1,15.477002268120142,16.89827762996225
19,1,0.5740186612743213,0.5714723598975562,0.5688415811244175,0.14804547865811768,0.13708216847033333,0.02873214076755165,9.307949223409e-05,6.312224941987001e-05,0.7,0.2,0.5,3,8.109452858702298,9.768464763830709
19,2,0.08027930629614495,0.2741869042778545,0.2698447528115511,0.0815410584431742,0.7811899992290874,0.02024176311879177,0.0022498633417599003,0.00026325293075958004,0.7,0.2,0.5,4,1.2945065318025302,2.777411765556509
19,3,0.15436194266012002,0.22098616726782114,0.2156247500462334,0.1477792449724697,0.42269262450690664,0.1915830817123812,0.00136282123046233,0.0020347736601317697,0.7,0.2,0.5,5,0.5897598290188564,16.032990631561805
19,4,0.06472268376499245,0.13606281158643582,0.13659152826732132,0.07333080375660475,0.04702315725785831,0.0593985486007156,0.01315086737281512,0.0033556876337063704,0.7,0.2,0.5,6,0.5964624387941582,0.7179230468868263
19,5,0.02641906954264042,0.10284525900323792,0.10926709524506979,0.04714942737049011,0.007588668786185246,0.00681419964295988,0.01400652564069596,2.693960693693e-05,0.7,0.2,0.5,9,0.597986513322386,1.3908209553066937
19,6,0.15311306301560335,0.2244492367926457,0.22497792344286593,0.19099551918596516,0.13427883135009536,0.18998423613176946,0.00136279206965508,0.0020344458237703403,0.7,0.2,0.5,13,0.5977948595972186,1773.9975342958446
19,7,0.06110664750781714,0.15789228294200724,0.18788661148646082,0.1632716942624918,0.04227233913629353,0.05715585246093134,0.0070124962725321895,0.00172148309038165,0.7,0.2,0.5,27,0.598065407253567,1524.5742440902866
19,8,0.061837732724998866,0.15862327106937554,0.18861758811881288,0.19542493565250182,0.04300349298751594,0.05838564261290746,0.0067028963127017,0.00158582611336106,0.7,0.2,0.5,31,0.5979616825900788,5.883358160087356
19,9,0.06194908866164675,0.16382453325725077,0.19971195043999673,0.21397349638878632,0.043114824349909986,0.05853025238407533,0.00676875114158672,0.00157975724675714,0.7,0.2,0.5,34,0.5978530067517273,5.905461940805127
19,11,0.06125946180861995,0.2649328831707584,0.4186828405926083,0.7189781665960675,0.04242517940021349,0.05726774018843959,0.007190223806221641,0.00179943245850228,0.7,0.2,0.5,119,0.5978325607819448,1024.078459332508
20,0,0.9756735318706066,0.6525266436040982,0.6504893052809346,0.14996670579474633,0.0,0.0,0.0,0.0,0.7,0.2,0.5,1,16.265596377322776,17.05838281811225
20,1,0.02489935813113285,0.07664508932676654,0.0711677484924669,0.0264724243198454,0.45364127070932697,0.01447784042721259,0.00251390445760596,0.00037788362417096,0.7,0.2,0.5,4,2.449716185579579,2.9362381349252926
20,2,0.009123179215840339,0.008499237007723667,0.008499237007723667,0.016916326328550627,0.16801965696080326,0.01185567222599608,0.00058152792455721,0.00016792172922994,0.7,0.2,0.5,5,1.6930179549317337,3.1928874365766697
20,3,0.00908236655621049,0.01842916984394157,0.030213963589316162,0.03850941091323165,0.008679253701648583,0.01185196822798445,0.00058105587032613,0.00016767569314276998,0.7,0.2,0.5,8,1.694642966689881,3.186298662314512
20,4,0.008692398262898585,0.010800820968453402,0.016677615583834786,0.023747977055173813,0.014211422678134007,0.01185567222599607,0.00058152792455721,0.00016792172922994,0.7,0.2,0.5,9,1.7423782903725191,3.0857895787469958
20,5,0.007695235277515962,0.013846467683090054,0.025609114028935263,0.03247600825788137,0.010493152449963886,0.00505332857009655,0.02066805217758344,4.352755750118e-05,0.7,0.2,0.5,10,1.7635561912540674,1.2839898262504392
20,6,0.007715046858000897,0.024034624639772472,0.0475834177658935,0.06400798269708492,0.007718910622530404,0.00561988899601798,0.018743242484776882,6.4013150315e-05,0.7,0.2,0.5,17,1.7612763992689278,238152.71533215384
20,9,0.006284801457308272,0.017512522828731544,0.035168216309616765,0.05596061034366144,0.006285285891702832,0.00599192169707039,0.0103274105880232,4.9754078169150005e-05,0.7,0.2,0.5,25,1.7617714688787902,4.99569660371607
20,10,0.009081133463122967,0.015218490832739762,0.02698103906981057,0.08159148859279537,0.009082259160971379,0.00997502741839848,0.01039902684254524,3.7580525376029996e-05,0.7,0.2,0.5,26,1.7613263789362774,1.1589034666345863
20,13,0.008777496474549206,0.02509459244868591,0.048643393019355496,0.11567368630272128,0.008777552753530949,0.00952435412933941,0.010446225275713381,4.240705773789e-05,0.7,0.2,0.5,37,1.76136483042498,1.30911979579894
21,0,0.9727895389954101,0.6519922259748558,0.649951757949238,0.14982689469592825,0.0,0.0,0.0,0.0,0.7,0.2,0.5,1,15.824523938488154,13.722090583225
21,1,0.5586038711869206,0.5649091691464213,0.5622536421375149,0.14459329923283804,0.13649285291703817,0.02534206427195554,9.127142372838001e-05,0.00012132721954851,0.7,0.2,0.5,3,8.933888755413776,8.910009385860555
21,2,0.07602253024305997,0.1861426498353343,0.18114751272582358,0.0751782012793809,0.9409228684958423,0.04987736998193079,0.00232894193363773,0.00540118703544918,0.7,0.2,0.5,4,1.0758737743652411,3.099289672075025
21,3,0.03428362217200213,0.10187269704847085,0.10237203472351235,0.04738974586264092,0.17053360372269585,0.02323677075396577,0.0005263060070664399,0.00067445202501343,0.7,0.2,0.5,5,0.7218814144294097,3.0424456834301026
21,4,0.0687591553479963,0.1408124262469969,0.1472000422009216,0.09738242059320289,0.05232969353598592,0.07283696843225355,0.00033542163126853996,0.0006730122653964799,0.7,0.2,0.5,7,0.6922372903668392,85.8414097594652
21,5,0.05498997045253138,0.126805750173336,0.13319152080936839,0.0727279351228526,0.03841165569423644,0.0502300539084091,0.0018371826688777001,0.0043392814585094894,0.7,0.2,0.5,8,0.6991220672271086,2.6642401985713824
21,6,0.025180079499439935,0.09694499044364156,0.10333036478485194,0.04766604905605886,0.00805744793323978,0.01091127761162518,5.7318953835239995e-05,0.00051097727398546,0.7,0.2,0.5,9,0.6987164581854123,3.078978312157309
21,7,0.025180079344744626,0.10712478807480688,0.12529638828134554,0.07067239119143019,0.007904855517601377,0.01091127761162517,5.7318953835239995e-05,0.00051097727398546,0.7,0.2,0.5,11,0.6987392573600203,3.0789299460153887
21,8,0.02504413502171885,0.10698884373222557,0.12516044393876424,0.1258029596619265,0.007768905139179755,0.01090688216949913,2.908842156548e-05,0.00025653442070722,0.7,0.2,0.5,26,0.6987324062448576,3.078941049912024
22,0,0.9817174058036817,0.6536444859144723,0.6516136774629486,0.15026483349749417,0.0,0.0,0.0,0.0,0.7,0.2,0.5,1,15.16247278355567,14.628971005924088
22,1,0.5741451704176651,0.577562893109914,0.5749155331123309,0.15622209008572435,0.14804580723399502,0.041458415635589455,9.307949223409e-05,8.053427557922e-05,0.7,0.2,0.5,3,8.625107925326464,9.644421766345143
22,2,0.0617157008284375,0.17729024062883358,0.17819092151477967,0.06775699582207133,0.9290379886744813,0.03286147773534276,0.00247781673289635,0.00035178651844266996,0.7,0.2,0.5,4,0.971262211795775,2.9637836649305616
22,3,0.041384285602591525,0.12113954050876428,0.12758768592457326,0.059205415926238514,0.08787945892666565,0.029807130360101252,0.0020909997785891,0.00021873718719914002,0.7,0.2,0.5,6,0.5287395759251203,2.6246065147558246
22,4,0.043854332932187406,0.12347767719554198,0.12992477461238688,0.07765182743354582,0.024010103830984123,0.0333909510676024,0.0019335382130002102,0.00029759771865060997,0.7,0.2,0.5,10,0.5271163318077378,2.7912125221980566
22,5,0.04191163249915111,0.12662485034411652,0.1389650611284053,0.10895595795944511,0.021966493694063127,0.03097732307808606,0.0009692178584806499,0.00017703137745733998,0.7,0.2,0.5,18,0.5272504627567356,846555533251.7881
22,6,0.04257936720383679,0.14256231897451782,0.1725818937207303,0.13091648289038413,0.022634243602831387,0.03195573775044537,0.00096764330363917,0.00014334735970528,0.7,0.2,0.5,22,0.5271924423383666,3.996286806936626
22,7,0.039880924897673246,0.13986387977172843,0.16988345451794093,0.19611732330018586,0.019935782322763204,0.02810142082874052,0.00104878875485752,0.00011005446402596,0.7,0.2,0.5,36,0.5272081330773762,26.89550765000044
22,8,0.04071243332997822,0.15596508495782882,0.2036640624988112,0.250776502495258,0.020767292244827477,0.02928860984588531,0.00106112276888138,0.00010607371311847,0.7,0.2,0.5,43,0.527216157481195,2.598492049288131
22,9,0.03975401863657618,0.2059056588227902,0.31253589368396906,0.5409831366075664,0.019808874463993445,0.02790299804390912,0.00111285242078999,0.00010840979339132001,0.7,0.2,0.5,104,0.5272276299555188,26.852243788504857
23,0,0.9806423851910084,0.6534436424339869,0.6514117036333812,0.15020655207219044,0.0,0.0,0.0,0.0,0.7,0.2,0.5,1,15.278597957389124,14.037171511336492
23,1,0.5715362217327568,0.5739431112841712,0.571298572856354,0.15224333686775732,0.14317417513062597,0.03556909906557469,9.127142372838001e-05,0.00012290580712493,0.7,0.2,0.5,3,8.58286032547854,8.920178595803389
23,2,0.12438293674314908,0.2401309612609596,0.23516614165905253,0.11388261129498584,0.9968978704029713,0.11020231124975303,0.00483654664401941,0.017582391240906332,0.7,0.2,0.5,4,1.1113961913865804,2.045981535095992
23,3,0.0512071225466959,0.1171844278063766,0.11767121547404655,0.044540092457022486,0.18991041963341548,0.047117461169791756,0.00134798312768604,0.0018151897662085099,0.7,0.2,0.5,5,0.7009544851704049,3.802494362889655
23,4,0.5187612361051438,0.5795580656667098,0.5741510487735607,0.5156915879020644,0.5020144750057255,0.7046091879078336,0.0013362672240263501,0.01649851903568897,0.7,0.2,0.5,6,0.7059624172955454,1866.274302290966
23,5,0.8255572359368691,0.8914429794749765,0.891929077497647,0.82487314115506,0.8085423343489133,0.4403771396832729,0.0013764101464837299,1.0,0.7,0.2,0.5,7,0.7046069709060262,12.69292460670263
23,6,0.18530739476411753,0.25099407479240493,0.25147860549261997,0.19900817865639214,0.16855251251849204,0.2074282487606141,0.00642569756987135,0.043738040011382665,0.7,0.2,0.5,10,0.7079486060612307,14.731769209705089
23,7,0.11206830206039779,0.1777506188324317,0.17823512471933833,0.1306710039286296,0.09512952896603058,0.12791792476613356,0.0034314735066474,0.00977484349716298,0.7,0.2,0.5,11,0.707397013270474,14.833607737498522
23,8,0.11408583684744358,0.18485751196286027,0.19123515140782163,0.14642881527240464,0.09713433211226674,0.13080699365718282,0.0034283965835704795,0.0097667644310791,0.7,0.2,0.5,15,0.7076700774870165,1.289829769602396
23,9,0.1831297619413385,0.2640810659308865,0.2822449594485654,0.22639992014396382,0.16617814447648283,0.20562788355743108,0.00640697901268548,0.0419140642669614,0.7,0.2,0.5,18,0.7076650872462616,14.464010200697851
23,10,0.11412628203829922,0.2307068804004658,0.2901226540422822,0.2968479265082224,0.09717447012794994,0.13086469932248318,0.00342844446374152,0.0097669815364675,0.7,0.2,0.5,43,0.7077231461680074,1.2921592992440645
23,11,0.1841278148857553,0.3210680077951657,0.4040562587663497,0.6625969422042136,0.16717600231615498,0.2062464894271714,0.00656655344706155,0.04298029606131451,0.7,0.2,0.5,102,0.707686933368189,326276200577894.75
24,0,0.9455634644030888,0.6468708725538608,0.644800375748119,0.1484872500705348,0.0,0.0,0.0,0.0,0.7,0.2,0.5,1,17.771793255620583,16.44682430825216
24,1,0.5574608837501455,0.5766909759086406,0.5739978085493601,0.16111860500705463,0.15617203068491,0.051370329765126566,9.262747510766001e-05,9.244079729211001e-05,0.7,0.2,0.5,3,10.346075140620526,10.655107042048408
24,2,0.08505065427926267,0.24020207132562169,0.24145369194406155,0.08672567962493152,0.8026221636778187,0.03732144735291333,0.002306087949598,0.00029125433600006004,0.7,0.2,0.5,4,0.3507935278052344,2.8236444694556235
24,3,0.04934970794686168,0.13619250325845075,0.1368455855686431,0.06237009460547134,0.23186177931343194,0.03516039851174317,0.0005541986956543,0.00016467174899284,0.7,0.2,0.5,5,0.2849666711662121,3.062681272543596
24,4,0.04798200173997524,0.13636651324222024,0.14288391190751268,0.07045774302789215,0.030294048512517865,0.035160398511743164,0.0005541986956543,0.00016467174899284,0.7,0.2,0.5,7,0.357227289215575,3.2345236918560207
24,5,0.048639380814819375,0.1318500429260906,0.13247363412455618,0.07111702663565572,0.02562680310318402,0.036283544100011875,0.00027504381448592,8.339562545777e-05,0.7,0.2,0.5,9,0.3951194541801145,15.353354889692053
24,6,0.03367375284586401,0.11685006754144742,0.11747338498568716,0.05725395543194901,0.010569686904100815,0.014130375576148829,0.0031607995856741495,3.8718954265380004e-05,0.7,0.2,0.5,13,0.3756262674951715,8.622710653530323
24,7,0.03258641417798461,0.11576041417158495,0.11638370370576503,0.09130498307940278,0.009457846685618094,0.01234847331359025,0.003933307167560169,5.151860183543e-05,0.7,0.2,0.5,18,0.3818823088752613,8.065062708769771
24,8,0.03258590854471665,0.12084844901055072,0.12736485954746637,0.10058561984040143,0.00945840551763763,0.01234847331359025,0.003933307167560169,5.151860183543e-05,0.7,0.2,0.5,20,0.3807581379034194,8.069170212457982
24,9,0.03300116737314705,0.13144328983548548,0.1497459553146785,0.11487884566434597,0.00987195450273,0.013181453048687189,0.00313600676073082,3.497484850979e-05,0.7,0.2,0.5,23,0.3816996056101467,8.919412295409744
24,10,0.03258576899990235,0.12593788174567985,0.138347397633261,0.11710692664507447,0.009456688603412887,0.012348473164796819,0.0039333072493397,5.151860483605e-05,0.7,0.2,0.5,24,0.3801069799514083,8.071560675284031
24,11,0.03352408625081363,0.13196575273838196,0.1502683995753395,0.12201388000993608,0.01039574825758213,0.01393650771444618,0.00310022820865877,3.837819414671e-05,0.7,0.2,0.5,25,0.3806541494895062,9.175507029829188
24,12,0.03150411247296381,0.12485588467397776,0.13726540577891566,0.1546757528454743,0.008374826069121774,0.01103085151455488,0.00320704162580123,2.363300949447e-05,0.7,0.2,0.5,30,0.3805204940299712,8.814875488709282
24,13,0.032809530543711565,0.12616130324669786,0.13857082435163576,0.12792098241989128,0.009680278305514803,0.01293116075968601,0.0030563819313663,3.4301089525059995e-05,0.7,0.2,0.5,32,0.3803894886082394,9.018557392409898
24,14,0.03346891733816191,0.1370004895054344,0.16119626207441162,0.1601542400397882,0.01033965398552374,0.01385792168564223,0.00309985977290449,3.8221911713459996e-05,0.7,0.2,0.5,34,0.3805638268480614,8.894138049348626
24,15,0.031884010823861546,0.17613477353169027,0.24747555195682466,0.5864346032126191,0.008754721870424198,0.01152658517211318,0.00335934859197516,2.8484506215170002e-05,0.7,0.2,0.5,127,0.3804914041092657,8.726285454010604
25,0,0.9512715533179448,0.647956328270514,0.6458922119684879,0.1487713790077867,0.0,0.0,0.0,0.0,0.7,0.2,0.5,1,17.872473378401004,12.330413628401002
25,1,0.5511847120020331,0.5647392870748121,0.5620628684620628,0.1470545722247561,0.13934880732811358,0.03018560177770232,8.991537234910001e-05,0.00012496095637354998,0.7,0.2,0.5,3,9.661156814934756,8.669057582266257
25,2,0.09909059534558379,0.24569546025168043,0.24686735477821492,0.10222706335508541,0.8533839562067704,0.061017050382598345,0.0020244971036349102,0.00541348577855763,0.7,0.2,0.5,4,0.3570662388727735,2.858626342832633
25,3,0.893996921025626,0.9847328695749176,0.9795653497156296,0.8871997961459026,1.021953629374806,1.0,0.0013164938424256299,0.3316135224503153,0.7,0.2,0.5,5,0.3339343488118247,14.46769310589664
25,4,0.07046986155228314,0.1615343274719155,0.16807357023991923,0.08813690496084264,0.07480141868149966,0.06200157168563327,0.0018179370054371602,0.00496964386766223,0.7,0.2,0.5,6,0.4443580007788656,2.8627107080369387
25,5,0.06931723360102139,0.15717301213209658,0.16368613982306648,0.09793613145899403,0.049697138929108126,0.062207681340493225,0.00177930803743111,0.004885428133080899,0.7,0.2,0.5,9,0.3720234128730138,2.719621835511075
25,6,1.2465886144918756,1.3283450143546327,1.3289568100879268,1.2701981392380355,1.2271557776391389,1.0,0.1200018999497793,1.0,0.7,0.2,0.5,10,0.3759348111270092,0.997048891868892
25,7,1.2367974692726396,1.323643321270588,1.3301482496923778,1.2685023211999251,1.2142097496173385,1.0,0.07104704707933887,1.0,0.7,0.2,0.5,14,0.3735168737565031,13.59785771935077
25,8,1.2367967157137847,1.3236405253056627,1.3301454594328819,1.2685015749125281,1.214215554032674,1.0,0.07104704707933887,1.0,0.7,0.2,0.5,15,0.3742450278108021,13.58775454827181
25,9,1.2467288677169033,1.3386609582766036,1.351058966556934,1.3079278951736442,1.2241448468906049,1.0,0.12071097938152535,1.0,0.7,0.2,0.5,17,0.3756814044580895,0.9563052192686908
26,0,0.9774942804364621,0.652863091383473,0.6508277458386926,0.15005483788214208,0.0,0.0,0.0,0.0,0.7,0.2,0.5,1,15.797930351515118,13.069312255462492
26,1,0.5724560833308806,0.5766056821860667,0.5739562534217988,0.15552232482049072,0.1469584265640995,0.04056539405101733,9.081940660196e-05,0.00012229583593147,0.7,0.2,0.5,3,8.943437136924727,8.38783027718787
26,2,0.08822163903172653,0.18987376771012796,0.19065135112702913,0.09582459473686988,1.009037956310142,0.07716659140241516,0.00225378449198696,0.00556954238158611,0.7,0.2,0.5,4,1.4318325748489544,3.0567971541421213
26,3,0.042339859404744176,0.09452354224912628,0.09490479340230751,0.05491122278187162,0.18230407690067887,0.04157140463530977,0.00052530029941735,0.0005895239579299,0.7,0.2,0.5,5,0.9557879332223022,3.1479481717746984
26,4,0.04239823863107494,0.09909610062408064,0.10536614424643648,0.06251661294569735,0.030559972492307554,0.041868231017621646,0.00054109763429976,0.00061327530417875,0.7,0.2,0.5,7,0.979663999539325,3.099884835808831
26,5,0.07080940792238163,0.13763567475373037,0.15569158262238467,0.11674590618955258,0.05816973188357631,0.07915880071893924,0.00184347432165529,0.00473711172140074,0.7,0.2,0.5,14,0.97222930605072,2.61145763588786
26,6,0.07126576829559597,0.13293931450763666,0.14510161778615888,0.1261327393457234,0.05880508316977819,0.08180452074772565,0.00090719621221048,0.00235608137261381,0.7,0.2,0.5,15,0.9746865122171572,12.028045632756722
26,7,0.07111799628875055,0.13278828621371294,0.1449505596523131,0.13174436136399423,0.058485428018544054,0.08160093779649012,0.0009064793582428401,0.00234771555285966,0.7,0.2,0.5,16,0.973838365714448,2.5729213081694886
26,8,0.07081365839590271,0.13757246285083038,0.1556278564226069,0.165332447302738,0.05817232625846438,0.081222172098201,0.00090019297035258,0.00227263035053962,0.7,0.2,0.5,25,0.973525051349934,81.25316667529822
26,9,0.07080247301239624,0.1375612425534879,0.15561664935939962,0.17547179237177157,0.05816074801277191,0.08120532683680738,0.00090016680082282,0.00227386125530992,0.7,0.2,0.5,27,0.97360280988106,14.198610515641786
26,10,0.3815319229117427,0.46865019915260636,0.5102780973915804,0.5786273286759089,0.36889018577261645,0.4114002181502266,0.02275494261478759,0.15271805876158992,0.7,0.2,0.5,45,0.9737551329692158,14.199296550560474
26,11,0.3812108718781758,0.47341904481093916,0.5209400943806438,0.5737054339266451,0.3685691661921643,0.4109999260527718,0.02275491745317925,0.15263637144817035,0.7,0.2,0.5,47,0.9737414902238326,14.177362056822728
27,0,0.998779169122013,0.6567527445890701,0.6547402016261991,0.15107234284912827,0.0,0.0,0.0,0.0,0.7,0.2,0.5,1,14.267787814171529,15.631419379961
27,1,0.5856093636472997,0.5793775156745177,0.5767567738531594,0.15468301329019093,0.14370590074469147,0.037523535333080935,9.217545798124e-05,0.00014125198565592998,0.7,0.2,0.5,3,7.915472958266972,10.296353599548626
27,2,0.14766921051436788,0.24747287336366308,0.24238091811916246,0.1371223654544623,1.0733199602714074,0.1423451318002626,0.0053589456834012604,0.030418529107770258,0.7,0.2,0.5,4,1.3045718215764888,2.106933402779033
27,3,0.13555317588190827,0.21770743369550638,0.21246482682849777,0.12969241542160626,0.17210191226554683,0.1583868049186155,0.00134958483388043,0.00142568304214248,0.7,0.2,0.5,5,0.881681478236221,18.01344092862751
27,4,0.1281123289486487,0.19164119635443175,0.19210901344955164,0.1314073941466218,0.14416551375085165,0.1583868049186155,0.00134958483388042,0.00142568304214249,0.7,0.2,0.5,7,0.7826822220888371,15.361391667636196
27,5,0.14939855337840632,0.2110352721445798,0.2114884980783739,0.159587102657985,0.13933853209547514,0.16442068634342716,0.00569491205596089,0.03499887405096254,0.7,0.2,0.5,8,0.7828102592680248,1.5948099614645057
27,6,0.14853255499675402,0.21481919191255444,0.22116219922930233,0.16147577821530432,0.1336566787012587,0.1632164468467756,0.00575099605419458,0.03520437450909441,0.7,0.2,0.5,10,0.8053922058253427,1.6173211155530012
27,7,0.1942643897258684,0.2605488747364461,0.26689186215991273,0.24419823677963656,0.17873693012077477,0.23410300984110516,0.00296108480174023,0.02854410839564936,0.7,0.2,0.5,21,0.8047786729592923,4.9404430629287885
27,8,0.19426140135369546,0.2605456834948941,0.2668886611624631,0.2503266394159283,0.17873406592135407,0.2341098578967593,0.00296124391757357,0.02852861864814244,0.7,0.2,0.5,22,0.8039210436717461,13.907301945719697
27,9,0.1916365506765048,0.2681005554265541,0.2862297730631462,0.2601445761034301,0.17610870409015847,0.23036003532042598,0.00295339972315636,0.028531889530842753,0.7,0.2,0.5,29,0.804426354859951,14.579463128324688
27,10,0.1965695874538789,0.2832133214699808,0.3131287914401716,0.2917535040901036,0.18104185947983406,0.23621518326849217,0.0036816726685653597,0.02990946538129382,0.7,0.2,0.5,30,0.8043539867400089,10.605124238975394
27,11,0.19914262490513152,0.2908762638307543,0.32668483393425374,0.30109628700819535,0.18361479978623055,0.23678566970152848,0.00368114708957051,0.03425708169702253,0.7,0.2,0.5,32,0.8039866549560984,12.4016918060773
27,12,0.20004249055565804,0.2917760631444819,0.3275846341175409,0.3375725816918893,0.18451462312193587,0.23419997674011128,0.00367931151235093,0.03967754003273459,0.7,0.2,0.5,38,0.8041514545941276,11.273842249914086
27,13,0.19656825341546166,0.28830182460006354,0.3241103955731225,0.3301450248611566,0.1810403866018098,0.2362117673402231,0.0036804090049130005,0.02991211710671653,0.7,0.2,0.5,40,0.8041371251452119,10.339376339408531
27,14,0.19522975483488883,0.3175027179042449,0.3886700688681327,0.3970704589461166,0.17970188465082212,0.2354793562425256,0.0032996092384641198,0.02841281337144342,0.7,0.2,0.5,49,0.804197068013135,18.086364315580216
27,15,0.1967200269693517,0.29863339736237876,0.3462282453981881,0.42613614136257844,0.18119215869652333,0.23644426146447825,0.00363119143267092,0.029909862623956042,0.7,0.2,0.5,54,0.804104820340939,14.826241289019102
28,0,0.959210794671185,0.6494556644618412,0.6474003344266799,0.1491634878228835,0.0,0.0,0.0,0.0,0.7,0.2,0.5,1,16.54392363295258,14.233932830321002
28,1,0.5609656545926814,0.5722254743253846,0.569555741252288,0.15370136427676218,0.1461018297008284,0.0392426368626587,9.127142372838001e-05,0.00013590253293178,0.7,0.2,0.5,3,9.481635036484017,8.598293145442254
28,2,0.14557820332899749,0.2687445651357349,0.2638698564967647,0.13099253784375436,0.9526089315342325,0.12367180055831281,0.00532228947255193,0.025020576418004446,0.7,0.2,0.5,4,0.5898277877460653,2.190069590446916
28,3,0.6765773355156299,0.7479080931003895,0.7425838893314587,0.6700331146509652,0.8279354712746089,0.9029030316079177,0.00133634843729851,0.04734605051292938,0.7,0.2,0.5,5,0.4987219457761894,15.550644171860338
28,4,0.11696836185944662,0.19301066017812246,0.19357660093712165,0.11399949881378008,0.09754604452554912,0.12224010876937393,0.00428102883519784,0.02012551359168929,0.7,0.2,0.5,6,0.5891617468266513,2.055465692158211
28,5,0.1106985227373377,0.1795157740039055,0.1741716613514081,0.11154912780939459,0.09751427115357915,0.12244392435463632,0.00206323840496231,0.00970061134426704,0.7,0.2,0.5,7,0.5651455246405851,4.545948592523795
28,6,0.11824700485607552,0.19198313209892365,0.19253076344808256,0.1331410123274634,0.09871281999193934,0.13278811507615382,0.0022386895132475203,0.01036543798795451,0.7,0.2,0.5,11,0.5706061312292622,2.814620086495674
28,7,0.11715580731459072,0.19597849943981166,0.20241925575801714,0.13972426472627164,0.0974972734746964,0.12390691035440575,0.00418978136432872,0.01983863412889601,0.7,0.2,0.5,13,0.5699571316537033,1.9721749718274344
28,8,0.11714021894089309,0.19596265806950522,0.20240341786594848,0.14774350541190356,0.09747685745614688,0.12388338154816383,0.00419047692620133,0.01984023481781167,0.7,0.2,0.5,15,0.569670459185413,1.9725456087781843
28,9,0.11478929110258806,0.1987011162644785,0.21103495842155473,0.17263393114373532,0.09512635639591714,0.12807467361548358,0.00217520159283979,0.01007705279815283,0.7,0.2,0.5,18,0.5686959573230945,1.835603078982816
28,10,0.11492165796097052,0.1988333464683752,0.2111672035987055,0.1727663045692786,0.09525881777596884,0.12826965012896785,0.0021747837158201397,0.010069101566337831,0.7,0.2,0.5,19,0.568465256040607,1.7223785890319092
28,11,0.11469238522990842,0.19860407386359624,0.21093793099392655,0.17595204352177568,0.09502901221822105,0.12793511842113575,0.0021748702842663897,0.010078866120366351,0.7,0.2,0.5,20,0.5683618011638273,1.7790952193984344
28,12,0.11473661840762983,0.19864830893373384,0.21098216606406414,0.18282630168010108,0.09507325839155693,0.1280019710404247,0.0021748111974834,0.01007376622835016,0.7,0.2,0.5,22,0.5684192661293814,1.912374041583367
29,0,0.960079081832374,0.6496188400815242,0.647564473361431,0.1492060592396898,0.0,0.0,0.0,0.0,0.7,0.2,0.5,1,16.993983579482386,12.81340569132449
29,1,0.5533879157344803,0.5638900452243393,0.5612224989199829,0.1450877924458939,0.13715729122280365,0.02682848992281025,9.036738947553e-05,0.00010179565290285,0.7,0.2,0.5,3,9.625730382942278,8.199992216088209
29,2,0.0824110863876937,0.20683274549167724,0.20781646719184504,0.08682635878382541,0.9043387601301667,0.052048604497042114,0.00219891878579197,0.00436247660382706,0.7,0.2,0.5,4,0.6852877312862043,3.057907560523572
29,3,0.7401137697027083,0.8145392172752649,0.8092398372423301,0.733516205005758,0.8686876997355536,1.0,0.00132311204071659,0.03620326798304978,0.7,0.2,0.5,5,0.4196371265272766,15.71369122616752
29,4,0.7400703704915294,0.8144944615510771,0.8091950767888584,0.7418432688964276,0.7183255065277451,1.0,0.0013292150642003199,0.03611504327851462,0.7,0.2,0.5,7,0.4193500241604462,10.94303132039446
29,5,0.740113009791079,0.8145364213103393,0.8092370213841231,0.7371147619120275,0.7183666714743618,1.0,0.00132311204071659,0.03620326798304978,0.7,0.2,0.5,12,0.4189897907007694,15.733157852903418
29,6,0.7401512099237049,0.8196473832444736,0.8202409753119939,0.7813480698805588,0.7184374224923687,1.0,0.00132182325834915,0.03629289747698755,0.7,0.2,0.5,14,0.4175550762877074,357.20357405904576
29,7,1.0730738256780445,1.1678393306735155,1.1861122927898757,1.1649409188739757,1.0513337927303632,0.7327311766816752,0.19210872761142647,1.0,0.7,0.2,0.5,19,0.4174506994496813,10.909655197598587
29,9,1.0729552115254624,1.177900060792752,1.2079592557309162,1.2278140582874586,1.0512151253784863,0.7326022331450384,0.19196779905770664,1.0,0.7,0.2,0.5,32,0.4177605916223435,2.266436912951947
29,10,1.0537944012035523,1.199458441341613,1.2766626677346453,1.480952575370083,1.0320543136759306,0.7325765572821031,0.09625361469897828,1.0,0.7,0.2,0.5,82,0.4177805423234531,2.404143954821787
30,0,0.9625864305621161,0.6500894941773254,0.6480378703234323,0.1493291725398865,0.0,0.0,0.0,0.0,0.7,0.2,0.5,1,16.32087691023807,14.476418932606492
30,1,0.5509133464117099,0.5640111262415957,0.5613360516932525,0.1461574968464039,0.14054898511336014,0.028819957077912538,9.172344085481e-05,0.0001248530163028,0.7,0.2,0.5,3,9.496401339980675,9.189807439021438
30,2,0.1006837893888502,0.19172666825316487,0.18655963874700576,0.09083653499579951,1.0386288284698248,0.09027378420261743,0.00519070284250149,0.017506516017279768,0.7,0.2,0.5,4,1.5527292312126155,2.100401145584924
30,3,0.31553972379978923,0.35885762989919096,0.35331689264783483,0.30829086359784214,0.4447785874151465,0.4276248861108202,0.00134296663558946,0.008492109308535719,0.7,0.2,0.5,5,1.138781073753581,16.77851323474442
30,4,0.3124662720179084,0.34820051829990284,0.3426038907550038,0.31299179889941336,0.31314731027207166,0.42593296281479365,0.0013504893111159,0.008601332580902791,0.7,0.2,0.5,7,1.1982323828634898,46.15151676017554
30,5,0.19182589058293484,0.22644056197202345,0.22083568553132707,0.2064004964820438,0.18395401788469598,0.18003825860600856,0.0125098649360099,0.1076836952738222,0.7,0.2,0.5,9,1.1657864041854555,1.7619819448460443
30,6,0.5223017022005706,0.5617949948012628,0.5620816729104063,0.5396297594356979,0.5130508000424513,0.6881130119030356,0.0083701453030846,0.0590949968772458,0.7,0.2,0.5,13,1.169635624092219,25.73620655194766
30,7,0.5229869530929386,0.5573894144307682,0.5517830054499949,0.5482044146569854,0.5135874242881621,0.6890961329140064,0.00837917663208851,0.0590859817912323,0.7,0.2,0.5,15,1.170002694659818,19.307777153952184
30,8,0.5229841238524037,0.5624654887531078,0.5627520787001175,0.5649787363040315,0.5136017802098114,0.6890961329140063,0.00837917663208853,0.05908598179123229,0.7,0.2,0.5,17,1.166090752049772,19.228806262776004
30,9,0.38405319493156387,0.4337118797424887,0.44578470473849424,0.46042490190548013,0.3746564030326717,0.5084252433281957,0.00791384516055435,0.03435075977180227,0.7,0.2,0.5,29,1.16698293875905,12.562065309988888
30,10,0.4034142097002056,0.4530710436782895,0.4651438691623679,0.4932973852550918,0.39401910745224594,0.5297777341988711,0.01107179077493578,0.041917082120248125,0.7,0.2,0.5,32,1.1674237316829512,49.858344364359326
30,11,0.403394601677068,0.45814127159104245,0.47610722367669994,0.5145000393334498,0.3939978257414877,0.5297507289308256,0.01107112009561758,0.041915971292964385,0.7,0.2,0.5,34,1.1672656511087387,49.85428024754741
30,12,0.4034171849703743,0.47343355395295633,0.5090788576359618,0.5350126947652911,0.3940203093598274,0.5297826552011266,0.011071123531706039,0.04191644497043971,0.7,0.2,0.5,42,1.167335364966119,49.85421137831501
30,13,0.4033427232347572,0.4682691218197109,0.4980213262389673,0.563875390125834,0.3939458854551615,0.5296799437118885,0.01107076071325678,0.04191147487881196,0.7,0.2,0.5,44,1.1672175136739054,42.94955622288831
30,14,0.40348419096670984,0.48877018544743317,0.5420948671960572,0.6965301626045434,0.3940873195536219,0.5298506844542683,0.01109387896585097,0.041946127269225766,0.7,0.2,0.5,72,1.1671771811978695,47.61980005951269
